county_fips,year_id,state_abbrev,county_desc,rucc_code,rural_urban_group,rucc_description,active_pharmacies,openings_in_year,closures_in_year,pharmacies_per_10k_benes,pharmacy_count_change_2019_2023,pharmacy_density_change_2019_2023,benes_ffs_cnt,benes_total_cnt,tot_mdcr_stdzd_pymt_pc,ip_mdcr_stdzd_pymt_pc,op_mdcr_stdzd_pymt_pc,inpatient_spend_share,outpatient_spend_share,er_visits_per_1000,acute_hosp_readmsn_pct,pqi03_dbts_age_lt_65,pqi03_dbts_age_65_74,pqi03_dbts_age_ge_75,pqi05_copd_asthma_age_40_64,pqi05_copd_asthma_age_65_74,pqi05_copd_asthma_age_ge_75,pqi07_hyprtnsn_age_lt_65,pqi07_hyprtnsn_age_65_74,pqi07_hyprtnsn_age_ge_75,pqi08_chf_age_lt_65,pqi08_chf_age_65_74,pqi08_chf_age_ge_75,pqi11_bctrl_pna_age_lt_65,pqi11_bctrl_pna_age_65_74,pqi11_bctrl_pna_age_ge_75
01000,2023,AL,UNKNOWN,NULL,NULL,NULL,NULL,NULL,NULL,NULL,NULL,NULL,NULL,NULL,NULL,NULL,NULL,NULL,NULL,NULL,NULL,NULL,NULL,NULL,NULL,NULL,NULL,NULL,NULL,NULL,NULL,NULL,NULL,NULL,NULL,NULL
01001,2023,AL,Autauga,2,Metro,"Metro - Counties in metro areas of 250,000 to 1 million population",14,0,0,33.3810,1,7.5771,4194,12391,12193.99,3330.98,2500.37,0.273166,0.205049,609.44,0.1952,NULL,NULL,NULL,NULL,NULL,NULL,NULL,NULL,NULL,NULL,NULL,NULL,NULL,NULL,NULL
01003,2023,AL,Baldwin,3,Metro,"Metro - Counties in metro areas of fewer than 250,000 population",90,5,0,37.7027,10,7.1006,23871,64196,12513.63,2725.95,2443.01,0.217838,0.195228,623.94,0.1709,NULL,NULL,NULL,NULL,NULL,NULL,NULL,NULL,NULL,NULL,NULL,NULL,NULL,NULL,NULL
01005,2023,AL,Barbour,6,Nonmetro,"Nonmetro - Urban population of 5,000 to 20,000, adjacent to a metro area",9,0,0,47.7200,0,17.8693,1886,6505,14321.81,3316.70,2117.64,0.231584,0.147861,762.99,0.2460,NULL,NULL,NULL,NULL,NULL,NULL,NULL,NULL,NULL,NULL,NULL,NULL,NULL,NULL,NULL
01007,2023,AL,Bibb,1,Metro,Metro - Counties in metro areas of 1 million population or more,8,1,0,60.8828,2,29.8108,1314,4955,13048.81,3649.81,1775.33,0.279704,0.136053,694.06,0.1627,NULL,NULL,NULL,NULL,NULL,NULL,NULL,NULL,NULL,NULL,NULL,NULL,NULL,NULL,NULL
01009,2023,AL,Blount,1,Metro,Metro - Counties in metro areas of 1 million population or more,14,0,0,36.8809,2,14.1622,3796,13429,13254.69,2881.38,2076.90,0.217386,0.156692,632.77,0.1605,NULL,NULL,NULL,NULL,NULL,NULL,NULL,NULL,NULL,NULL,NULL,NULL,NULL,NULL,NULL
01011,2023,AL,Bullock,8,Nonmetro,"Nonmetro - Urban population of fewer than 5,000, adjacent to a metro area",5,0,0,90.5797,0,40.4795,552,2432,14896.84,4182.89,2415.77,0.280790,0.162167,606.88,0.1680,NULL,NULL,NULL,NULL,NULL,NULL,NULL,NULL,NULL,NULL,NULL,NULL,NULL,NULL,NULL
01013,2023,AL,Butler,6,Nonmetro,"Nonmetro - Urban population of 5,000 to 20,000, adjacent to a metro area",6,0,0,35.6295,1,19.4220,1684,5221,12283.78,2495.52,2185.68,0.203156,0.177932,581.35,0.1391,NULL,NULL,NULL,NULL,NULL,NULL,NULL,NULL,NULL,NULL,NULL,NULL,NULL,NULL,NULL
01015,2023,AL,Calhoun,3,Metro,"Metro - Counties in metro areas of fewer than 250,000 population",43,2,0,37.8755,4,14.8245,11353,28769,13300.19,3267.63,1833.01,0.245683,0.137818,545.41,0.1854,NULL,NULL,NULL,NULL,NULL,NULL,NULL,NULL,NULL,NULL,NULL,NULL,NULL,NULL,NULL
01017,2023,AL,Chambers,6,Nonmetro,"Nonmetro - Urban population of 5,000 to 20,000, adjacent to a metro area",12,0,0,40.6229,0,16.8981,2954,9361,11894.34,3014.87,2214.45,0.253471,0.186177,636.09,0.1299,NULL,NULL,NULL,NULL,NULL,NULL,NULL,NULL,NULL,NULL,NULL,NULL,NULL,NULL,NULL
01019,2023,AL,Cherokee,8,Nonmetro,"Nonmetro - Urban population of fewer than 5,000, adjacent to a metro area",8,0,0,26.7112,0,8.0545,2995,7977,13057.58,3402.53,1752.07,0.260579,0.134180,635.73,0.1847,NULL,NULL,NULL,NULL,NULL,NULL,NULL,NULL,NULL,NULL,NULL,NULL,NULL,NULL,NULL
01021,2023,AL,Chilton,1,Metro,Metro - Counties in metro areas of 1 million population or more,10,0,0,40.0000,0,11.4693,2500,10406,13793.80,3154.70,1837.95,0.228704,0.133245,653.60,0.1623,NULL,NULL,NULL,NULL,NULL,NULL,NULL,NULL,NULL,NULL,NULL,NULL,NULL,NULL,NULL
01023,2023,AL,Choctaw,9,Nonmetro,"Nonmetro - Urban population of fewer than 5,000, not adjacent to a metro area",4,0,0,24.2866,0,10.1123,1647,3959,14347.30,2918.27,2667.15,0.203402,0.185899,764.42,0.1420,NULL,NULL,NULL,NULL,NULL,NULL,NULL,NULL,NULL,NULL,NULL,NULL,NULL,NULL,NULL
01025,2023,AL,Clarke,9,Nonmetro,"Nonmetro - Urban population of fewer than 5,000, not adjacent to a metro area",13,0,0,68.0628,0,25.2715,1910,6662,12092.79,2769.89,2085.87,0.229053,0.172489,753.40,0.2022,NULL,NULL,NULL,NULL,NULL,NULL,NULL,NULL,NULL,NULL,NULL,NULL,NULL,NULL,NULL
01027,2023,AL,Clay,9,Nonmetro,"Nonmetro - Urban population of fewer than 5,000, not adjacent to a metro area",4,0,0,31.1769,0,12.0564,1283,3847,11148.66,3095.45,2269.75,0.277652,0.203589,583.79,0.1260,NULL,NULL,NULL,NULL,NULL,NULL,NULL,NULL,NULL,NULL,NULL,NULL,NULL,NULL,NULL
01029,2023,AL,Cleburne,8,Nonmetro,"Nonmetro - Urban population of fewer than 5,000, adjacent to a metro area",3,0,0,17.6056,0,5.1626,1704,3762,12218.37,2601.36,2135.67,0.212906,0.174792,551.06,0.1341,NULL,NULL,NULL,NULL,NULL,NULL,NULL,NULL,NULL,NULL,NULL,NULL,NULL,NULL,NULL
01031,2023,AL,Coffee,4,Nonmetro,"Nonmetro - Urban population of 20,000 or more, adjacent to a metro area",21,1,0,39.4589,2,12.9226,5322,11977,11603.58,2528.64,1823.67,0.217919,0.157164,652.01,0.1649,NULL,NULL,NULL,NULL,NULL,NULL,NULL,NULL,NULL,NULL,NULL,NULL,NULL,NULL,NULL
01033,2023,AL,Colbert,3,Metro,"Metro - Counties in metro areas of fewer than 250,000 population",31,2,0,51.8481,4,21.9643,5979,15108,12736.37,2936.25,1881.32,0.230541,0.147712,611.81,0.1663,NULL,NULL,NULL,NULL,NULL,NULL,NULL,NULL,NULL,NULL,NULL,NULL,NULL,NULL,NULL
01035,2023,AL,Conecuh,9,Nonmetro,"Nonmetro - Urban population of fewer than 5,000, not adjacent to a metro area",7,0,0,53.1915,1,28.0026,1316,3688,11929.47,3288.59,1731.81,0.275669,0.145171,680.85,0.1810,NULL,NULL,NULL,NULL,NULL,NULL,NULL,NULL,NULL,NULL,NULL,NULL,NULL,NULL,NULL
01037,2023,AL,Coosa,8,Nonmetro,"Nonmetro - Urban population of fewer than 5,000, adjacent to a metro area",2,0,0,19.7824,1,13.6248,1011,3255,12300.83,2760.25,2829.36,0.224395,0.230014,592.48,0.1273,NULL,NULL,NULL,NULL,NULL,NULL,NULL,NULL,NULL,NULL,NULL,NULL,NULL,NULL,NULL
01039,2023,AL,Covington,6,Nonmetro,"Nonmetro - Urban population of 5,000 to 20,000, adjacent to a metro area",15,0,0,33.5196,0,11.7268,4475,10668,13099.32,3204.76,2328.64,0.244651,0.177768,794.19,0.1809,NULL,NULL,NULL,NULL,NULL,NULL,NULL,NULL,NULL,NULL,NULL,NULL,NULL,NULL,NULL
01041,2023,AL,Crenshaw,8,Nonmetro,"Nonmetro - Urban population of fewer than 5,000, adjacent to a metro area",5,0,0,42.7350,0,15.6641,1170,3653,11930.32,2746.01,2102.36,0.230171,0.176220,813.68,0.1413,NULL,NULL,NULL,NULL,NULL,NULL,NULL,NULL,NULL,NULL,NULL,NULL,NULL,NULL,NULL
01043,2023,AL,Cullman,4,Nonmetro,"Nonmetro - Urban population of 20,000 or more, adjacent to a metro area",40,1,0,48.4790,3,14.0091,8251,21725,13269.04,3116.85,1704.96,0.234896,0.128492,615.56,0.1944,NULL,NULL,NULL,NULL,NULL,NULL,NULL,NULL,NULL,NULL,NULL,NULL,NULL,NULL,NULL
01045,2023,AL,Dale,4,Nonmetro,"Nonmetro - Urban population of 20,000 or more, adjacent to a metro area",14,0,0,29.6234,1,10.7281,4726,11706,12425.31,2697.94,1931.58,0.217133,0.155455,711.38,0.1532,NULL,NULL,NULL,NULL,NULL,NULL,NULL,NULL,NULL,NULL,NULL,NULL,NULL,NULL,NULL
01047,2023,AL,Dallas,4,Nonmetro,"Nonmetro - Urban population of 20,000 or more, adjacent to a metro area",14,0,0,56.5428,1,28.5135,2476,10139,12574.24,3390.30,1971.00,0.269623,0.156749,642.97,0.2297,NULL,NULL,NULL,NULL,NULL,NULL,NULL,NULL,NULL,NULL,NULL,NULL,NULL,NULL,NULL
01049,2023,AL,DeKalb,6,Nonmetro,"Nonmetro - Urban population of 5,000 to 20,000, adjacent to a metro area",23,1,0,34.5397,1,10.9523,6659,16539,11990.12,2787.37,1906.15,0.232472,0.158977,535.37,0.1595,NULL,NULL,NULL,NULL,NULL,NULL,NULL,NULL,NULL,NULL,NULL,NULL,NULL,NULL,NULL
01051,2023,AL,Elmore,2,Metro,"Metro - Counties in metro areas of 250,000 to 1 million population",23,0,0,33.6700,0,5.4664,6831,19812,11974.14,3107.78,2732.54,0.259541,0.228203,544.87,0.1966,NULL,NULL,NULL,NULL,NULL,NULL,NULL,NULL,NULL,NULL,NULL,NULL,NULL,NULL,NULL
01053,2023,AL,Escambia,6,Nonmetro,"Nonmetro - Urban population of 5,000 to 20,000, adjacent to a metro area",14,0,0,43.7500,0,14.8602,3200,9266,14471.74,3621.10,2608.22,0.250219,0.180229,861.25,0.2071,NULL,NULL,NULL,NULL,NULL,NULL,NULL,NULL,NULL,NULL,NULL,NULL,NULL,NULL,NULL
01055,2023,AL,Etowah,3,Metro,"Metro - Counties in metro areas of fewer than 250,000 population",38,1,0,42.8797,1,15.2575,8862,27579,14496.42,3665.91,1930.57,0.252884,0.133176,616.11,0.1794,NULL,NULL,NULL,NULL,NULL,NULL,NULL,NULL,NULL,NULL,NULL,NULL,NULL,NULL,NULL
01057,2023,AL,Fayette,8,Nonmetro,"Nonmetro - Urban population of fewer than 5,000, adjacent to a metro area",12,0,0,57.7756,0,17.6820,2077,4701,12734.19,3090.94,2285.86,0.242728,0.179506,631.20,0.1552,NULL,NULL,NULL,NULL,NULL,NULL,NULL,NULL,NULL,NULL,NULL,NULL,NULL,NULL,NULL
01059,2023,AL,Franklin,6,Nonmetro,"Nonmetro - Urban population of 5,000 to 20,000, adjacent to a metro area",18,0,0,57.4713,0,20.6313,3132,7047,14045.07,3145.22,1963.40,0.223938,0.139793,669.86,0.1936,NULL,NULL,NULL,NULL,NULL,NULL,NULL,NULL,NULL,NULL,NULL,NULL,NULL,NULL,NULL
01061,2023,AL,Geneva,3,Metro,"Metro - Counties in metro areas of fewer than 250,000 population",15,0,0,54.6847,1,22.2473,2743,7343,12498.96,2686.97,1611.92,0.214975,0.128964,697.05,0.1482,NULL,NULL,NULL,NULL,NULL,NULL,NULL,NULL,NULL,NULL,NULL,NULL,NULL,NULL,NULL
01063,2023,AL,Greene,2,Metro,"Metro - Counties in metro areas of 250,000 to 1 million population",2,0,0,31.2500,0,17.1952,640,2395,12813.88,3172.72,1667.76,0.247600,0.130153,556.25,0.1654,NULL,NULL,NULL,NULL,NULL,NULL,NULL,NULL,NULL,NULL,NULL,NULL,NULL,NULL,NULL
01065,2023,AL,Hale,2,Metro,"Metro - Counties in metro areas of 250,000 to 1 million population",5,0,0,38.2848,0,19.5301,1306,4272,11775.91,2957.51,1900.11,0.251149,0.161356,654.67,0.2346,NULL,NULL,NULL,NULL,NULL,NULL,NULL,NULL,NULL,NULL,NULL,NULL,NULL,NULL,NULL
01067,2023,AL,Henry,3,Metro,"Metro - Counties in metro areas of fewer than 250,000 population",7,0,0,42.1687,1,18.1302,1660,5341,12623.27,2936.25,1994.46,0.232606,0.157999,542.17,0.1224,NULL,NULL,NULL,NULL,NULL,NULL,NULL,NULL,NULL,NULL,NULL,NULL,NULL,NULL,NULL
01069,2023,AL,Houston,3,Metro,"Metro - Counties in metro areas of fewer than 250,000 population",51,0,0,55.0399,0,17.4819,9266,26516,13501.04,3103.23,1893.31,0.229851,0.140234,581.26,0.1613,NULL,NULL,NULL,NULL,NULL,NULL,NULL,NULL,NULL,NULL,NULL,NULL,NULL,NULL,NULL
01071,2023,AL,Jackson,6,Nonmetro,"Nonmetro - Urban population of 5,000 to 20,000, adjacent to a metro area",21,0,0,34.7567,5,15.7317,6042,14214,12178.83,2695.44,1806.87,0.221322,0.148362,559.91,0.1683,NULL,NULL,NULL,NULL,NULL,NULL,NULL,NULL,NULL,NULL,NULL,NULL,NULL,NULL,NULL
01073,2023,AL,Jefferson,1,Metro,Metro - Counties in metro areas of 1 million population or more,330,4,0,92.0168,20,28.0835,35863,141309,13518.31,3274.83,2017.35,0.242251,0.149231,620.47,0.1910,NULL,NULL,NULL,NULL,NULL,NULL,NULL,NULL,NULL,NULL,NULL,NULL,NULL,NULL,NULL
01075,2023,AL,Lamar,8,Nonmetro,"Nonmetro - Urban population of fewer than 5,000, adjacent to a metro area",7,0,0,33.2226,0,8.9508,2107,3979,12975.83,3232.86,2792.17,0.249145,0.215182,656.86,0.2000,NULL,NULL,NULL,NULL,NULL,NULL,NULL,NULL,NULL,NULL,NULL,NULL,NULL,NULL,NULL
01077,2023,AL,Lauderdale,3,Metro,"Metro - Counties in metro areas of fewer than 250,000 population",46,2,0,44.2606,4,14.5113,10393,24234,12348.22,3051.68,1538.55,0.247135,0.124597,537.00,0.1735,NULL,NULL,NULL,NULL,NULL,NULL,NULL,NULL,NULL,NULL,NULL,NULL,NULL,NULL,NULL
01079,2023,AL,Lawrence,3,Metro,"Metro - Counties in metro areas of fewer than 250,000 population",11,0,0,34.4396,1,13.6970,3194,8296,12490.90,2988.66,1615.37,0.239267,0.129324,621.48,0.1606,NULL,NULL,NULL,NULL,NULL,NULL,NULL,NULL,NULL,NULL,NULL,NULL,NULL,NULL,NULL
01081,2023,AL,Lee,3,Metro,"Metro - Counties in metro areas of fewer than 250,000 population",53,5,0,48.3312,13,18.3956,10966,29121,11046.75,2601.13,2377.04,0.235466,0.215180,513.95,0.1359,NULL,NULL,NULL,NULL,NULL,NULL,NULL,NULL,NULL,NULL,NULL,NULL,NULL,NULL,NULL
01083,2023,AL,Limestone,2,Metro,"Metro - Counties in metro areas of 250,000 to 1 million population",26,0,0,27.8075,2,5.8516,9350,21299,12085.81,2678.41,1898.13,0.221616,0.157054,560.32,0.1522,NULL,NULL,NULL,NULL,NULL,NULL,NULL,NULL,NULL,NULL,NULL,NULL,NULL,NULL,NULL
01085,2023,AL,Lowndes,2,Metro,"Metro - Counties in metro areas of 250,000 to 1 million population",4,0,0,62.4025,0,20.0745,641,3178,12449.06,3511.88,2776.18,0.282100,0.223003,581.90,0.2675,NULL,NULL,NULL,NULL,NULL,NULL,NULL,NULL,NULL,NULL,NULL,NULL,NULL,NULL,NULL
01087,2023,AL,Macon,3,Metro,"Metro - Counties in metro areas of fewer than 250,000 population",6,0,0,48.1928,0,17.1690,1245,4854,11147.00,3178.19,2026.47,0.285116,0.181795,560.64,0.1622,NULL,NULL,NULL,NULL,NULL,NULL,NULL,NULL,NULL,NULL,NULL,NULL,NULL,NULL,NULL
01089,2023,AL,Madison,2,Metro,"Metro - Counties in metro areas of 250,000 to 1 million population",146,4,0,41.1976,7,6.7584,35439,77483,12533.54,2744.66,1814.15,0.218985,0.144744,539.01,0.1571,NULL,NULL,NULL,NULL,NULL,NULL,NULL,NULL,NULL,NULL,NULL,NULL,NULL,NULL,NULL
01091,2023,AL,Marengo,6,Nonmetro,"Nonmetro - Urban population of 5,000 to 20,000, adjacent to a metro area",6,0,0,30.8642,2,19.1683,1944,5616,13083.67,3202.53,2260.92,0.244773,0.172805,602.37,0.1831,NULL,NULL,NULL,NULL,NULL,NULL,NULL,NULL,NULL,NULL,NULL,NULL,NULL,NULL,NULL
01093,2023,AL,Marion,9,Nonmetro,"Nonmetro - Urban population of fewer than 5,000, not adjacent to a metro area",20,0,0,52.3697,0,15.9531,3819,7763,13038.49,3117.18,2153.57,0.239075,0.165170,708.56,0.1542,NULL,NULL,NULL,NULL,NULL,NULL,NULL,NULL,NULL,NULL,NULL,NULL,NULL,NULL,NULL
01095,2023,AL,Marshall,4,Nonmetro,"Nonmetro - Urban population of 20,000 or more, adjacent to a metro area",43,1,0,46.8767,2,15.8232,9173,22604,12238.71,2568.15,2425.75,0.209838,0.198203,569.28,0.1512,NULL,NULL,NULL,NULL,NULL,NULL,NULL,NULL,NULL,NULL,NULL,NULL,NULL,NULL,NULL
01097,2023,AL,Mobile,2,Metro,"Metro - Counties in metro areas of 250,000 to 1 million population",165,6,0,74.6911,13,24.6763,22091,92078,14043.07,3532.03,2027.16,0.251514,0.144353,639.04,0.1903,NULL,NULL,NULL,NULL,NULL,NULL,NULL,NULL,NULL,NULL,NULL,NULL,NULL,NULL,NULL
01099,2023,AL,Monroe,8,Nonmetro,"Nonmetro - Urban population of fewer than 5,000, adjacent to a metro area",8,0,0,48.3092,1,23.6439,1656,5557,11614.50,2845.86,1997.02,0.245026,0.171942,774.76,0.1789,NULL,NULL,NULL,NULL,NULL,NULL,NULL,NULL,NULL,NULL,NULL,NULL,NULL,NULL,NULL
01101,2023,AL,Montgomery,2,Metro,"Metro - Counties in metro areas of 250,000 to 1 million population",92,2,0,66.1966,6,19.1378,13898,47047,11213.03,2765.70,2324.56,0.246651,0.207309,531.16,0.2009,NULL,NULL,NULL,NULL,NULL,NULL,NULL,NULL,NULL,NULL,NULL,NULL,NULL,NULL,NULL
01103,2023,AL,Morgan,3,Metro,"Metro - Counties in metro areas of fewer than 250,000 population",55,0,0,45.5713,3,14.0179,12069,28249,12690.02,2751.64,1659.50,0.216835,0.130772,552.66,0.1611,NULL,NULL,NULL,NULL,NULL,NULL,NULL,NULL,NULL,NULL,NULL,NULL,NULL,NULL,NULL
01105,2023,AL,Perry,8,Nonmetro,"Nonmetro - Urban population of fewer than 5,000, adjacent to a metro area",3,0,0,42.9799,0,21.5513,698,2690,11012.13,2678.95,1480.44,0.243273,0.134437,504.30,0.1805,NULL,NULL,NULL,NULL,NULL,NULL,NULL,NULL,NULL,NULL,NULL,NULL,NULL,NULL,NULL
01107,2023,AL,Pickens,2,Metro,"Metro - Counties in metro areas of 250,000 to 1 million population",6,0,0,30.5499,0,13.0827,1964,5141,11706.63,2742.72,2028.38,0.234288,0.173268,540.22,0.1352,NULL,NULL,NULL,NULL,NULL,NULL,NULL,NULL,NULL,NULL,NULL,NULL,NULL,NULL,NULL
01109,2023,AL,Pike,6,Nonmetro,"Nonmetro - Urban population of 5,000 to 20,000, adjacent to a metro area",11,0,0,53.4240,0,19.9893,2059,7018,12331.93,2682.75,2203.23,0.217545,0.178661,679.94,0.1658,NULL,NULL,NULL,NULL,NULL,NULL,NULL,NULL,NULL,NULL,NULL,NULL,NULL,NULL,NULL
01111,2023,AL,Randolph,8,Nonmetro,"Nonmetro - Urban population of fewer than 5,000, adjacent to a metro area",13,1,0,50.9404,2,21.0816,2552,6470,12513.95,2860.37,2626.21,0.228575,0.209863,684.17,0.1473,NULL,NULL,NULL,NULL,NULL,NULL,NULL,NULL,NULL,NULL,NULL,NULL,NULL,NULL,NULL
01113,2023,AL,Russell,2,Metro,"Metro - Counties in metro areas of 250,000 to 1 million population",14,0,0,31.4465,2,11.9152,4452,12461,11794.75,2864.76,1834.54,0.242884,0.155539,612.08,0.2306,NULL,NULL,NULL,NULL,NULL,NULL,NULL,NULL,NULL,NULL,NULL,NULL,NULL,NULL,NULL
01115,2023,AL,St. Clair,1,Metro,Metro - Counties in metro areas of 1 million population or more,25,0,0,42.9923,1,10.4940,5815,21280,13267.78,3310.64,2006.83,0.249525,0.151256,573.86,0.2042,NULL,NULL,NULL,NULL,NULL,NULL,NULL,NULL,NULL,NULL,NULL,NULL,NULL,NULL,NULL
01117,2023,AL,Shelby,1,Metro,Metro - Counties in metro areas of 1 million population or more,92,1,0,66.2299,4,12.2620,13891,44057,13341.48,2894.58,2021.68,0.216961,0.151533,526.74,0.1671,NULL,NULL,NULL,NULL,NULL,NULL,NULL,NULL,NULL,NULL,NULL,NULL,NULL,NULL,NULL
01119,2023,AL,Sumter,8,Nonmetro,"Nonmetro - Urban population of fewer than 5,000, adjacent to a metro area",4,0,0,41.1946,0,21.4999,971,3329,12031.56,2478.80,2149.25,0.206025,0.178634,579.81,0.1596,NULL,NULL,NULL,NULL,NULL,NULL,NULL,NULL,NULL,NULL,NULL,NULL,NULL,NULL,NULL
01121,2023,AL,Talladega,4,Nonmetro,"Nonmetro - Urban population of 20,000 or more, adjacent to a metro area",27,1,0,44.5692,4,19.0448,6058,21119,13560.26,3549.48,2470.63,0.261756,0.182196,625.29,0.1934,NULL,NULL,NULL,NULL,NULL,NULL,NULL,NULL,NULL,NULL,NULL,NULL,NULL,NULL,NULL
01123,2023,AL,Tallapoosa,6,Nonmetro,"Nonmetro - Urban population of 5,000 to 20,000, adjacent to a metro area",16,0,0,38.9294,2,16.3269,4110,12189,12274.67,2841.56,2982.57,0.231498,0.242986,624.82,0.1585,NULL,NULL,NULL,NULL,NULL,NULL,NULL,NULL,NULL,NULL,NULL,NULL,NULL,NULL,NULL
01125,2023,AL,Tuscaloosa,2,Metro,"Metro - Counties in metro areas of 250,000 to 1 million population",67,0,0,49.6186,5,15.6609,13503,39746,12609.44,3184.53,2199.19,0.252551,0.174408,514.40,0.1867,NULL,NULL,NULL,NULL,NULL,NULL,NULL,NULL,NULL,NULL,NULL,NULL,NULL,NULL,NULL
01127,2023,AL,Walker,1,Metro,Metro - Counties in metro areas of 1 million population or more,46,0,0,87.8198,5,34.8961,5238,18012,13705.63,3739.73,1755.10,0.272861,0.128057,597.56,0.1922,NULL,NULL,NULL,NULL,NULL,NULL,NULL,NULL,NULL,NULL,NULL,NULL,NULL,NULL,NULL
01129,2023,AL,Washington,8,Nonmetro,"Nonmetro - Urban population of fewer than 5,000, adjacent to a metro area",4,0,0,24.5549,0,9.5060,1629,4544,13926.87,3522.75,1941.61,0.252946,0.139415,686.31,0.1603,NULL,NULL,NULL,NULL,NULL,NULL,NULL,NULL,NULL,NULL,NULL,NULL,NULL,NULL,NULL
01131,2023,AL,Wilcox,9,Nonmetro,"Nonmetro - Urban population of fewer than 5,000, not adjacent to a metro area",3,0,0,34.3643,0,19.8012,873,3330,12544.66,3258.09,1716.54,0.259719,0.136834,800.69,0.1722,NULL,NULL,NULL,NULL,NULL,NULL,NULL,NULL,NULL,NULL,NULL,NULL,NULL,NULL,NULL
01133,2023,AL,Winston,8,Nonmetro,"Nonmetro - Urban population of fewer than 5,000, adjacent to a metro area",16,0,0,64.2570,0,21.4763,2490,6374,13007.21,3447.67,1629.80,0.265058,0.125300,623.29,0.1729,NULL,NULL,NULL,NULL,NULL,NULL,NULL,NULL,NULL,NULL,NULL,NULL,NULL,NULL,NULL
02000,2023,AK,UNKNOWN,NULL,NULL,NULL,NULL,NULL,NULL,NULL,NULL,NULL,NULL,NULL,NULL,NULL,NULL,NULL,NULL,NULL,NULL,NULL,NULL,NULL,NULL,NULL,NULL,NULL,NULL,NULL,NULL,NULL,NULL,NULL,NULL,NULL
02013,2023,AK,Aleutians East,9,Nonmetro,"Nonmetro - Urban population of fewer than 5,000, not adjacent to a metro area",NULL,NULL,NULL,NULL,NULL,NULL,122,171,7913.45,2594.18,2169.33,0.327819,0.274132,180.33,NULL,NULL,NULL,NULL,NULL,NULL,NULL,NULL,NULL,NULL,NULL,NULL,NULL,NULL,NULL,NULL
02016,2023,AK,Aleutians West,9,Nonmetro,"Nonmetro - Urban population of fewer than 5,000, not adjacent to a metro area",0,0,0,0.0000,0,0.0000,145,250,8125.52,3622.04,1240.68,0.445761,0.152689,89.66,NULL,NULL,NULL,NULL,NULL,NULL,NULL,NULL,NULL,NULL,NULL,NULL,NULL,NULL,NULL,NULL
02020,2023,AK,Anchorage,2,Metro,"Metro - Counties in metro areas of 250,000 to 1 million population",77,0,0,20.6861,17,2.6962,37223,45726,9192.93,2645.77,1740.05,0.287805,0.189281,599.71,0.1652,NULL,NULL,NULL,NULL,NULL,NULL,NULL,NULL,NULL,NULL,NULL,NULL,NULL,NULL,NULL
02050,2023,AK,Bethel,7,Nonmetro,"Nonmetro - Urban population of 5,000 to 20,000, not adjacent to a metro area",1,0,0,7.1942,0,-0.6305,1390,1748,8116.22,2363.44,3062.74,0.291200,0.377360,68.35,0.1326,NULL,NULL,NULL,NULL,NULL,NULL,NULL,NULL,NULL,NULL,NULL,NULL,NULL,NULL,NULL
02060,2023,AK,Bristol Bay,9,Nonmetro,"Nonmetro - Urban population of fewer than 5,000, not adjacent to a metro area",NULL,NULL,NULL,NULL,NULL,NULL,127,181,10405.53,3483.56,2798.31,0.334780,0.268925,188.98,NULL,NULL,NULL,NULL,NULL,NULL,NULL,NULL,NULL,NULL,NULL,NULL,NULL,NULL,NULL,NULL
02063,2023,AK,Chugach,9,Nonmetro,"Nonmetro - Urban population of fewer than 5,000, not adjacent to a metro area",6,0,0,340.9091,1,NULL,176,263,12756.78,1868.97,3655.73,0.146508,0.286572,534.09,NULL,NULL,NULL,NULL,NULL,NULL,NULL,NULL,NULL,NULL,NULL,NULL,NULL,NULL,NULL,NULL
02066,2023,AK,Copper River,9,Nonmetro,"Nonmetro - Urban population of fewer than 5,000, not adjacent to a metro area",3,0,0,168.5393,0,NULL,178,239,5332.91,1650.24,1163.78,0.309445,0.218226,292.13,NULL,NULL,NULL,NULL,NULL,NULL,NULL,NULL,NULL,NULL,NULL,NULL,NULL,NULL,NULL,NULL
02068,2023,AK,Denali,9,Nonmetro,"Nonmetro - Urban population of fewer than 5,000, not adjacent to a metro area",NULL,NULL,NULL,NULL,NULL,NULL,266,320,5916.78,1506.23,1396.22,0.254569,0.235976,334.59,NULL,NULL,NULL,NULL,NULL,NULL,NULL,NULL,NULL,NULL,NULL,NULL,NULL,NULL,NULL,NULL
02070,2023,AK,Dillingham,9,Nonmetro,"Nonmetro - Urban population of fewer than 5,000, not adjacent to a metro area",1,0,0,23.5849,0,-1.6040,424,578,14747.37,2000.59,9075.45,0.135657,0.615394,63.68,0.1948,NULL,NULL,NULL,NULL,NULL,NULL,NULL,NULL,NULL,NULL,NULL,NULL,NULL,NULL,NULL
02090,2023,AK,Fairbanks North Star,3,Metro,"Metro - Counties in metro areas of fewer than 250,000 population",29,0,0,25.3674,7,4.2298,11432,13603,7065.32,1703.65,1828.26,0.241128,0.258765,563.07,0.1584,NULL,NULL,NULL,NULL,NULL,NULL,NULL,NULL,NULL,NULL,NULL,NULL,NULL,NULL,NULL
02100,2023,AK,Haines,9,Nonmetro,"Nonmetro - Urban population of fewer than 5,000, not adjacent to a metro area",NULL,NULL,NULL,NULL,NULL,NULL,632,737,11058.37,2198.38,5002.63,0.198798,0.452384,218.35,0.1538,NULL,NULL,NULL,NULL,NULL,NULL,NULL,NULL,NULL,NULL,NULL,NULL,NULL,NULL,NULL
02105,2023,AK,Hoonah-Angoon,9,Nonmetro,"Nonmetro - Urban population of fewer than 5,000, not adjacent to a metro area",NULL,NULL,NULL,NULL,NULL,NULL,490,586,10412.02,1961.88,4225.38,0.188425,0.405818,246.94,NULL,NULL,NULL,NULL,NULL,NULL,NULL,NULL,NULL,NULL,NULL,NULL,NULL,NULL,NULL,NULL
02110,2023,AK,Juneau,5,Nonmetro,"Nonmetro - Urban population of 20,000 or more, not adjacent to a metro area",14,0,0,27.0062,2,1.0771,5184,5958,9425.84,2123.10,2685.47,0.225243,0.284905,525.85,0.1541,NULL,NULL,NULL,NULL,NULL,NULL,NULL,NULL,NULL,NULL,NULL,NULL,NULL,NULL,NULL
02122,2023,AK,Kenai Peninsula,7,Nonmetro,"Nonmetro - Urban population of 5,000 to 20,000, not adjacent to a metro area",20,0,0,16.2575,5,2.2988,12302,14408,9098.60,2235.69,3348.65,0.245718,0.368040,611.36,0.1563,NULL,NULL,NULL,NULL,NULL,NULL,NULL,NULL,NULL,NULL,NULL,NULL,NULL,NULL,NULL
02130,2023,AK,Ketchikan Gateway,7,Nonmetro,"Nonmetro - Urban population of 5,000 to 20,000, not adjacent to a metro area",6,0,0,24.7627,1,2.7847,2423,2867,9887.20,2332.52,4207.48,0.235913,0.425548,741.64,0.1948,NULL,NULL,NULL,NULL,NULL,NULL,NULL,NULL,NULL,NULL,NULL,NULL,NULL,NULL,NULL
02150,2023,AK,Kodiak Island,7,Nonmetro,"Nonmetro - Urban population of 5,000 to 20,000, not adjacent to a metro area",5,0,0,29.5683,1,2.4497,1691,2070,9366.06,2063.30,3216.78,0.220295,0.343451,473.09,0.1571,NULL,NULL,NULL,NULL,NULL,NULL,NULL,NULL,NULL,NULL,NULL,NULL,NULL,NULL,NULL
02158,2023,AK,Kusilvak,9,Nonmetro,"Nonmetro - Urban population of fewer than 5,000, not adjacent to a metro area",NULL,NULL,NULL,NULL,NULL,NULL,513,626,7960.16,2461.55,2259.51,0.309234,0.283852,54.58,NULL,NULL,NULL,NULL,NULL,NULL,NULL,NULL,NULL,NULL,NULL,NULL,NULL,NULL,NULL,NULL
02164,2023,AK,Lake and Peninsula,9,Nonmetro,"Nonmetro - Urban population of fewer than 5,000, not adjacent to a metro area",NULL,NULL,NULL,NULL,NULL,NULL,138,182,8876.24,2615.14,2993.32,0.294622,0.337228,173.91,NULL,NULL,NULL,NULL,NULL,NULL,NULL,NULL,NULL,NULL,NULL,NULL,NULL,NULL,NULL,NULL
02170,2023,AK,Matanuska-Susitna,2,Metro,"Metro - Counties in metro areas of 250,000 to 1 million population",19,0,0,11.9632,2,-0.9852,15882,18901,8731.39,2298.00,1518.31,0.263188,0.173891,552.01,0.1595,NULL,NULL,NULL,NULL,NULL,NULL,NULL,NULL,NULL,NULL,NULL,NULL,NULL,NULL,NULL
02180,2023,AK,Nome,9,Nonmetro,"Nonmetro - Urban population of fewer than 5,000, not adjacent to a metro area",1,0,0,12.9032,0,-1.0050,775,1012,12995.92,2809.67,6299.47,0.216196,0.484727,632.26,0.1827,NULL,NULL,NULL,NULL,NULL,NULL,NULL,NULL,NULL,NULL,NULL,NULL,NULL,NULL,NULL
02185,2023,AK,North Slope,9,Nonmetro,"Nonmetro - Urban population of fewer than 5,000, not adjacent to a metro area",1,0,0,21.7865,0,-1.1493,459,605,19064.37,4742.99,10776.02,0.248788,0.565244,174.29,0.2381,NULL,NULL,NULL,NULL,NULL,NULL,NULL,NULL,NULL,NULL,NULL,NULL,NULL,NULL,NULL
02188,2023,AK,Northwest Arctic,9,Nonmetro,"Nonmetro - Urban population of fewer than 5,000, not adjacent to a metro area",1,0,0,22.0751,0,1.0225,453,659,17709.43,3190.26,11349.37,0.180145,0.640866,172.19,0.1241,NULL,NULL,NULL,NULL,NULL,NULL,NULL,NULL,NULL,NULL,NULL,NULL,NULL,NULL,NULL
02195,2023,AK,Petersburg,9,Nonmetro,"Nonmetro - Urban population of fewer than 5,000, not adjacent to a metro area",1,0,0,12.3001,0,-1.0155,813,933,11123.10,1360.31,4925.23,0.122296,0.442793,387.45,NULL,NULL,NULL,NULL,NULL,NULL,NULL,NULL,NULL,NULL,NULL,NULL,NULL,NULL,NULL,NULL
02198,2023,AK,Prince of Wales-Hyder,9,Nonmetro,"Nonmetro - Urban population of fewer than 5,000, not adjacent to a metro area",2,0,0,21.1416,0,-2.2229,946,1190,8635.64,1996.99,3329.51,0.231250,0.385555,178.65,0.1415,NULL,NULL,NULL,NULL,NULL,NULL,NULL,NULL,NULL,NULL,NULL,NULL,NULL,NULL,NULL
02220,2023,AK,Sitka,7,Nonmetro,"Nonmetro - Urban population of 5,000 to 20,000, not adjacent to a metro area",2,0,0,13.8122,1,6.1080,1448,1691,14079.19,2552.82,6563.19,0.181319,0.466162,96.69,0.1931,NULL,NULL,NULL,NULL,NULL,NULL,NULL,NULL,NULL,NULL,NULL,NULL,NULL,NULL,NULL
02230,2023,AK,Skagway,9,Nonmetro,"Nonmetro - Urban population of fewer than 5,000, not adjacent to a metro area",0,0,0,0.0000,0,0.0000,179,210,8021.13,1559.01,3158.33,0.194363,0.393751,173.18,NULL,NULL,NULL,NULL,NULL,NULL,NULL,NULL,NULL,NULL,NULL,NULL,NULL,NULL,NULL,NULL
02240,2023,AK,Southeast Fairbanks,9,Nonmetro,"Nonmetro - Urban population of fewer than 5,000, not adjacent to a metro area",3,0,0,23.5110,1,6.3730,1276,1507,6465.44,1885.08,1195.68,0.291563,0.184934,311.13,0.2050,NULL,NULL,NULL,NULL,NULL,NULL,NULL,NULL,NULL,NULL,NULL,NULL,NULL,NULL,NULL
02275,2023,AK,Wrangell,9,Nonmetro,"Nonmetro - Urban population of fewer than 5,000, not adjacent to a metro area",3,0,0,55.2486,0,-5.3575,543,624,12527.27,2170.16,6245.06,0.173235,0.498517,180.48,0.1505,NULL,NULL,NULL,NULL,NULL,NULL,NULL,NULL,NULL,NULL,NULL,NULL,NULL,NULL,NULL
02282,2023,AK,Yakutat,9,Nonmetro,"Nonmetro - Urban population of fewer than 5,000, not adjacent to a metro area",NULL,NULL,NULL,NULL,NULL,NULL,96,124,6204.57,1801.97,1739.96,0.290426,0.280432,125.00,NULL,NULL,NULL,NULL,NULL,NULL,NULL,NULL,NULL,NULL,NULL,NULL,NULL,NULL,NULL,NULL
02290,2023,AK,Yukon-Koyukuk,8,Nonmetro,"Nonmetro - Urban population of fewer than 5,000, adjacent to a metro area",NULL,NULL,NULL,NULL,NULL,NULL,786,1017,8652.54,2509.54,2052.89,0.290035,0.237259,474.55,0.1081,NULL,NULL,NULL,NULL,NULL,NULL,NULL,NULL,NULL,NULL,NULL,NULL,NULL,NULL,NULL
04000,2023,AZ,UNKNOWN,NULL,NULL,NULL,NULL,NULL,NULL,NULL,NULL,NULL,NULL,NULL,NULL,NULL,NULL,NULL,NULL,NULL,NULL,NULL,NULL,NULL,NULL,NULL,NULL,NULL,NULL,NULL,NULL,NULL,NULL,NULL,NULL,NULL
04001,2023,AZ,Apache,8,Nonmetro,"Nonmetro - Urban population of fewer than 5,000, adjacent to a metro area",5,0,0,6.4491,0,1.2785,7753,15105,12556.76,3352.60,3548.97,0.266996,0.282634,470.01,0.1967,NULL,NULL,NULL,NULL,NULL,NULL,NULL,NULL,NULL,NULL,NULL,NULL,NULL,NULL,NULL
04003,2023,AZ,Cochise,3,Metro,"Metro - Counties in metro areas of fewer than 250,000 population",26,1,0,15.1075,1,2.4493,17210,37511,9918.76,2209.29,1628.98,0.222739,0.164232,562.41,0.1720,NULL,NULL,NULL,NULL,NULL,NULL,NULL,NULL,NULL,NULL,NULL,NULL,NULL,NULL,NULL
04005,2023,AZ,Coconino,3,Metro,"Metro - Counties in metro areas of fewer than 250,000 population",30,0,0,22.5293,4,5.4465,13316,24134,9820.88,2275.24,1777.37,0.231674,0.180979,421.30,0.1684,NULL,NULL,NULL,NULL,NULL,NULL,NULL,NULL,NULL,NULL,NULL,NULL,NULL,NULL,NULL
04007,2023,AZ,Gila,4,Nonmetro,"Nonmetro - Urban population of 20,000 or more, adjacent to a metro area",13,0,0,12.9741,0,2.5491,10020,18722,11771.02,2304.46,2350.72,0.195774,0.199704,585.43,0.1673,NULL,NULL,NULL,NULL,NULL,NULL,NULL,NULL,NULL,NULL,NULL,NULL,NULL,NULL,NULL
04009,2023,AZ,Graham,7,Nonmetro,"Nonmetro - Urban population of 5,000 to 20,000, not adjacent to a metro area",8,0,0,32.1285,2,12.8916,2490,6649,9588.91,1912.60,2143.47,0.199460,0.223536,551.41,0.1287,NULL,NULL,NULL,NULL,NULL,NULL,NULL,NULL,NULL,NULL,NULL,NULL,NULL,NULL,NULL
04011,2023,AZ,Greenlee,9,Nonmetro,"Nonmetro - Urban population of fewer than 5,000, not adjacent to a metro area",2,0,0,35.3982,1,25.0889,565,1388,8378.26,2152.81,1490.23,0.256952,0.177869,522.12,0.1685,NULL,NULL,NULL,NULL,NULL,NULL,NULL,NULL,NULL,NULL,NULL,NULL,NULL,NULL,NULL
04012,2023,AZ,La Paz,6,Nonmetro,"Nonmetro - Urban population of 5,000 to 20,000, adjacent to a metro area",4,0,0,12.8000,0,2.7320,3125,6734,11280.88,2681.29,2587.08,0.237684,0.229333,652.16,0.1922,NULL,NULL,NULL,NULL,NULL,NULL,NULL,NULL,NULL,NULL,NULL,NULL,NULL,NULL,NULL
04013,2023,AZ,Maricopa,1,Metro,Metro - Counties in metro areas of 1 million population or more,1076,33,0,33.2944,129,5.3606,323177,801458,12758.36,2577.48,1728.34,0.202023,0.135467,528.99,0.1652,NULL,NULL,NULL,NULL,NULL,NULL,NULL,NULL,NULL,NULL,NULL,NULL,NULL,NULL,NULL
04015,2023,AZ,Mohave,3,Metro,"Metro - Counties in metro areas of fewer than 250,000 population",53,1,0,15.4456,8,4.4536,34314,77100,10287.48,2284.76,1958.13,0.222091,0.190341,569.91,0.1532,NULL,NULL,NULL,NULL,NULL,NULL,NULL,NULL,NULL,NULL,NULL,NULL,NULL,NULL,NULL
04017,2023,AZ,Navajo,4,Nonmetro,"Nonmetro - Urban population of 20,000 or more, adjacent to a metro area",18,0,0,12.2984,0,1.5943,14636,27857,10917.74,2679.79,2607.54,0.245453,0.238835,428.40,0.1579,NULL,NULL,NULL,NULL,NULL,NULL,NULL,NULL,NULL,NULL,NULL,NULL,NULL,NULL,NULL
04019,2023,AZ,Pima,1,Metro,Metro - Counties in metro areas of 1 million population or more,240,3,0,25.3603,15,2.9591,94636,262356,10830.49,2222.21,1593.51,0.205181,0.147132,471.89,0.1539,NULL,NULL,NULL,NULL,NULL,NULL,NULL,NULL,NULL,NULL,NULL,NULL,NULL,NULL,NULL
04021,2023,AZ,Pinal,1,Metro,Metro - Counties in metro areas of 1 million population or more,57,0,0,15.5440,3,1.9252,36670,98294,12187.23,2465.83,1894.49,0.202329,0.155449,561.19,0.1705,NULL,NULL,NULL,NULL,NULL,NULL,NULL,NULL,NULL,NULL,NULL,NULL,NULL,NULL,NULL
04023,2023,AZ,Santa Cruz,6,Nonmetro,"Nonmetro - Urban population of 5,000 to 20,000, adjacent to a metro area",7,0,0,23.0643,1,5.1805,3035,11748,8441.27,1722.12,1358.66,0.204012,0.160954,286.66,0.1551,NULL,NULL,NULL,NULL,NULL,NULL,NULL,NULL,NULL,NULL,NULL,NULL,NULL,NULL,NULL
04025,2023,AZ,Yavapai,3,Metro,"Metro - Counties in metro areas of fewer than 250,000 population",58,1,0,11.7580,7,1.9826,49328,94902,9921.69,1915.97,1796.29,0.193109,0.181047,481.71,0.1544,NULL,NULL,NULL,NULL,NULL,NULL,NULL,NULL,NULL,NULL,NULL,NULL,NULL,NULL,NULL
04027,2023,AZ,Yuma,3,Metro,"Metro - Counties in metro areas of fewer than 250,000 population",35,0,0,17.6474,2,4.1422,19833,44098,11355.31,2237.89,2443.57,0.197079,0.215192,586.04,0.1607,NULL,NULL,NULL,NULL,NULL,NULL,NULL,NULL,NULL,NULL,NULL,NULL,NULL,NULL,NULL
05000,2023,AR,UNKNOWN,NULL,NULL,NULL,NULL,NULL,NULL,NULL,NULL,NULL,NULL,NULL,NULL,NULL,NULL,NULL,NULL,NULL,NULL,NULL,NULL,NULL,NULL,NULL,NULL,NULL,NULL,NULL,NULL,NULL,NULL,NULL,NULL,NULL
05001,2023,AR,Arkansas,6,Nonmetro,"Nonmetro - Urban population of 5,000 to 20,000, adjacent to a metro area",10,2,0,39.7141,2,14.9386,2518,4347,11866.94,3084.66,2096.54,0.259937,0.176671,683.48,0.1903,NULL,NULL,NULL,NULL,NULL,NULL,NULL,NULL,NULL,NULL,NULL,NULL,NULL,NULL,NULL
05003,2023,AR,Ashley,7,Nonmetro,"Nonmetro - Urban population of 5,000 to 20,000, not adjacent to a metro area",11,2,0,34.1403,2,12.8032,3222,5378,13741.39,2998.90,2593.61,0.218238,0.188744,687.15,0.1609,NULL,NULL,NULL,NULL,NULL,NULL,NULL,NULL,NULL,NULL,NULL,NULL,NULL,NULL,NULL
05005,2023,AR,Baxter,7,Nonmetro,"Nonmetro - Urban population of 5,000 to 20,000, not adjacent to a metro area",14,0,0,16.6786,1,3.5975,8394,16023,10806.52,2711.82,2289.83,0.250943,0.211893,522.04,0.1608,NULL,NULL,NULL,NULL,NULL,NULL,NULL,NULL,NULL,NULL,NULL,NULL,NULL,NULL,NULL
05007,2023,AR,Benton,2,Metro,"Metro - Counties in metro areas of 250,000 to 1 million population",74,9,0,34.0449,13,9.0028,21736,51142,11458.48,2411.83,1878.14,0.210484,0.163908,577.11,0.1569,NULL,NULL,NULL,NULL,NULL,NULL,NULL,NULL,NULL,NULL,NULL,NULL,NULL,NULL,NULL
05009,2023,AR,Boone,7,Nonmetro,"Nonmetro - Urban population of 5,000 to 20,000, not adjacent to a metro area",10,0,0,17.7588,2,6.1528,5631,11058,10322.98,2290.66,2452.58,0.221899,0.237584,555.67,0.1477,NULL,NULL,NULL,NULL,NULL,NULL,NULL,NULL,NULL,NULL,NULL,NULL,NULL,NULL,NULL
05011,2023,AR,Bradley,7,Nonmetro,"Nonmetro - Urban population of 5,000 to 20,000, not adjacent to a metro area",5,1,0,33.3778,1,14.0448,1498,2596,13260.45,3428.39,2412.51,0.258543,0.181933,740.32,0.1761,NULL,NULL,NULL,NULL,NULL,NULL,NULL,NULL,NULL,NULL,NULL,NULL,NULL,NULL,NULL
05013,2023,AR,Calhoun,9,Nonmetro,"Nonmetro - Urban population of fewer than 5,000, not adjacent to a metro area",1,0,0,15.6250,0,4.0777,640,1230,17537.68,2533.85,1864.83,0.144480,0.106333,650.00,0.1481,NULL,NULL,NULL,NULL,NULL,NULL,NULL,NULL,NULL,NULL,NULL,NULL,NULL,NULL,NULL
05015,2023,AR,Carroll,6,Nonmetro,"Nonmetro - Urban population of 5,000 to 20,000, adjacent to a metro area",11,0,0,31.9582,0,6.9525,3442,8021,10081.45,2090.71,1810.73,0.207382,0.179610,554.04,0.1622,NULL,NULL,NULL,NULL,NULL,NULL,NULL,NULL,NULL,NULL,NULL,NULL,NULL,NULL,NULL
05017,2023,AR,Chicot,9,Nonmetro,"Nonmetro - Urban population of fewer than 5,000, not adjacent to a metro area",7,2,0,57.8035,2,31.6802,1211,2787,14194.97,2506.30,2880.78,0.176563,0.202944,677.13,0.1857,NULL,NULL,NULL,NULL,NULL,NULL,NULL,NULL,NULL,NULL,NULL,NULL,NULL,NULL,NULL
05019,2023,AR,Clark,7,Nonmetro,"Nonmetro - Urban population of 5,000 to 20,000, not adjacent to a metro area",15,2,0,62.9195,4,27.7308,2384,4971,11151.97,2633.90,1926.32,0.236182,0.172734,672.82,0.1730,NULL,NULL,NULL,NULL,NULL,NULL,NULL,NULL,NULL,NULL,NULL,NULL,NULL,NULL,NULL
05021,2023,AR,Clay,9,Nonmetro,"Nonmetro - Urban population of fewer than 5,000, not adjacent to a metro area",13,3,0,55.2956,3,23.9476,2351,4034,14511.98,3386.47,3613.37,0.233357,0.248992,683.96,0.1892,NULL,NULL,NULL,NULL,NULL,NULL,NULL,NULL,NULL,NULL,NULL,NULL,NULL,NULL,NULL
05023,2023,AR,Cleburne,6,Nonmetro,"Nonmetro - Urban population of 5,000 to 20,000, adjacent to a metro area",10,0,0,19.8847,2,7.0990,5029,8863,11641.22,2528.50,2409.09,0.217202,0.206945,595.55,0.1504,NULL,NULL,NULL,NULL,NULL,NULL,NULL,NULL,NULL,NULL,NULL,NULL,NULL,NULL,NULL
05025,2023,AR,Cleveland,8,Nonmetro,"Nonmetro - Urban population of fewer than 5,000, adjacent to a metro area",2,0,0,16.8350,0,3.6771,1188,2085,14306.38,3594.91,3257.69,0.251280,0.227709,680.98,0.1910,NULL,NULL,NULL,NULL,NULL,NULL,NULL,NULL,NULL,NULL,NULL,NULL,NULL,NULL,NULL
05027,2023,AR,Columbia,7,Nonmetro,"Nonmetro - Urban population of 5,000 to 20,000, not adjacent to a metro area",8,1,0,26.6312,1,9.2312,3004,5476,12866.15,2584.27,2271.48,0.200858,0.176547,608.19,0.1416,NULL,NULL,NULL,NULL,NULL,NULL,NULL,NULL,NULL,NULL,NULL,NULL,NULL,NULL,NULL
05029,2023,AR,Conway,6,Nonmetro,"Nonmetro - Urban population of 5,000 to 20,000, adjacent to a metro area",7,0,0,24.5012,0,4.9043,2857,5588,11909.95,2753.43,1986.37,0.231187,0.166782,663.98,0.1906,NULL,NULL,NULL,NULL,NULL,NULL,NULL,NULL,NULL,NULL,NULL,NULL,NULL,NULL,NULL
05031,2023,AR,Craighead,3,Metro,"Metro - Counties in metro areas of fewer than 250,000 population",62,4,0,56.7922,14,21.2050,10917,20694,13205.74,3238.19,3080.64,0.245211,0.233280,640.84,0.1948,NULL,NULL,NULL,NULL,NULL,NULL,NULL,NULL,NULL,NULL,NULL,NULL,NULL,NULL,NULL
05033,2023,AR,Crawford,3,Metro,"Metro - Counties in metro areas of fewer than 250,000 population",17,0,0,28.4138,0,5.0139,5983,15230,11337.34,2713.28,2228.39,0.239322,0.196553,616.91,0.1833,NULL,NULL,NULL,NULL,NULL,NULL,NULL,NULL,NULL,NULL,NULL,NULL,NULL,NULL,NULL
05035,2023,AR,Crittenden,1,Metro,Metro - Counties in metro areas of 1 million population or more,17,0,0,39.8687,2,15.0835,4264,10033,13520.98,3353.82,2085.75,0.248046,0.154260,688.56,0.2049,NULL,NULL,NULL,NULL,NULL,NULL,NULL,NULL,NULL,NULL,NULL,NULL,NULL,NULL,NULL
05037,2023,AR,Cross,6,Nonmetro,"Nonmetro - Urban population of 5,000 to 20,000, adjacent to a metro area",9,1,0,46.4157,1,17.5453,1939,4123,12197.57,3305.40,2693.35,0.270988,0.220810,611.14,0.1670,NULL,NULL,NULL,NULL,NULL,NULL,NULL,NULL,NULL,NULL,NULL,NULL,NULL,NULL,NULL
05039,2023,AR,Dallas,8,Nonmetro,"Nonmetro - Urban population of fewer than 5,000, adjacent to a metro area",4,0,0,43.6205,0,12.1492,917,1995,14631.74,3024.69,3292.27,0.206721,0.225009,704.47,0.1801,NULL,NULL,NULL,NULL,NULL,NULL,NULL,NULL,NULL,NULL,NULL,NULL,NULL,NULL,NULL
05041,2023,AR,Desha,9,Nonmetro,"Nonmetro - Urban population of fewer than 5,000, not adjacent to a metro area",7,0,0,52.5920,0,17.9042,1331,2862,14113.42,2374.05,2574.91,0.168212,0.182444,728.78,0.1333,NULL,NULL,NULL,NULL,NULL,NULL,NULL,NULL,NULL,NULL,NULL,NULL,NULL,NULL,NULL
05043,2023,AR,Drew,7,Nonmetro,"Nonmetro - Urban population of 5,000 to 20,000, not adjacent to a metro area",9,2,0,42.0757,4,25.1438,2139,4060,12548.40,3250.32,2471.81,0.259023,0.196982,580.65,0.1916,NULL,NULL,NULL,NULL,NULL,NULL,NULL,NULL,NULL,NULL,NULL,NULL,NULL,NULL,NULL
05045,2023,AR,Faulkner,2,Metro,"Metro - Counties in metro areas of 250,000 to 1 million population",51,6,0,40.7218,10,13.4539,12524,23290,11872.10,2579.87,2172.86,0.217305,0.183022,563.64,0.1610,NULL,NULL,NULL,NULL,NULL,NULL,NULL,NULL,NULL,NULL,NULL,NULL,NULL,NULL,NULL
05047,2023,AR,Franklin,8,Nonmetro,"Nonmetro - Urban population of fewer than 5,000, adjacent to a metro area",9,1,0,43.6681,1,13.3765,2061,4713,12549.63,3077.26,2655.37,0.245207,0.211590,641.92,0.1868,NULL,NULL,NULL,NULL,NULL,NULL,NULL,NULL,NULL,NULL,NULL,NULL,NULL,NULL,NULL
05049,2023,AR,Fulton,9,Nonmetro,"Nonmetro - Urban population of fewer than 5,000, not adjacent to a metro area",11,1,0,53.9216,2,19.0919,2040,3844,11826.49,2548.61,2980.07,0.215500,0.251983,600.49,0.1421,NULL,NULL,NULL,NULL,NULL,NULL,NULL,NULL,NULL,NULL,NULL,NULL,NULL,NULL,NULL
05051,2023,AR,Garland,3,Metro,"Metro - Counties in metro areas of fewer than 250,000 population",41,2,0,27.0556,5,7.9666,15154,31422,13338.69,2918.46,2033.60,0.218797,0.152459,512.60,0.1871,NULL,NULL,NULL,NULL,NULL,NULL,NULL,NULL,NULL,NULL,NULL,NULL,NULL,NULL,NULL
05053,2023,AR,Grant,2,Metro,"Metro - Counties in metro areas of 250,000 to 1 million population",5,0,0,22.1043,3,15.2125,2262,4374,11044.52,2490.19,2018.70,0.225468,0.182778,566.31,0.1880,NULL,NULL,NULL,NULL,NULL,NULL,NULL,NULL,NULL,NULL,NULL,NULL,NULL,NULL,NULL
05055,2023,AR,Greene,4,Nonmetro,"Nonmetro - Urban population of 20,000 or more, adjacent to a metro area",19,5,0,35.5140,5,14.7763,5350,10271,12264.36,2953.95,3240.12,0.240856,0.264190,597.38,0.1669,NULL,NULL,NULL,NULL,NULL,NULL,NULL,NULL,NULL,NULL,NULL,NULL,NULL,NULL,NULL
05057,2023,AR,Hempstead,6,Nonmetro,"Nonmetro - Urban population of 5,000 to 20,000, adjacent to a metro area",9,0,0,40.0000,1,14.7235,2250,4911,13667.55,3531.63,2159.63,0.258395,0.158011,667.11,0.1718,NULL,NULL,NULL,NULL,NULL,NULL,NULL,NULL,NULL,NULL,NULL,NULL,NULL,NULL,NULL
05059,2023,AR,Hot Spring,6,Nonmetro,"Nonmetro - Urban population of 5,000 to 20,000, adjacent to a metro area",10,0,0,25.9740,2,11.3327,3850,8426,12863.68,2954.85,2041.88,0.229705,0.158732,625.45,0.1676,NULL,NULL,NULL,NULL,NULL,NULL,NULL,NULL,NULL,NULL,NULL,NULL,NULL,NULL,NULL
05061,2023,AR,Howard,8,Nonmetro,"Nonmetro - Urban population of fewer than 5,000, adjacent to a metro area",8,1,0,44.1258,3,22.4056,1813,3288,14106.03,2594.67,2865.36,0.183940,0.203130,717.60,0.1357,NULL,NULL,NULL,NULL,NULL,NULL,NULL,NULL,NULL,NULL,NULL,NULL,NULL,NULL,NULL
05063,2023,AR,Independence,7,Nonmetro,"Nonmetro - Urban population of 5,000 to 20,000, not adjacent to a metro area",19,1,0,35.5007,1,9.2578,5352,9279,13315.82,3468.22,3316.87,0.260459,0.249092,712.07,0.2102,NULL,NULL,NULL,NULL,NULL,NULL,NULL,NULL,NULL,NULL,NULL,NULL,NULL,NULL,NULL
05065,2023,AR,Izard,9,Nonmetro,"Nonmetro - Urban population of fewer than 5,000, not adjacent to a metro area",10,2,0,45.0248,2,18.8554,2221,4430,11343.37,2765.07,2739.92,0.243761,0.241544,565.96,0.1946,NULL,NULL,NULL,NULL,NULL,NULL,NULL,NULL,NULL,NULL,NULL,NULL,NULL,NULL,NULL
05067,2023,AR,Jackson,6,Nonmetro,"Nonmetro - Urban population of 5,000 to 20,000, adjacent to a metro area",11,2,0,55.1932,2,24.4974,1993,3988,13229.79,3330.31,2894.43,0.251728,0.218781,695.94,0.1928,NULL,NULL,NULL,NULL,NULL,NULL,NULL,NULL,NULL,NULL,NULL,NULL,NULL,NULL,NULL
05069,2023,AR,Jefferson,4,Nonmetro,"Nonmetro - Urban population of 20,000 or more, adjacent to a metro area",29,8,0,42.9439,8,21.4956,6753,16267,12664.22,2885.99,2336.27,0.227885,0.184478,685.03,0.2035,NULL,NULL,NULL,NULL,NULL,NULL,NULL,NULL,NULL,NULL,NULL,NULL,NULL,NULL,NULL
05071,2023,AR,Johnson,7,Nonmetro,"Nonmetro - Urban population of 5,000 to 20,000, not adjacent to a metro area",8,0,0,29.8063,2,13.2409,2684,6272,10138.45,2482.88,2124.82,0.244897,0.209580,628.17,0.1699,NULL,NULL,NULL,NULL,NULL,NULL,NULL,NULL,NULL,NULL,NULL,NULL,NULL,NULL,NULL
05073,2023,AR,Lafayette,8,Nonmetro,"Nonmetro - Urban population of fewer than 5,000, adjacent to a metro area",3,0,0,33.1858,0,11.8941,904,1892,12954.67,2967.26,2253.32,0.229049,0.173939,638.27,0.1187,NULL,NULL,NULL,NULL,NULL,NULL,NULL,NULL,NULL,NULL,NULL,NULL,NULL,NULL,NULL
05075,2023,AR,Lawrence,6,Nonmetro,"Nonmetro - Urban population of 5,000 to 20,000, adjacent to a metro area",7,0,0,32.3027,0,8.9304,2167,4497,13812.82,3234.95,3187.86,0.234199,0.230790,724.97,0.2441,NULL,NULL,NULL,NULL,NULL,NULL,NULL,NULL,NULL,NULL,NULL,NULL,NULL,NULL,NULL
05077,2023,AR,Lee,8,Nonmetro,"Nonmetro - Urban population of fewer than 5,000, adjacent to a metro area",4,1,0,51.3479,1,27.1544,779,2046,10636.85,2429.87,2066.71,0.228439,0.194297,563.54,0.1286,NULL,NULL,NULL,NULL,NULL,NULL,NULL,NULL,NULL,NULL,NULL,NULL,NULL,NULL,NULL
05079,2023,AR,Lincoln,9,Nonmetro,"Nonmetro - Urban population of fewer than 5,000, not adjacent to a metro area",4,1,0,31.6957,1,14.7274,1262,2509,13327.99,2518.08,2294.15,0.188932,0.172130,625.20,0.1565,NULL,NULL,NULL,NULL,NULL,NULL,NULL,NULL,NULL,NULL,NULL,NULL,NULL,NULL,NULL
05081,2023,AR,Little River,3,Metro,"Metro - Counties in metro areas of fewer than 250,000 population",6,1,0,33.5758,1,11.6364,1787,3355,13579.75,2940.88,2259.38,0.216564,0.166379,698.94,0.1679,NULL,NULL,NULL,NULL,NULL,NULL,NULL,NULL,NULL,NULL,NULL,NULL,NULL,NULL,NULL
05083,2023,AR,Logan,8,Nonmetro,"Nonmetro - Urban population of fewer than 5,000, adjacent to a metro area",13,0,0,47.6190,1,14.4240,2730,6120,11577.20,2923.28,2463.13,0.252503,0.212757,710.99,0.1864,NULL,NULL,NULL,NULL,NULL,NULL,NULL,NULL,NULL,NULL,NULL,NULL,NULL,NULL,NULL
05085,2023,AR,Lonoke,2,Metro,"Metro - Counties in metro areas of 250,000 to 1 million population",19,0,0,24.3184,1,5.1102,7813,15233,12660.56,2938.90,1942.71,0.232130,0.153446,533.34,0.1739,NULL,NULL,NULL,NULL,NULL,NULL,NULL,NULL,NULL,NULL,NULL,NULL,NULL,NULL,NULL
05087,2023,AR,Madison,2,Metro,"Metro - Counties in metro areas of 250,000 to 1 million population",3,0,0,17.8465,0,3.9512,1681,4394,8918.13,2131.13,1269.23,0.238966,0.142320,496.13,0.1027,NULL,NULL,NULL,NULL,NULL,NULL,NULL,NULL,NULL,NULL,NULL,NULL,NULL,NULL,NULL
05089,2023,AR,Marion,9,Nonmetro,"Nonmetro - Urban population of fewer than 5,000, not adjacent to a metro area",7,0,0,25.5941,1,7.7688,2735,5889,9241.63,2429.98,1973.81,0.262938,0.213578,417.92,0.1422,NULL,NULL,NULL,NULL,NULL,NULL,NULL,NULL,NULL,NULL,NULL,NULL,NULL,NULL,NULL
05091,2023,AR,Miller,3,Metro,"Metro - Counties in metro areas of fewer than 250,000 population",7,0,0,14.1157,0,2.8599,4959,9535,13106.16,2963.09,2142.74,0.226084,0.163491,586.41,0.1470,NULL,NULL,NULL,NULL,NULL,NULL,NULL,NULL,NULL,NULL,NULL,NULL,NULL,NULL,NULL
05093,2023,AR,Mississippi,4,Nonmetro,"Nonmetro - Urban population of 20,000 or more, adjacent to a metro area",21,1,0,60.7287,2,25.8983,3458,8600,12417.30,3156.60,2404.57,0.254210,0.193647,664.55,0.2169,NULL,NULL,NULL,NULL,NULL,NULL,NULL,NULL,NULL,NULL,NULL,NULL,NULL,NULL,NULL
05095,2023,AR,Monroe,9,Nonmetro,"Nonmetro - Urban population of fewer than 5,000, not adjacent to a metro area",8,0,0,86.7679,0,28.9644,922,2054,10949.61,2614.03,1474.35,0.238733,0.134649,598.70,0.1494,NULL,NULL,NULL,NULL,NULL,NULL,NULL,NULL,NULL,NULL,NULL,NULL,NULL,NULL,NULL
05097,2023,AR,Montgomery,8,Nonmetro,"Nonmetro - Urban population of fewer than 5,000, adjacent to a metro area",4,0,0,27.8358,0,7.0025,1437,2800,12353.95,2608.06,1866.26,0.211111,0.151066,427.28,0.1711,NULL,NULL,NULL,NULL,NULL,NULL,NULL,NULL,NULL,NULL,NULL,NULL,NULL,NULL,NULL
05099,2023,AR,Nevada,9,Nonmetro,"Nonmetro - Urban population of fewer than 5,000, not adjacent to a metro area",3,0,0,27.1985,0,7.6163,1103,2237,12376.97,2396.29,2025.16,0.193609,0.163623,611.97,0.1550,NULL,NULL,NULL,NULL,NULL,NULL,NULL,NULL,NULL,NULL,NULL,NULL,NULL,NULL,NULL
05101,2023,AR,Newton,9,Nonmetro,"Nonmetro - Urban population of fewer than 5,000, not adjacent to a metro area",1,0,0,8.6957,0,2.1937,1150,2392,8770.91,2456.98,1615.54,0.280128,0.184193,456.52,0.1793,NULL,NULL,NULL,NULL,NULL,NULL,NULL,NULL,NULL,NULL,NULL,NULL,NULL,NULL,NULL
05103,2023,AR,Ouachita,7,Nonmetro,"Nonmetro - Urban population of 5,000 to 20,000, not adjacent to a metro area",9,0,0,30.8854,1,10.4407,2914,6457,12774.03,2853.33,1986.30,0.223370,0.155495,659.92,0.1810,NULL,NULL,NULL,NULL,NULL,NULL,NULL,NULL,NULL,NULL,NULL,NULL,NULL,NULL,NULL
05105,2023,AR,Perry,2,Metro,"Metro - Counties in metro areas of 250,000 to 1 million population",2,0,0,13.8408,0,2.8999,1445,2868,11932.63,2892.58,2284.55,0.242409,0.191454,564.71,0.1414,NULL,NULL,NULL,NULL,NULL,NULL,NULL,NULL,NULL,NULL,NULL,NULL,NULL,NULL,NULL
05107,2023,AR,Phillips,7,Nonmetro,"Nonmetro - Urban population of 5,000 to 20,000, not adjacent to a metro area",9,0,0,53.3175,2,28.1829,1688,4302,10422.89,2250.00,1866.61,0.215871,0.179088,664.10,0.1303,NULL,NULL,NULL,NULL,NULL,NULL,NULL,NULL,NULL,NULL,NULL,NULL,NULL,NULL,NULL
05109,2023,AR,Pike,9,Nonmetro,"Nonmetro - Urban population of fewer than 5,000, not adjacent to a metro area",8,1,0,49.8753,2,20.6070,1604,2948,12205.17,2726.79,1940.83,0.223413,0.159017,625.94,0.1558,NULL,NULL,NULL,NULL,NULL,NULL,NULL,NULL,NULL,NULL,NULL,NULL,NULL,NULL,NULL
05111,2023,AR,Poinsett,3,Metro,"Metro - Counties in metro areas of fewer than 250,000 population",19,1,0,78.2537,2,32.9687,2428,5811,12857.77,3137.71,2642.93,0.244032,0.205551,663.92,0.1944,NULL,NULL,NULL,NULL,NULL,NULL,NULL,NULL,NULL,NULL,NULL,NULL,NULL,NULL,NULL
05113,2023,AR,Polk,7,Nonmetro,"Nonmetro - Urban population of 5,000 to 20,000, not adjacent to a metro area",10,2,0,31.5856,2,12.1351,3166,5807,10954.91,2366.91,1926.50,0.216059,0.175857,578.33,0.1927,NULL,NULL,NULL,NULL,NULL,NULL,NULL,NULL,NULL,NULL,NULL,NULL,NULL,NULL,NULL
05115,2023,AR,Pope,5,Nonmetro,"Nonmetro - Urban population of 20,000 or more, not adjacent to a metro area",18,2,0,25.7290,2,7.3509,6996,14125,11281.68,2410.05,2052.85,0.213625,0.181963,548.31,0.1404,NULL,NULL,NULL,NULL,NULL,NULL,NULL,NULL,NULL,NULL,NULL,NULL,NULL,NULL,NULL
05117,2023,AR,Prairie,8,Nonmetro,"Nonmetro - Urban population of fewer than 5,000, adjacent to a metro area",4,1,0,33.6134,2,21.6374,1190,2241,12137.54,2854.29,1919.03,0.235162,0.158107,589.08,0.2049,NULL,NULL,NULL,NULL,NULL,NULL,NULL,NULL,NULL,NULL,NULL,NULL,NULL,NULL,NULL
05119,2023,AR,Pulaski,2,Metro,"Metro - Counties in metro areas of 250,000 to 1 million population",196,15,0,48.9976,31,16.4269,40002,85720,11964.84,2763.26,2023.53,0.230948,0.169123,539.40,0.1909,NULL,NULL,NULL,NULL,NULL,NULL,NULL,NULL,NULL,NULL,NULL,NULL,NULL,NULL,NULL
05121,2023,AR,Randolph,7,Nonmetro,"Nonmetro - Urban population of 5,000 to 20,000, not adjacent to a metro area",5,0,0,21.7108,0,5.3281,2303,4834,12939.52,3381.51,2763.20,0.261332,0.213547,574.47,0.1485,NULL,NULL,NULL,NULL,NULL,NULL,NULL,NULL,NULL,NULL,NULL,NULL,NULL,NULL,NULL
05123,2023,AR,St. Francis,6,Nonmetro,"Nonmetro - Urban population of 5,000 to 20,000, adjacent to a metro area",12,3,0,58.7947,5,36.8717,2041,5245,12112.43,3271.41,2128.76,0.270087,0.175750,751.59,0.1848,NULL,NULL,NULL,NULL,NULL,NULL,NULL,NULL,NULL,NULL,NULL,NULL,NULL,NULL,NULL
05125,2023,AR,Saline,2,Metro,"Metro - Counties in metro areas of 250,000 to 1 million population",31,4,0,20.7831,6,7.3430,14916,29446,12317.67,2799.94,2317.38,0.227311,0.188135,556.05,0.1816,NULL,NULL,NULL,NULL,NULL,NULL,NULL,NULL,NULL,NULL,NULL,NULL,NULL,NULL,NULL
05127,2023,AR,Scott,8,Nonmetro,"Nonmetro - Urban population of fewer than 5,000, adjacent to a metro area",6,0,0,49.8339,0,12.5668,1204,2751,12977.13,3083.37,2377.93,0.237600,0.183240,644.52,0.1615,NULL,NULL,NULL,NULL,NULL,NULL,NULL,NULL,NULL,NULL,NULL,NULL,NULL,NULL,NULL
05129,2023,AR,Searcy,9,Nonmetro,"Nonmetro - Urban population of fewer than 5,000, not adjacent to a metro area",3,0,0,22.4719,0,4.7936,1335,2659,9993.37,2275.94,1882.13,0.227745,0.188338,491.39,0.1757,NULL,NULL,NULL,NULL,NULL,NULL,NULL,NULL,NULL,NULL,NULL,NULL,NULL,NULL,NULL
05131,2023,AR,Sebastian,3,Metro,"Metro - Counties in metro areas of fewer than 250,000 population",54,4,0,42.5901,4,10.0698,12679,28900,12271.68,2715.16,2629.35,0.221254,0.214262,612.75,0.1799,NULL,NULL,NULL,NULL,NULL,NULL,NULL,NULL,NULL,NULL,NULL,NULL,NULL,NULL,NULL
05133,2023,AR,Sevier,6,Nonmetro,"Nonmetro - Urban population of 5,000 to 20,000, adjacent to a metro area",8,1,0,46.9484,1,15.6285,1704,3088,13657.08,3077.71,2142.94,0.225356,0.156911,576.29,0.1569,NULL,NULL,NULL,NULL,NULL,NULL,NULL,NULL,NULL,NULL,NULL,NULL,NULL,NULL,NULL
05135,2023,AR,Sharp,9,Nonmetro,"Nonmetro - Urban population of fewer than 5,000, not adjacent to a metro area",11,1,0,35.1887,2,13.6008,3126,6276,12457.05,3351.38,2631.65,0.269035,0.211258,656.75,0.1895,NULL,NULL,NULL,NULL,NULL,NULL,NULL,NULL,NULL,NULL,NULL,NULL,NULL,NULL,NULL
05137,2023,AR,Stone,9,Nonmetro,"Nonmetro - Urban population of fewer than 5,000, not adjacent to a metro area",5,0,0,19.7628,0,4.5003,2530,4525,11583.89,2683.67,2609.37,0.231673,0.225259,627.27,0.1741,NULL,NULL,NULL,NULL,NULL,NULL,NULL,NULL,NULL,NULL,NULL,NULL,NULL,NULL,NULL
05139,2023,AR,Union,7,Nonmetro,"Nonmetro - Urban population of 5,000 to 20,000, not adjacent to a metro area",18,1,0,32.6442,2,10.0070,5514,10012,12196.44,2794.06,1683.49,0.229088,0.138031,604.64,0.1518,NULL,NULL,NULL,NULL,NULL,NULL,NULL,NULL,NULL,NULL,NULL,NULL,NULL,NULL,NULL
05141,2023,AR,Van Buren,8,Nonmetro,"Nonmetro - Urban population of fewer than 5,000, adjacent to a metro area",8,0,0,28.9750,1,9.6913,2761,5631,11370.58,2376.30,2000.79,0.208987,0.175962,591.09,0.1300,NULL,NULL,NULL,NULL,NULL,NULL,NULL,NULL,NULL,NULL,NULL,NULL,NULL,NULL,NULL
05143,2023,AR,Washington,2,Metro,"Metro - Counties in metro areas of 250,000 to 1 million population",81,8,0,43.2900,11,11.0824,18711,39994,11076.48,2304.08,1452.72,0.208016,0.131154,563.09,0.1498,NULL,NULL,NULL,NULL,NULL,NULL,NULL,NULL,NULL,NULL,NULL,NULL,NULL,NULL,NULL
05145,2023,AR,White,4,Nonmetro,"Nonmetro - Urban population of 20,000 or more, adjacent to a metro area",42,3,0,42.9448,8,15.1170,9780,18320,12697.00,3145.26,2651.49,0.247717,0.208828,568.30,0.1864,NULL,NULL,NULL,NULL,NULL,NULL,NULL,NULL,NULL,NULL,NULL,NULL,NULL,NULL,NULL
05147,2023,AR,Woodruff,9,Nonmetro,"Nonmetro - Urban population of fewer than 5,000, not adjacent to a metro area",4,0,0,43.5256,0,13.2913,919,1882,13504.34,3403.20,2566.18,0.252008,0.190026,553.86,0.2455,NULL,NULL,NULL,NULL,NULL,NULL,NULL,NULL,NULL,NULL,NULL,NULL,NULL,NULL,NULL
05149,2023,AR,Yell,9,Nonmetro,"Nonmetro - Urban population of fewer than 5,000, not adjacent to a metro area",10,0,0,39.4789,1,11.6065,2533,5057,12226.47,3314.72,2210.13,0.271110,0.180766,605.21,0.1851,NULL,NULL,NULL,NULL,NULL,NULL,NULL,NULL,NULL,NULL,NULL,NULL,NULL,NULL,NULL
06000,2023,CA,UNKNOWN,NULL,NULL,NULL,NULL,NULL,NULL,NULL,NULL,NULL,NULL,NULL,NULL,NULL,NULL,NULL,NULL,NULL,NULL,NULL,NULL,NULL,NULL,NULL,NULL,NULL,NULL,NULL,NULL,NULL,NULL,NULL,NULL,NULL
06001,2023,CA,Alameda,1,Metro,Metro - Counties in metro areas of 1 million population or more,311,6,0,33.6806,24,6.2228,92338,273375,10711.52,2789.44,1583.53,0.260415,0.147834,598.10,0.1883,NULL,NULL,NULL,NULL,NULL,NULL,NULL,NULL,NULL,NULL,NULL,NULL,NULL,NULL,NULL
06003,2023,CA,Alpine,8,Nonmetro,"Nonmetro - Urban population of fewer than 5,000, adjacent to a metro area",NULL,NULL,NULL,NULL,NULL,NULL,223,280,8998.54,2724.14,1954.34,0.302731,0.217184,959.64,NULL,NULL,NULL,NULL,NULL,NULL,NULL,NULL,NULL,NULL,NULL,NULL,NULL,NULL,NULL,NULL
06005,2023,CA,Amador,6,Nonmetro,"Nonmetro - Urban population of 5,000 to 20,000, adjacent to a metro area",12,0,0,15.8730,3,4.9068,7560,12574,9370.10,2474.00,1822.84,0.264031,0.194538,758.86,0.1685,NULL,NULL,NULL,NULL,NULL,NULL,NULL,NULL,NULL,NULL,NULL,NULL,NULL,NULL,NULL
06007,2023,CA,Butte,3,Metro,"Metro - Counties in metro areas of fewer than 250,000 population",51,1,0,13.7980,4,2.4792,36962,48808,11546.10,3298.46,2484.97,0.285677,0.215222,635.60,0.2193,NULL,NULL,NULL,NULL,NULL,NULL,NULL,NULL,NULL,NULL,NULL,NULL,NULL,NULL,NULL
06009,2023,CA,Calaveras,6,Nonmetro,"Nonmetro - Urban population of 5,000 to 20,000, adjacent to a metro area",11,0,0,9.9719,1,1.2467,11031,14570,9313.27,2352.04,2495.21,0.252547,0.267920,608.74,0.1642,NULL,NULL,NULL,NULL,NULL,NULL,NULL,NULL,NULL,NULL,NULL,NULL,NULL,NULL,NULL
06011,2023,CA,Colusa,6,Nonmetro,"Nonmetro - Urban population of 5,000 to 20,000, adjacent to a metro area",3,0,0,8.9793,0,-0.2857,3341,4243,11218.72,2879.23,2309.57,0.256645,0.205868,637.23,0.1892,NULL,NULL,NULL,NULL,NULL,NULL,NULL,NULL,NULL,NULL,NULL,NULL,NULL,NULL,NULL
06013,2023,CA,Contra Costa,1,Metro,Metro - Counties in metro areas of 1 million population or more,180,3,0,23.3663,15,2.8574,77034,223840,10861.08,2750.94,1434.04,0.253284,0.132035,592.71,0.1648,NULL,NULL,NULL,NULL,NULL,NULL,NULL,NULL,NULL,NULL,NULL,NULL,NULL,NULL,NULL
06015,2023,CA,Del Norte,7,Nonmetro,"Nonmetro - Urban population of 5,000 to 20,000, not adjacent to a metro area",7,0,0,11.7233,1,1.4264,5971,6938,8450.92,2380.51,2235.45,0.281686,0.264521,796.52,0.1554,NULL,NULL,NULL,NULL,NULL,NULL,NULL,NULL,NULL,NULL,NULL,NULL,NULL,NULL,NULL
06017,2023,CA,El Dorado,1,Metro,Metro - Counties in metro areas of 1 million population or more,39,1,0,16.0481,5,2.8355,24302,51083,9407.24,2173.28,2411.23,0.231022,0.256316,572.38,0.1503,NULL,NULL,NULL,NULL,NULL,NULL,NULL,NULL,NULL,NULL,NULL,NULL,NULL,NULL,NULL
06019,2023,CA,Fresno,1,Metro,Metro - Counties in metro areas of 1 million population or more,218,6,0,33.7738,26,9.0672,64547,158745,12109.81,2834.19,1595.34,0.234041,0.131739,540.95,0.1945,NULL,NULL,NULL,NULL,NULL,NULL,NULL,NULL,NULL,NULL,NULL,NULL,NULL,NULL,NULL
06021,2023,CA,Glenn,6,Nonmetro,"Nonmetro - Urban population of 5,000 to 20,000, adjacent to a metro area",8,0,0,16.3199,0,0.9707,4902,6050,11993.65,3072.27,2723.01,0.256158,0.227038,699.31,0.2010,NULL,NULL,NULL,NULL,NULL,NULL,NULL,NULL,NULL,NULL,NULL,NULL,NULL,NULL,NULL
06023,2023,CA,Humboldt,5,Nonmetro,"Nonmetro - Urban population of 20,000 or more, not adjacent to a metro area",36,1,0,14.0176,4,1.8466,25682,31749,8256.17,2178.62,2145.92,0.263878,0.259917,498.01,0.1418,NULL,NULL,NULL,NULL,NULL,NULL,NULL,NULL,NULL,NULL,NULL,NULL,NULL,NULL,NULL
06025,2023,CA,Imperial,3,Metro,"Metro - Counties in metro areas of fewer than 250,000 population",48,3,0,26.9239,11,9.0702,17828,36264,14150.14,2639.51,2061.21,0.186536,0.145667,729.30,0.1912,NULL,NULL,NULL,NULL,NULL,NULL,NULL,NULL,NULL,NULL,NULL,NULL,NULL,NULL,NULL
06027,2023,CA,Inyo,6,Nonmetro,"Nonmetro - Urban population of 5,000 to 20,000, adjacent to a metro area",6,0,0,15.5119,1,3.2148,3868,4833,10833.24,1978.21,4160.10,0.182606,0.384013,667.01,0.1293,NULL,NULL,NULL,NULL,NULL,NULL,NULL,NULL,NULL,NULL,NULL,NULL,NULL,NULL,NULL
06029,2023,CA,Kern,2,Metro,"Metro - Counties in metro areas of 250,000 to 1 million population",219,10,0,38.2840,37,8.4269,57204,133619,12334.39,2718.79,1729.11,0.220424,0.140186,593.93,0.1859,NULL,NULL,NULL,NULL,NULL,NULL,NULL,NULL,NULL,NULL,NULL,NULL,NULL,NULL,NULL
06031,2023,CA,Kings,3,Metro,"Metro - Counties in metro areas of fewer than 250,000 population",28,1,0,25.8876,6,8.0782,10816,19490,11252.28,2452.49,1578.70,0.217955,0.140300,617.79,0.1617,NULL,NULL,NULL,NULL,NULL,NULL,NULL,NULL,NULL,NULL,NULL,NULL,NULL,NULL,NULL
06033,2023,CA,Lake,4,Nonmetro,"Nonmetro - Urban population of 20,000 or more, adjacent to a metro area",14,0,0,10.7214,1,2.1671,13058,18283,10409.75,2712.34,2235.41,0.260558,0.214742,568.92,0.1579,NULL,NULL,NULL,NULL,NULL,NULL,NULL,NULL,NULL,NULL,NULL,NULL,NULL,NULL,NULL
06035,2023,CA,Lassen,7,Nonmetro,"Nonmetro - Urban population of 5,000 to 20,000, not adjacent to a metro area",7,0,0,15.2373,2,4.6126,4594,5560,9414.88,2571.09,2050.76,0.273088,0.217821,714.19,0.1796,NULL,NULL,NULL,NULL,NULL,NULL,NULL,NULL,NULL,NULL,NULL,NULL,NULL,NULL,NULL
06037,2023,CA,Los Angeles,1,Metro,Metro - Counties in metro areas of 1 million population or more,2819,88,0,51.9352,339,8.0502,542792,1678944,15515.30,3401.49,1566.98,0.219235,0.100996,547.38,0.2051,NULL,NULL,NULL,NULL,NULL,NULL,NULL,NULL,NULL,NULL,NULL,NULL,NULL,NULL,NULL
06039,2023,CA,Madera,1,Metro,Metro - Counties in metro areas of 1 million population or more,30,0,0,25.5624,2,5.1319,11736,27244,10912.02,2406.36,1516.43,0.220524,0.138969,434.99,0.1743,NULL,NULL,NULL,NULL,NULL,NULL,NULL,NULL,NULL,NULL,NULL,NULL,NULL,NULL,NULL
06041,2023,CA,Marin,1,Metro,Metro - Counties in metro areas of 1 million population or more,48,1,0,16.8315,3,1.7541,28518,64429,10313.07,2294.29,2056.80,0.222464,0.199436,504.07,0.1487,NULL,NULL,NULL,NULL,NULL,NULL,NULL,NULL,NULL,NULL,NULL,NULL,NULL,NULL,NULL
06043,2023,CA,Mariposa,8,Nonmetro,"Nonmetro - Urban population of fewer than 5,000, adjacent to a metro area",4,0,0,9.9850,0,0.2503,4006,5297,10349.36,2675.86,2065.14,0.258553,0.199543,720.67,0.2273,NULL,NULL,NULL,NULL,NULL,NULL,NULL,NULL,NULL,NULL,NULL,NULL,NULL,NULL,NULL
06045,2023,CA,Mendocino,4,Nonmetro,"Nonmetro - Urban population of 20,000 or more, adjacent to a metro area",24,0,0,12.7402,1,1.1923,18838,24724,10045.04,2475.61,2928.97,0.246451,0.291584,753.85,0.1556,NULL,NULL,NULL,NULL,NULL,NULL,NULL,NULL,NULL,NULL,NULL,NULL,NULL,NULL,NULL
06047,2023,CA,Merced,2,Metro,"Metro - Counties in metro areas of 250,000 to 1 million population",42,0,0,15.8246,2,2.2372,26541,41465,10967.51,3048.73,1660.46,0.277978,0.151398,666.89,0.1922,NULL,NULL,NULL,NULL,NULL,NULL,NULL,NULL,NULL,NULL,NULL,NULL,NULL,NULL,NULL
06049,2023,CA,Modoc,8,Nonmetro,"Nonmetro - Urban population of fewer than 5,000, adjacent to a metro area",3,0,0,12.4327,0,-0.4043,2413,2800,10427.79,2239.23,3377.12,0.214737,0.323858,864.07,0.1646,NULL,NULL,NULL,NULL,NULL,NULL,NULL,NULL,NULL,NULL,NULL,NULL,NULL,NULL,NULL
06051,2023,CA,Mono,7,Nonmetro,"Nonmetro - Urban population of 5,000 to 20,000, not adjacent to a metro area",3,0,0,16.3132,0,-1.0983,1839,2200,9147.48,1827.32,3160.92,0.199762,0.345551,526.92,0.1597,NULL,NULL,NULL,NULL,NULL,NULL,NULL,NULL,NULL,NULL,NULL,NULL,NULL,NULL,NULL
06053,2023,CA,Monterey,2,Metro,"Metro - Counties in metro areas of 250,000 to 1 million population",79,1,0,14.4342,8,1.2804,54731,73816,10103.65,2818.93,1693.09,0.279001,0.167572,609.16,0.1799,NULL,NULL,NULL,NULL,NULL,NULL,NULL,NULL,NULL,NULL,NULL,NULL,NULL,NULL,NULL
06055,2023,CA,Napa,3,Metro,"Metro - Counties in metro areas of fewer than 250,000 population",24,0,0,17.0891,0,1.7409,14044,32094,10818.24,2378.30,2549.96,0.219842,0.235709,666.76,0.1538,NULL,NULL,NULL,NULL,NULL,NULL,NULL,NULL,NULL,NULL,NULL,NULL,NULL,NULL,NULL
06057,2023,CA,Nevada,4,Nonmetro,"Nonmetro - Urban population of 20,000 or more, adjacent to a metro area",16,0,0,7.2108,1,0.7819,22189,31803,8957.80,1965.39,2339.47,0.219405,0.261166,531.21,0.1355,NULL,NULL,NULL,NULL,NULL,NULL,NULL,NULL,NULL,NULL,NULL,NULL,NULL,NULL,NULL
06059,2023,CA,Orange,1,Metro,Metro - Counties in metro areas of 1 million population or more,977,29,0,47.8814,140,6.4974,204046,585248,13249.71,2792.30,2072.19,0.210744,0.156395,498.59,0.1738,NULL,NULL,NULL,NULL,NULL,NULL,NULL,NULL,NULL,NULL,NULL,NULL,NULL,NULL,NULL
06061,2023,CA,Placer,1,Metro,Metro - Counties in metro areas of 1 million population or more,95,1,0,27.3460,6,3.1402,34740,98182,10822.57,2466.51,2267.20,0.227904,0.209488,560.94,0.1488,NULL,NULL,NULL,NULL,NULL,NULL,NULL,NULL,NULL,NULL,NULL,NULL,NULL,NULL,NULL
06063,2023,CA,Plumas,9,Nonmetro,"Nonmetro - Urban population of fewer than 5,000, not adjacent to a metro area",10,0,0,18.1291,1,2.1092,5516,6803,9736.16,2226.96,3155.11,0.228731,0.324061,712.65,0.1619,NULL,NULL,NULL,NULL,NULL,NULL,NULL,NULL,NULL,NULL,NULL,NULL,NULL,NULL,NULL
06065,2023,CA,Riverside,1,Metro,Metro - Counties in metro areas of 1 million population or more,506,21,0,41.9614,52,5.2576,120587,436200,12949.26,2879.22,2306.76,0.222346,0.178138,571.47,0.1892,NULL,NULL,NULL,NULL,NULL,NULL,NULL,NULL,NULL,NULL,NULL,NULL,NULL,NULL,NULL
06067,2023,CA,Sacramento,1,Metro,Metro - Counties in metro areas of 1 million population or more,322,13,0,38.8293,42,9.7571,82927,290673,10942.04,2993.14,1772.96,0.273545,0.162032,675.53,0.1966,NULL,NULL,NULL,NULL,NULL,NULL,NULL,NULL,NULL,NULL,NULL,NULL,NULL,NULL,NULL
06069,2023,CA,San Benito,1,Metro,Metro - Counties in metro areas of 1 million population or more,9,0,0,13.2606,0,0.1372,6787,10580,10726.15,2595.49,2589.14,0.241978,0.241386,655.96,0.1854,NULL,NULL,NULL,NULL,NULL,NULL,NULL,NULL,NULL,NULL,NULL,NULL,NULL,NULL,NULL
06071,2023,CA,San Bernardino,1,Metro,Metro - Counties in metro areas of 1 million population or more,449,19,0,57.4602,44,9.6427,78141,341101,12879.31,3142.68,1841.33,0.244010,0.142968,660.11,0.1987,NULL,NULL,NULL,NULL,NULL,NULL,NULL,NULL,NULL,NULL,NULL,NULL,NULL,NULL,NULL
06073,2023,CA,San Diego,1,Metro,Metro - Counties in metro areas of 1 million population or more,700,26,0,34.4177,94,5.6650,203384,606776,11889.63,2783.93,1753.81,0.234148,0.147508,505.28,0.1725,NULL,NULL,NULL,NULL,NULL,NULL,NULL,NULL,NULL,NULL,NULL,NULL,NULL,NULL,NULL
06075,2023,CA,San Francisco,1,Metro,Metro - Counties in metro areas of 1 million population or more,189,3,0,31.2810,19,6.2080,60420,160739,9948.38,2919.66,2003.33,0.293481,0.201372,603.86,0.1993,NULL,NULL,NULL,NULL,NULL,NULL,NULL,NULL,NULL,NULL,NULL,NULL,NULL,NULL,NULL
06077,2023,CA,San Joaquin,2,Metro,"Metro - Counties in metro areas of 250,000 to 1 million population",150,6,0,33.6398,21,9.6335,44590,126613,11056.96,2954.49,1431.43,0.267206,0.129460,667.68,0.1842,NULL,NULL,NULL,NULL,NULL,NULL,NULL,NULL,NULL,NULL,NULL,NULL,NULL,NULL,NULL
06079,2023,CA,San Luis Obispo,2,Metro,"Metro - Counties in metro areas of 250,000 to 1 million population",68,1,0,13.4038,6,1.1494,50732,73226,9804.78,2033.30,1578.61,0.207378,0.161004,549.50,0.1490,NULL,NULL,NULL,NULL,NULL,NULL,NULL,NULL,NULL,NULL,NULL,NULL,NULL,NULL,NULL
06081,2023,CA,San Mateo,1,Metro,Metro - Counties in metro areas of 1 million population or more,132,1,0,26.2175,7,2.8338,50348,141301,9876.57,2313.52,2109.94,0.234243,0.213631,486.16,0.1561,NULL,NULL,NULL,NULL,NULL,NULL,NULL,NULL,NULL,NULL,NULL,NULL,NULL,NULL,NULL
06083,2023,CA,Santa Barbara,2,Metro,"Metro - Counties in metro areas of 250,000 to 1 million population",77,0,0,12.9323,6,0.7845,59541,85713,10417.38,2247.20,1573.09,0.215716,0.151006,565.39,0.1577,NULL,NULL,NULL,NULL,NULL,NULL,NULL,NULL,NULL,NULL,NULL,NULL,NULL,NULL,NULL
06085,2023,CA,Santa Clara,1,Metro,Metro - Counties in metro areas of 1 million population or more,344,7,0,32.6493,29,5.2482,105362,303511,10708.93,2841.10,1931.85,0.265302,0.180396,532.88,0.1857,NULL,NULL,NULL,NULL,NULL,NULL,NULL,NULL,NULL,NULL,NULL,NULL,NULL,NULL,NULL
06087,2023,CA,Santa Cruz,2,Metro,"Metro - Counties in metro areas of 250,000 to 1 million population",52,0,0,13.7403,6,2.3409,37845,58262,9649.26,2232.14,1609.25,0.231328,0.166774,453.61,0.1685,NULL,NULL,NULL,NULL,NULL,NULL,NULL,NULL,NULL,NULL,NULL,NULL,NULL,NULL,NULL
06089,2023,CA,Shasta,3,Metro,"Metro - Counties in metro areas of fewer than 250,000 population",49,1,0,12.5045,6,2.8126,39186,50190,9885.28,2601.08,1636.52,0.263127,0.165551,579.01,0.1586,NULL,NULL,NULL,NULL,NULL,NULL,NULL,NULL,NULL,NULL,NULL,NULL,NULL,NULL,NULL
06091,2023,CA,Sierra,8,Nonmetro,"Nonmetro - Urban population of fewer than 5,000, adjacent to a metro area",NULL,NULL,NULL,NULL,NULL,NULL,732,914,9851.75,2655.19,2515.62,0.269515,0.255348,584.70,0.1825,NULL,NULL,NULL,NULL,NULL,NULL,NULL,NULL,NULL,NULL,NULL,NULL,NULL,NULL,NULL
06093,2023,CA,Siskiyou,7,Nonmetro,"Nonmetro - Urban population of 5,000 to 20,000, not adjacent to a metro area",16,2,0,12.7541,3,2.3416,12545,14464,8401.77,1875.30,2491.66,0.223203,0.296564,635.23,0.1459,NULL,NULL,NULL,NULL,NULL,NULL,NULL,NULL,NULL,NULL,NULL,NULL,NULL,NULL,NULL
06095,2023,CA,Solano,2,Metro,"Metro - Counties in metro areas of 250,000 to 1 million population",62,0,0,20.1593,4,3.7959,30755,90937,10125.67,2666.21,1602.27,0.263312,0.158238,655.57,0.1893,NULL,NULL,NULL,NULL,NULL,NULL,NULL,NULL,NULL,NULL,NULL,NULL,NULL,NULL,NULL
06097,2023,CA,Sonoma,2,Metro,"Metro - Counties in metro areas of 250,000 to 1 million population",85,1,0,18.8784,2,1.7332,45025,119326,10581.93,2509.17,2378.29,0.237118,0.224750,630.83,0.1559,NULL,NULL,NULL,NULL,NULL,NULL,NULL,NULL,NULL,NULL,NULL,NULL,NULL,NULL,NULL
06099,2023,CA,Stanislaus,2,Metro,"Metro - Counties in metro areas of 250,000 to 1 million population",102,4,0,31.1260,11,7.7170,32770,95790,11368.15,3190.12,1839.27,0.280619,0.161791,666.95,0.1883,NULL,NULL,NULL,NULL,NULL,NULL,NULL,NULL,NULL,NULL,NULL,NULL,NULL,NULL,NULL
06101,2023,CA,Sutter,3,Metro,"Metro - Counties in metro areas of fewer than 250,000 population",28,0,0,20.3002,4,4.8731,13793,19067,10794.11,2883.83,2138.25,0.267167,0.198094,594.65,0.1661,NULL,NULL,NULL,NULL,NULL,NULL,NULL,NULL,NULL,NULL,NULL,NULL,NULL,NULL,NULL
06103,2023,CA,Tehama,4,Nonmetro,"Nonmetro - Urban population of 20,000 or more, adjacent to a metro area",15,0,0,12.8348,0,2.1060,11687,15708,9297.40,2360.87,2064.90,0.253928,0.222094,653.80,0.1648,NULL,NULL,NULL,NULL,NULL,NULL,NULL,NULL,NULL,NULL,NULL,NULL,NULL,NULL,NULL
06105,2023,CA,Trinity,8,Nonmetro,"Nonmetro - Urban population of fewer than 5,000, adjacent to a metro area",4,1,0,12.5274,1,3.4831,3193,3691,8691.68,2239.85,1779.00,0.257700,0.204678,562.48,0.1124,NULL,NULL,NULL,NULL,NULL,NULL,NULL,NULL,NULL,NULL,NULL,NULL,NULL,NULL,NULL
06107,2023,CA,Tulare,2,Metro,"Metro - Counties in metro areas of 250,000 to 1 million population",95,3,0,24.0671,9,5.0110,39473,70148,11076.69,2546.44,1555.16,0.229892,0.140399,544.83,0.1709,NULL,NULL,NULL,NULL,NULL,NULL,NULL,NULL,NULL,NULL,NULL,NULL,NULL,NULL,NULL
06109,2023,CA,Tuolumne,4,Nonmetro,"Nonmetro - Urban population of 20,000 or more, adjacent to a metro area",15,0,0,10.9834,1,1.0649,13657,17023,9674.34,2416.94,2994.85,0.249830,0.309566,738.30,0.1635,NULL,NULL,NULL,NULL,NULL,NULL,NULL,NULL,NULL,NULL,NULL,NULL,NULL,NULL,NULL
06111,2023,CA,Ventura,2,Metro,"Metro - Counties in metro areas of 250,000 to 1 million population",235,8,0,28.1741,26,3.3186,83410,173007,12795.72,2740.65,1667.64,0.214185,0.130328,568.65,0.1789,NULL,NULL,NULL,NULL,NULL,NULL,NULL,NULL,NULL,NULL,NULL,NULL,NULL,NULL,NULL
06113,2023,CA,Yolo,1,Metro,Metro - Counties in metro areas of 1 million population or more,47,1,0,34.5284,8,8.3363,13612,36361,9848.88,2454.00,2138.13,0.249165,0.217094,635.69,0.1796,NULL,NULL,NULL,NULL,NULL,NULL,NULL,NULL,NULL,NULL,NULL,NULL,NULL,NULL,NULL
06115,2023,CA,Yuba,3,Metro,"Metro - Counties in metro areas of fewer than 250,000 population",15,3,0,16.2566,5,6.8519,9227,14257,11053.97,3189.38,1846.35,0.288528,0.167030,673.24,0.2038,NULL,NULL,NULL,NULL,NULL,NULL,NULL,NULL,NULL,NULL,NULL,NULL,NULL,NULL,NULL
08000,2023,CO,UNKNOWN,NULL,NULL,NULL,NULL,NULL,NULL,NULL,NULL,NULL,NULL,NULL,NULL,NULL,NULL,NULL,NULL,NULL,NULL,NULL,NULL,NULL,NULL,NULL,NULL,NULL,NULL,NULL,NULL,NULL,NULL,NULL,NULL,NULL
08001,2023,CO,Adams,1,Metro,Metro - Counties in metro areas of 1 million population or more,88,0,0,49.2087,8,11.7345,17883,70390,11371.69,2532.99,2283.68,0.222745,0.200822,621.99,0.1695,NULL,NULL,NULL,NULL,NULL,NULL,NULL,NULL,NULL,NULL,NULL,NULL,NULL,NULL,NULL
08003,2023,CO,Alamosa,7,Nonmetro,"Nonmetro - Urban population of 5,000 to 20,000, not adjacent to a metro area",9,0,0,58.7467,0,12.8049,1532,3400,9292.84,2318.24,2675.12,0.249465,0.287869,657.96,0.1513,NULL,NULL,NULL,NULL,NULL,NULL,NULL,NULL,NULL,NULL,NULL,NULL,NULL,NULL,NULL
08005,2023,CO,Arapahoe,1,Metro,Metro - Counties in metro areas of 1 million population or more,176,4,0,50.8274,21,10.4565,34627,106622,11970.85,2673.28,2273.26,0.223316,0.189900,563.87,0.1637,NULL,NULL,NULL,NULL,NULL,NULL,NULL,NULL,NULL,NULL,NULL,NULL,NULL,NULL,NULL
08007,2023,CO,Archuleta,7,Nonmetro,"Nonmetro - Urban population of 5,000 to 20,000, not adjacent to a metro area",8,0,0,27.1831,0,0.5785,2943,4663,7809.73,1451.47,2731.59,0.185854,0.349768,444.78,0.0739,NULL,NULL,NULL,NULL,NULL,NULL,NULL,NULL,NULL,NULL,NULL,NULL,NULL,NULL,NULL
08009,2023,CO,Baca,9,Nonmetro,"Nonmetro - Urban population of fewer than 5,000, not adjacent to a metro area",1,0,0,12.0482,0,0.6327,830,989,14454.49,3486.23,3507.90,0.241187,0.242686,831.33,0.1472,NULL,NULL,NULL,NULL,NULL,NULL,NULL,NULL,NULL,NULL,NULL,NULL,NULL,NULL,NULL
08011,2023,CO,Bent,9,Nonmetro,"Nonmetro - Urban population of fewer than 5,000, not adjacent to a metro area",1,0,0,16.6945,0,5.5462,599,1191,9734.14,2201.82,2619.59,0.226196,0.269114,572.62,NULL,NULL,NULL,NULL,NULL,NULL,NULL,NULL,NULL,NULL,NULL,NULL,NULL,NULL,NULL,NULL
08013,2023,CO,Boulder,2,Metro,"Metro - Counties in metro areas of 250,000 to 1 million population",77,2,0,30.8271,7,3.3298,24978,60579,10835.76,2206.22,1888.09,0.203605,0.174246,492.91,0.1412,NULL,NULL,NULL,NULL,NULL,NULL,NULL,NULL,NULL,NULL,NULL,NULL,NULL,NULL,NULL
08014,2023,CO,Broomfield,1,Metro,Metro - Counties in metro areas of 1 million population or more,9,0,0,21.3371,1,1.7052,4218,12993,11813.77,2469.32,2181.57,0.209020,0.184663,535.32,0.1445,NULL,NULL,NULL,NULL,NULL,NULL,NULL,NULL,NULL,NULL,NULL,NULL,NULL,NULL,NULL
08015,2023,CO,Chaffee,6,Nonmetro,"Nonmetro - Urban population of 5,000 to 20,000, adjacent to a metro area",9,0,0,25.6849,1,5.2611,3504,6073,9789.54,1434.05,3994.74,0.146488,0.408062,445.21,0.0838,NULL,NULL,NULL,NULL,NULL,NULL,NULL,NULL,NULL,NULL,NULL,NULL,NULL,NULL,NULL
08017,2023,CO,Cheyenne,9,Nonmetro,"Nonmetro - Urban population of fewer than 5,000, not adjacent to a metro area",1,0,0,31.2500,0,-0.3956,320,412,16685.92,3268.36,6319.54,0.195875,0.378735,812.50,0.2029,NULL,NULL,NULL,NULL,NULL,NULL,NULL,NULL,NULL,NULL,NULL,NULL,NULL,NULL,NULL
08019,2023,CO,Clear Creek,1,Metro,Metro - Counties in metro areas of 1 million population or more,1,0,0,15.0602,0,5.4077,664,2083,10312.69,2416.57,1975.28,0.234330,0.191539,378.01,0.1901,NULL,NULL,NULL,NULL,NULL,NULL,NULL,NULL,NULL,NULL,NULL,NULL,NULL,NULL,NULL
08021,2023,CO,Conejos,9,Nonmetro,"Nonmetro - Urban population of fewer than 5,000, not adjacent to a metro area",3,0,0,33.6700,0,9.0597,891,2097,9820.51,2185.74,2688.67,0.222569,0.273781,790.12,0.0940,NULL,NULL,NULL,NULL,NULL,NULL,NULL,NULL,NULL,NULL,NULL,NULL,NULL,NULL,NULL
08023,2023,CO,Costilla,9,Nonmetro,"Nonmetro - Urban population of fewer than 5,000, not adjacent to a metro area",NULL,NULL,NULL,NULL,NULL,NULL,530,1359,8766.53,3336.80,1823.38,0.380630,0.207993,522.64,0.1728,NULL,NULL,NULL,NULL,NULL,NULL,NULL,NULL,NULL,NULL,NULL,NULL,NULL,NULL,NULL
08025,2023,CO,Crowley,8,Nonmetro,"Nonmetro - Urban population of fewer than 5,000, adjacent to a metro area",2,0,0,54.3478,0,22.3989,368,910,9258.75,2337.00,1812.68,0.252410,0.195780,576.09,0.2090,NULL,NULL,NULL,NULL,NULL,NULL,NULL,NULL,NULL,NULL,NULL,NULL,NULL,NULL,NULL
08027,2023,CO,Custer,8,Nonmetro,"Nonmetro - Urban population of fewer than 5,000, adjacent to a metro area",2,1,0,18.0505,2,18.0505,1108,2115,9077.06,2036.84,2642.60,0.224394,0.291130,334.84,0.1840,NULL,NULL,NULL,NULL,NULL,NULL,NULL,NULL,NULL,NULL,NULL,NULL,NULL,NULL,NULL
08029,2023,CO,Delta,6,Nonmetro,"Nonmetro - Urban population of 5,000 to 20,000, adjacent to a metro area",7,1,0,13.4125,1,3.4935,5219,10509,8626.43,1754.17,2965.14,0.203348,0.343727,512.36,0.1323,NULL,NULL,NULL,NULL,NULL,NULL,NULL,NULL,NULL,NULL,NULL,NULL,NULL,NULL,NULL
08031,2023,CO,Denver,1,Metro,Metro - Counties in metro areas of 1 million population or more,158,4,0,55.3648,16,12.8524,28538,99131,11465.50,2492.07,2222.53,0.217354,0.193845,589.99,0.1837,NULL,NULL,NULL,NULL,NULL,NULL,NULL,NULL,NULL,NULL,NULL,NULL,NULL,NULL,NULL
08033,2023,CO,Dolores,9,Nonmetro,"Nonmetro - Urban population of fewer than 5,000, not adjacent to a metro area",2,0,0,55.2486,2,55.2486,362,621,9431.25,2051.25,3120.70,0.217495,0.330889,544.20,NULL,NULL,NULL,NULL,NULL,NULL,NULL,NULL,NULL,NULL,NULL,NULL,NULL,NULL,NULL,NULL
08035,2023,CO,Douglas,1,Metro,Metro - Counties in metro areas of 1 million population or more,61,1,0,26.6027,3,-0.4394,22930,59890,11986.09,2517.02,2248.57,0.209995,0.187598,485.26,0.1497,NULL,NULL,NULL,NULL,NULL,NULL,NULL,NULL,NULL,NULL,NULL,NULL,NULL,NULL,NULL
08037,2023,CO,Eagle,5,Nonmetro,"Nonmetro - Urban population of 20,000 or more, not adjacent to a metro area",13,0,0,24.1456,1,0.2793,5384,7567,9416.21,1900.88,3264.37,0.201873,0.346676,359.40,0.1349,NULL,NULL,NULL,NULL,NULL,NULL,NULL,NULL,NULL,NULL,NULL,NULL,NULL,NULL,NULL
08039,2023,CO,Elbert,1,Metro,Metro - Counties in metro areas of 1 million population or more,2,0,0,7.9114,0,0.4515,2528,6020,10919.28,2625.59,2135.55,0.240454,0.195576,456.49,0.1277,NULL,NULL,NULL,NULL,NULL,NULL,NULL,NULL,NULL,NULL,NULL,NULL,NULL,NULL,NULL
08041,2023,CO,El Paso,2,Metro,"Metro - Counties in metro areas of 250,000 to 1 million population",144,4,0,26.9350,14,5.4061,53462,125799,10549.25,2225.10,1906.63,0.210925,0.180736,567.77,0.1471,NULL,NULL,NULL,NULL,NULL,NULL,NULL,NULL,NULL,NULL,NULL,NULL,NULL,NULL,NULL
08043,2023,CO,Fremont,4,Nonmetro,"Nonmetro - Urban population of 20,000 or more, adjacent to a metro area",10,1,0,19.1131,1,5.4891,5232,13737,9178.60,1987.38,1361.01,0.216523,0.148281,235.09,0.1347,NULL,NULL,NULL,NULL,NULL,NULL,NULL,NULL,NULL,NULL,NULL,NULL,NULL,NULL,NULL
08045,2023,CO,Garfield,5,Nonmetro,"Nonmetro - Urban population of 20,000 or more, not adjacent to a metro area",13,0,0,18.6327,0,-0.3482,6977,10391,10467.72,1940.80,3613.50,0.185408,0.345204,501.65,0.1433,NULL,NULL,NULL,NULL,NULL,NULL,NULL,NULL,NULL,NULL,NULL,NULL,NULL,NULL,NULL
08047,2023,CO,Gilpin,1,Metro,Metro - Counties in metro areas of 1 million population or more,1,0,0,21.5983,0,1.9133,463,1275,8698.70,1947.46,1722.94,0.223879,0.198069,315.33,NULL,NULL,NULL,NULL,NULL,NULL,NULL,NULL,NULL,NULL,NULL,NULL,NULL,NULL,NULL,NULL
08049,2023,CO,Grand,9,Nonmetro,"Nonmetro - Urban population of fewer than 5,000, not adjacent to a metro area",3,0,0,16.6113,0,0.9700,1806,3152,8727.41,1544.77,2947.57,0.177002,0.337737,446.84,0.1044,NULL,NULL,NULL,NULL,NULL,NULL,NULL,NULL,NULL,NULL,NULL,NULL,NULL,NULL,NULL
08051,2023,CO,Gunnison,7,Nonmetro,"Nonmetro - Urban population of 5,000 to 20,000, not adjacent to a metro area",3,0,0,14.7203,1,4.6142,2038,2894,8571.42,1940.55,3402.29,0.226398,0.396934,448.97,0.1255,NULL,NULL,NULL,NULL,NULL,NULL,NULL,NULL,NULL,NULL,NULL,NULL,NULL,NULL,NULL
08053,2023,CO,Hinsdale,9,Nonmetro,"Nonmetro - Urban population of fewer than 5,000, not adjacent to a metro area",NULL,NULL,NULL,NULL,NULL,NULL,186,263,11327.41,2422.67,3106.18,0.213877,0.274218,370.97,NULL,NULL,NULL,NULL,NULL,NULL,NULL,NULL,NULL,NULL,NULL,NULL,NULL,NULL,NULL,NULL
08055,2023,CO,Huerfano,8,Nonmetro,"Nonmetro - Urban population of fewer than 5,000, adjacent to a metro area",2,0,0,16.6667,1,10.6894,1200,2716,8283.92,1585.53,2067.73,0.191399,0.249608,570.83,0.1453,NULL,NULL,NULL,NULL,NULL,NULL,NULL,NULL,NULL,NULL,NULL,NULL,NULL,NULL,NULL
08057,2023,CO,Jackson,9,Nonmetro,"Nonmetro - Urban population of fewer than 5,000, not adjacent to a metro area",NULL,NULL,NULL,NULL,NULL,NULL,246,367,7846.86,1607.58,2039.71,0.204869,0.259940,357.72,NULL,NULL,NULL,NULL,NULL,NULL,NULL,NULL,NULL,NULL,NULL,NULL,NULL,NULL,NULL,NULL
08059,2023,CO,Jefferson,1,Metro,Metro - Counties in metro areas of 1 million population or more,123,3,0,36.7296,10,5.0681,33488,120455,11283.08,2419.18,2059.23,0.214408,0.182506,516.24,0.1644,NULL,NULL,NULL,NULL,NULL,NULL,NULL,NULL,NULL,NULL,NULL,NULL,NULL,NULL,NULL
08061,2023,CO,Kiowa,9,Nonmetro,"Nonmetro - Urban population of fewer than 5,000, not adjacent to a metro area",1,0,0,34.7222,0,0.3579,288,356,16758.67,2565.91,4050.92,0.153109,0.241721,527.78,NULL,NULL,NULL,NULL,NULL,NULL,NULL,NULL,NULL,NULL,NULL,NULL,NULL,NULL,NULL,NULL
08063,2023,CO,Kit Carson,9,Nonmetro,"Nonmetro - Urban population of fewer than 5,000, not adjacent to a metro area",1,0,0,7.1788,0,-0.4958,1393,1677,14182.08,2892.63,3689.84,0.203964,0.260176,678.39,0.1166,NULL,NULL,NULL,NULL,NULL,NULL,NULL,NULL,NULL,NULL,NULL,NULL,NULL,NULL,NULL
08065,2023,CO,Lake,9,Nonmetro,"Nonmetro - Urban population of fewer than 5,000, not adjacent to a metro area",2,0,0,29.4118,0,3.6718,680,1163,9093.48,1440.24,2843.08,0.158382,0.312650,500.00,NULL,NULL,NULL,NULL,NULL,NULL,NULL,NULL,NULL,NULL,NULL,NULL,NULL,NULL,NULL,NULL
08067,2023,CO,La Plata,6,Nonmetro,"Nonmetro - Urban population of 5,000 to 20,000, adjacent to a metro area",16,1,0,19.9030,3,4.2120,8039,13159,9366.46,1812.77,2714.26,0.193538,0.289785,447.69,0.1025,NULL,NULL,NULL,NULL,NULL,NULL,NULL,NULL,NULL,NULL,NULL,NULL,NULL,NULL,NULL
08069,2023,CO,Larimer,2,Metro,"Metro - Counties in metro areas of 250,000 to 1 million population",84,1,0,25.2548,9,3.2716,33261,74900,10477.97,1894.36,2759.02,0.180795,0.263316,518.51,0.1367,NULL,NULL,NULL,NULL,NULL,NULL,NULL,NULL,NULL,NULL,NULL,NULL,NULL,NULL,NULL
08071,2023,CO,Las Animas,7,Nonmetro,"Nonmetro - Urban population of 5,000 to 20,000, not adjacent to a metro area",3,0,0,14.1911,0,3.8105,2114,4605,8462.99,1548.31,2290.31,0.182951,0.270627,606.43,0.1103,NULL,NULL,NULL,NULL,NULL,NULL,NULL,NULL,NULL,NULL,NULL,NULL,NULL,NULL,NULL
08073,2023,CO,Lincoln,8,Nonmetro,"Nonmetro - Urban population of fewer than 5,000, adjacent to a metro area",4,0,0,55.0964,1,21.3885,726,1121,12331.54,2863.41,4126.87,0.232202,0.334660,661.16,0.1611,NULL,NULL,NULL,NULL,NULL,NULL,NULL,NULL,NULL,NULL,NULL,NULL,NULL,NULL,NULL
08075,2023,CO,Logan,6,Nonmetro,"Nonmetro - Urban population of 5,000 to 20,000, adjacent to a metro area",9,0,0,34.0393,0,6.2615,2644,4680,10313.57,2388.24,2729.88,0.231563,0.264688,715.20,0.1734,NULL,NULL,NULL,NULL,NULL,NULL,NULL,NULL,NULL,NULL,NULL,NULL,NULL,NULL,NULL
08077,2023,CO,Mesa,3,Metro,"Metro - Counties in metro areas of fewer than 250,000 population",36,0,0,19.3361,1,1.7940,18618,40630,8977.41,1725.46,2795.68,0.192200,0.311413,447.42,0.1234,NULL,NULL,NULL,NULL,NULL,NULL,NULL,NULL,NULL,NULL,NULL,NULL,NULL,NULL,NULL
08079,2023,CO,Mineral,9,Nonmetro,"Nonmetro - Urban population of fewer than 5,000, not adjacent to a metro area",NULL,NULL,NULL,NULL,NULL,NULL,209,337,9454.05,2189.19,3653.98,0.231561,0.386499,468.90,NULL,NULL,NULL,NULL,NULL,NULL,NULL,NULL,NULL,NULL,NULL,NULL,NULL,NULL,NULL,NULL
08081,2023,CO,Moffat,7,Nonmetro,"Nonmetro - Urban population of 5,000 to 20,000, not adjacent to a metro area",5,0,0,27.0416,0,0.9728,1849,2684,10031.28,1920.49,3690.94,0.191450,0.367943,595.46,0.0969,NULL,NULL,NULL,NULL,NULL,NULL,NULL,NULL,NULL,NULL,NULL,NULL,NULL,NULL,NULL
08083,2023,CO,Montezuma,6,Nonmetro,"Nonmetro - Urban population of 5,000 to 20,000, adjacent to a metro area",8,0,0,18.6741,2,6.9416,4284,7744,9682.85,1881.70,2619.36,0.194333,0.270515,536.18,0.1243,NULL,NULL,NULL,NULL,NULL,NULL,NULL,NULL,NULL,NULL,NULL,NULL,NULL,NULL,NULL
08085,2023,CO,Montrose,5,Nonmetro,"Nonmetro - Urban population of 20,000 or more, not adjacent to a metro area",10,0,0,14.4613,0,1.2145,6915,13028,8484.22,1631.61,2745.52,0.192311,0.323603,487.49,0.1348,NULL,NULL,NULL,NULL,NULL,NULL,NULL,NULL,NULL,NULL,NULL,NULL,NULL,NULL,NULL
08087,2023,CO,Morgan,6,Nonmetro,"Nonmetro - Urban population of 5,000 to 20,000, adjacent to a metro area",7,0,0,22.3642,0,4.5796,3130,5694,9928.74,2275.55,2818.89,0.229188,0.283912,689.78,0.1661,NULL,NULL,NULL,NULL,NULL,NULL,NULL,NULL,NULL,NULL,NULL,NULL,NULL,NULL,NULL
08089,2023,CO,Otero,6,Nonmetro,"Nonmetro - Urban population of 5,000 to 20,000, adjacent to a metro area",3,0,0,15.7233,0,6.6790,1908,4972,11273.82,2723.67,1739.68,0.241592,0.154311,647.80,0.1348,NULL,NULL,NULL,NULL,NULL,NULL,NULL,NULL,NULL,NULL,NULL,NULL,NULL,NULL,NULL
08091,2023,CO,Ouray,9,Nonmetro,"Nonmetro - Urban population of fewer than 5,000, not adjacent to a metro area",1,0,0,8.2781,0,-0.8377,1208,1734,8139.95,1976.73,2659.81,0.242843,0.326760,285.60,0.1264,NULL,NULL,NULL,NULL,NULL,NULL,NULL,NULL,NULL,NULL,NULL,NULL,NULL,NULL,NULL
08093,2023,CO,Park,1,Metro,Metro - Counties in metro areas of 1 million population or more,NULL,NULL,NULL,NULL,NULL,NULL,2045,4376,8284.25,1755.37,1972.91,0.211892,0.238152,350.61,0.0996,NULL,NULL,NULL,NULL,NULL,NULL,NULL,NULL,NULL,NULL,NULL,NULL,NULL,NULL,NULL
08095,2023,CO,Phillips,9,Nonmetro,"Nonmetro - Urban population of fewer than 5,000, not adjacent to a metro area",7,0,0,76.0043,0,-2.2080,921,1100,15230.94,2431.71,5874.47,0.159656,0.385693,623.24,0.1156,NULL,NULL,NULL,NULL,NULL,NULL,NULL,NULL,NULL,NULL,NULL,NULL,NULL,NULL,NULL
08097,2023,CO,Pitkin,7,Nonmetro,"Nonmetro - Urban population of 5,000 to 20,000, not adjacent to a metro area",5,0,0,17.9986,0,-1.9535,2778,3491,11089.95,2107.34,4682.30,0.190022,0.422211,470.84,0.0841,NULL,NULL,NULL,NULL,NULL,NULL,NULL,NULL,NULL,NULL,NULL,NULL,NULL,NULL,NULL
08099,2023,CO,Prowers,7,Nonmetro,"Nonmetro - Urban population of 5,000 to 20,000, not adjacent to a metro area",3,0,0,13.9470,0,-0.1309,2151,2677,11128.36,2169.71,2932.68,0.194971,0.263532,696.42,0.1811,NULL,NULL,NULL,NULL,NULL,NULL,NULL,NULL,NULL,NULL,NULL,NULL,NULL,NULL,NULL
08101,2023,CO,Pueblo,3,Metro,"Metro - Counties in metro areas of fewer than 250,000 population",39,1,0,28.2957,5,9.2192,13783,41555,11081.06,2855.00,1995.10,0.257647,0.180046,641.73,0.1647,NULL,NULL,NULL,NULL,NULL,NULL,NULL,NULL,NULL,NULL,NULL,NULL,NULL,NULL,NULL
08103,2023,CO,Rio Blanco,9,Nonmetro,"Nonmetro - Urban population of fewer than 5,000, not adjacent to a metro area",4,0,0,42.7807,1,8.8056,935,1450,13183.54,2678.40,5461.59,0.203162,0.414273,623.53,0.0753,NULL,NULL,NULL,NULL,NULL,NULL,NULL,NULL,NULL,NULL,NULL,NULL,NULL,NULL,NULL
08105,2023,CO,Rio Grande,9,Nonmetro,"Nonmetro - Urban population of fewer than 5,000, not adjacent to a metro area",7,1,0,36.4964,2,15.6891,1918,3458,9488.35,2385.38,3207.96,0.251401,0.338095,644.94,0.1671,NULL,NULL,NULL,NULL,NULL,NULL,NULL,NULL,NULL,NULL,NULL,NULL,NULL,NULL,NULL
08107,2023,CO,Routt,7,Nonmetro,"Nonmetro - Urban population of 5,000 to 20,000, not adjacent to a metro area",10,1,0,27.4650,1,0.1840,3641,4964,8133.36,1646.19,2961.55,0.202400,0.364124,384.24,0.0943,NULL,NULL,NULL,NULL,NULL,NULL,NULL,NULL,NULL,NULL,NULL,NULL,NULL,NULL,NULL
08109,2023,CO,Saguache,9,Nonmetro,"Nonmetro - Urban population of fewer than 5,000, not adjacent to a metro area",NULL,NULL,NULL,NULL,NULL,NULL,855,1676,6875.44,1616.58,2327.47,0.235124,0.338519,387.13,NULL,NULL,NULL,NULL,NULL,NULL,NULL,NULL,NULL,NULL,NULL,NULL,NULL,NULL,NULL,NULL
08111,2023,CO,San Juan,9,Nonmetro,"Nonmetro - Urban population of fewer than 5,000, not adjacent to a metro area",NULL,NULL,NULL,NULL,NULL,NULL,137,182,8510.98,1996.91,2834.90,0.234628,0.333087,576.64,NULL,NULL,NULL,NULL,NULL,NULL,NULL,NULL,NULL,NULL,NULL,NULL,NULL,NULL,NULL,NULL
08113,2023,CO,San Miguel,9,Nonmetro,"Nonmetro - Urban population of fewer than 5,000, not adjacent to a metro area",3,0,0,34.3643,0,0.1177,873,1317,6774.13,1555.43,2147.50,0.229613,0.317015,218.79,NULL,NULL,NULL,NULL,NULL,NULL,NULL,NULL,NULL,NULL,NULL,NULL,NULL,NULL,NULL,NULL
08115,2023,CO,Sedgwick,9,Nonmetro,"Nonmetro - Urban population of fewer than 5,000, not adjacent to a metro area",3,0,0,45.4545,1,14.2045,660,780,12120.09,3080.36,4285.23,0.254153,0.353564,709.09,0.1419,NULL,NULL,NULL,NULL,NULL,NULL,NULL,NULL,NULL,NULL,NULL,NULL,NULL,NULL,NULL
08117,2023,CO,Summit,5,Nonmetro,"Nonmetro - Urban population of 20,000 or more, not adjacent to a metro area",10,0,0,35.8680,2,6.1944,2788,4254,8380.86,1624.17,2214.07,0.193795,0.264182,321.02,0.1311,NULL,NULL,NULL,NULL,NULL,NULL,NULL,NULL,NULL,NULL,NULL,NULL,NULL,NULL,NULL
08119,2023,CO,Teller,2,Metro,"Metro - Counties in metro areas of 250,000 to 1 million population",5,0,0,16.5235,0,2.0685,3026,7502,9150.73,1829.87,2036.29,0.199970,0.222528,518.84,0.1586,NULL,NULL,NULL,NULL,NULL,NULL,NULL,NULL,NULL,NULL,NULL,NULL,NULL,NULL,NULL
08121,2023,CO,Washington,9,Nonmetro,"Nonmetro - Urban population of fewer than 5,000, not adjacent to a metro area",2,0,0,24.6305,0,2.7964,812,1189,9417.89,1944.96,3295.48,0.206518,0.349917,483.99,0.1157,NULL,NULL,NULL,NULL,NULL,NULL,NULL,NULL,NULL,NULL,NULL,NULL,NULL,NULL,NULL
08123,2023,CO,Weld,2,Metro,"Metro - Counties in metro areas of 250,000 to 1 million population",56,0,0,27.8510,4,4.4033,20107,54538,11222.29,2428.53,2607.88,0.216402,0.232384,607.65,0.1539,NULL,NULL,NULL,NULL,NULL,NULL,NULL,NULL,NULL,NULL,NULL,NULL,NULL,NULL,NULL
08125,2023,CO,Yuma,9,Nonmetro,"Nonmetro - Urban population of fewer than 5,000, not adjacent to a metro area",3,0,0,16.9492,1,5.0302,1770,2085,10707.30,2515.84,3953.78,0.234965,0.369260,574.01,0.0848,NULL,NULL,NULL,NULL,NULL,NULL,NULL,NULL,NULL,NULL,NULL,NULL,NULL,NULL,NULL
09000,2023,CT,UNKNOWN,NULL,NULL,NULL,NULL,NULL,NULL,NULL,NULL,NULL,NULL,NULL,NULL,NULL,NULL,NULL,NULL,NULL,NULL,NULL,NULL,NULL,NULL,NULL,NULL,NULL,NULL,NULL,NULL,NULL,NULL,NULL,NULL,NULL
09110,2023,CT,Capitol,1,Metro,Metro - Counties in metro areas of 1 million population or more,287,7,0,47.4600,26,NULL,60472,205490,12340.26,3089.34,2421.16,0.250346,0.196200,705.58,0.1850,NULL,NULL,NULL,NULL,NULL,NULL,NULL,NULL,NULL,NULL,NULL,NULL,NULL,NULL,NULL
09120,2023,CT,Greater Bridgeport,2,Metro,"Metro - Counties in metro areas of 250,000 to 1 million population",85,8,0,62.3167,20,NULL,13640,45377,12940.59,3491.87,2666.16,0.269839,0.206031,700.88,0.1963,NULL,NULL,NULL,NULL,NULL,NULL,NULL,NULL,NULL,NULL,NULL,NULL,NULL,NULL,NULL
09130,2023,CT,Lower Connecticut River Valley,1,Metro,Metro - Counties in metro areas of 1 million population or more,62,1,0,42.9155,9,NULL,14447,44900,12116.62,2843.84,2451.80,0.234706,0.202350,736.14,0.1725,NULL,NULL,NULL,NULL,NULL,NULL,NULL,NULL,NULL,NULL,NULL,NULL,NULL,NULL,NULL
09140,2023,CT,Naugatuck Valley,2,Metro,"Metro - Counties in metro areas of 250,000 to 1 million population",143,7,0,43.7751,20,NULL,32667,99419,12628.90,3186.25,2770.76,0.252298,0.219398,673.40,0.1911,NULL,NULL,NULL,NULL,NULL,NULL,NULL,NULL,NULL,NULL,NULL,NULL,NULL,NULL,NULL
09150,2023,CT,Northeastern Connecticut,4,Nonmetro,"Nonmetro - Urban population of 20,000 or more, adjacent to a metro area",24,0,0,31.3112,1,NULL,7665,22202,12015.77,2997.83,3077.25,0.249491,0.256101,764.78,0.1784,NULL,NULL,NULL,NULL,NULL,NULL,NULL,NULL,NULL,NULL,NULL,NULL,NULL,NULL,NULL
09160,2023,CT,Northwest Hills,4,Nonmetro,"Nonmetro - Urban population of 20,000 or more, adjacent to a metro area",38,1,0,31.8071,5,NULL,11947,30383,11768.99,2890.93,2591.46,0.245640,0.220194,754.33,0.2043,NULL,NULL,NULL,NULL,NULL,NULL,NULL,NULL,NULL,NULL,NULL,NULL,NULL,NULL,NULL
09170,2023,CT,South Central Connecticut,2,Metro,"Metro - Counties in metro areas of 250,000 to 1 million population",167,5,0,44.2759,22,NULL,37718,121083,13611.55,3580.32,2864.29,0.263035,0.210431,756.27,0.1913,NULL,NULL,NULL,NULL,NULL,NULL,NULL,NULL,NULL,NULL,NULL,NULL,NULL,NULL,NULL
09180,2023,CT,Southeastern Connecticut,2,Metro,"Metro - Counties in metro areas of 250,000 to 1 million population",80,1,0,33.9919,9,NULL,23535,64303,12266.04,3111.55,2610.28,0.253672,0.212805,846.82,0.1804,NULL,NULL,NULL,NULL,NULL,NULL,NULL,NULL,NULL,NULL,NULL,NULL,NULL,NULL,NULL
09190,2023,CT,Western Connecticut,2,Metro,"Metro - Counties in metro areas of 250,000 to 1 million population",166,1,0,29.3172,7,NULL,56622,113650,12130.03,2897.44,2757.10,0.238865,0.227295,577.69,0.1802,NULL,NULL,NULL,NULL,NULL,NULL,NULL,NULL,NULL,NULL,NULL,NULL,NULL,NULL,NULL
10000,2023,DE,UNKNOWN,NULL,NULL,NULL,NULL,NULL,NULL,NULL,NULL,NULL,NULL,NULL,NULL,NULL,NULL,NULL,NULL,NULL,NULL,NULL,NULL,NULL,NULL,NULL,NULL,NULL,NULL,NULL,NULL,NULL,NULL,NULL,NULL,NULL
10001,2023,DE,Kent,3,Metro,"Metro - Counties in metro areas of fewer than 250,000 population",51,0,0,19.3629,2,2.7988,26339,43285,12176.40,2748.28,2371.44,0.225705,0.194757,622.92,0.1805,NULL,NULL,NULL,NULL,NULL,NULL,NULL,NULL,NULL,NULL,NULL,NULL,NULL,NULL,NULL
10003,2023,DE,New Castle,1,Metro,Metro - Counties in metro areas of 1 million population or more,162,2,0,24.4384,14,4.3902,66289,115247,12234.64,2902.64,1850.29,0.237248,0.151234,527.33,0.1694,NULL,NULL,NULL,NULL,NULL,NULL,NULL,NULL,NULL,NULL,NULL,NULL,NULL,NULL,NULL
10005,2023,DE,Sussex,4,Nonmetro,"Nonmetro - Urban population of 20,000 or more, adjacent to a metro area",57,1,0,9.8459,1,0.1989,57892,89749,11160.23,2211.67,2598.70,0.198174,0.232854,540.80,0.1632,NULL,NULL,NULL,NULL,NULL,NULL,NULL,NULL,NULL,NULL,NULL,NULL,NULL,NULL,NULL
11001,2023,DC,District of Columbia,1,Metro,Metro - Counties in metro areas of 1 million population or more,204,5,0,41.5107,16,9.3437,49144,99522,11651.62,3162.11,1793.38,0.271388,0.153917,675.67,0.1980,NULL,NULL,NULL,NULL,NULL,NULL,NULL,NULL,NULL,NULL,NULL,NULL,NULL,NULL,NULL
12000,2023,FL,UNKNOWN,NULL,NULL,NULL,NULL,NULL,NULL,NULL,NULL,NULL,NULL,NULL,NULL,NULL,NULL,NULL,NULL,NULL,NULL,NULL,NULL,NULL,NULL,NULL,NULL,NULL,NULL,NULL,NULL,NULL,NULL,NULL,NULL,NULL
12001,2023,FL,Alachua,2,Metro,"Metro - Counties in metro areas of 250,000 to 1 million population",88,3,0,33.8123,12,6.8725,26026,52503,11698.67,2936.91,1490.97,0.251046,0.127448,640.67,0.1990,NULL,NULL,NULL,NULL,NULL,NULL,NULL,NULL,NULL,NULL,NULL,NULL,NULL,NULL,NULL
12003,2023,FL,Baker,1,Metro,Metro - Counties in metro areas of 1 million population or more,11,0,0,40.6955,1,7.8979,2703,5634,13806.74,3451.00,2135.50,0.249950,0.154671,770.63,0.1741,NULL,NULL,NULL,NULL,NULL,NULL,NULL,NULL,NULL,NULL,NULL,NULL,NULL,NULL,NULL
12005,2023,FL,Bay,3,Metro,"Metro - Counties in metro areas of fewer than 250,000 population",48,1,0,21.3856,4,3.8494,22445,42551,13392.72,2724.03,1686.36,0.203396,0.125916,659.57,0.1697,NULL,NULL,NULL,NULL,NULL,NULL,NULL,NULL,NULL,NULL,NULL,NULL,NULL,NULL,NULL
12007,2023,FL,Bradford,6,Nonmetro,"Nonmetro - Urban population of 5,000 to 20,000, adjacent to a metro area",4,1,0,13.9762,1,5.5088,2862,6422,13290.03,3563.79,1327.81,0.268155,0.099910,815.86,0.2105,NULL,NULL,NULL,NULL,NULL,NULL,NULL,NULL,NULL,NULL,NULL,NULL,NULL,NULL,NULL
12009,2023,FL,Brevard,2,Metro,"Metro - Counties in metro areas of 250,000 to 1 million population",193,3,0,24.6753,18,3.5877,78216,179939,13116.66,2908.70,1501.85,0.221756,0.114499,569.37,0.1715,NULL,NULL,NULL,NULL,NULL,NULL,NULL,NULL,NULL,NULL,NULL,NULL,NULL,NULL,NULL
12011,2023,FL,Broward,1,Metro,Metro - Counties in metro areas of 1 million population or more,795,18,0,80.8823,75,17.1982,98291,372066,14971.76,3396.37,2205.12,0.226852,0.147285,647.48,0.2094,NULL,NULL,NULL,NULL,NULL,NULL,NULL,NULL,NULL,NULL,NULL,NULL,NULL,NULL,NULL
12013,2023,FL,Calhoun,8,Nonmetro,"Nonmetro - Urban population of fewer than 5,000, adjacent to a metro area",1,0,0,8.5034,0,2.6962,1176,3309,14332.42,2711.74,2110.25,0.189203,0.147236,850.34,0.1521,NULL,NULL,NULL,NULL,NULL,NULL,NULL,NULL,NULL,NULL,NULL,NULL,NULL,NULL,NULL
12015,2023,FL,Charlotte,3,Metro,"Metro - Counties in metro areas of fewer than 250,000 population",50,0,0,13.6750,11,4.0520,36563,80242,13024.24,2925.91,1455.76,0.224651,0.111773,550.04,0.1872,NULL,NULL,NULL,NULL,NULL,NULL,NULL,NULL,NULL,NULL,NULL,NULL,NULL,NULL,NULL
12017,2023,FL,Citrus,3,Metro,"Metro - Counties in metro areas of fewer than 250,000 population",33,1,0,11.7899,2,2.3657,27990,67182,12426.87,3049.78,1384.56,0.245418,0.111417,590.50,0.1855,NULL,NULL,NULL,NULL,NULL,NULL,NULL,NULL,NULL,NULL,NULL,NULL,NULL,NULL,NULL
12019,2023,FL,Clay,1,Metro,Metro - Counties in metro areas of 1 million population or more,56,2,0,21.5708,5,2.9536,25961,50547,13372.99,3080.79,1887.26,0.230374,0.141125,619.51,0.1808,NULL,NULL,NULL,NULL,NULL,NULL,NULL,NULL,NULL,NULL,NULL,NULL,NULL,NULL,NULL
12021,2023,FL,Collier,2,Metro,"Metro - Counties in metro areas of 250,000 to 1 million population",129,4,0,18.8478,12,1.9761,68443,120371,12809.64,2589.38,1621.54,0.202143,0.126587,498.31,0.1629,NULL,NULL,NULL,NULL,NULL,NULL,NULL,NULL,NULL,NULL,NULL,NULL,NULL,NULL,NULL
12023,2023,FL,Columbia,4,Nonmetro,"Nonmetro - Urban population of 20,000 or more, adjacent to a metro area",21,1,0,26.1650,4,8.5027,8026,18696,11847.39,2826.25,1177.60,0.238555,0.099397,733.62,0.1856,NULL,NULL,NULL,NULL,NULL,NULL,NULL,NULL,NULL,NULL,NULL,NULL,NULL,NULL,NULL
12027,2023,FL,DeSoto,6,Nonmetro,"Nonmetro - Urban population of 5,000 to 20,000, adjacent to a metro area",11,0,0,32.0606,1,9.4003,3431,8077,13353.80,3029.18,2012.81,0.226840,0.150729,764.50,0.1864,NULL,NULL,NULL,NULL,NULL,NULL,NULL,NULL,NULL,NULL,NULL,NULL,NULL,NULL,NULL
12029,2023,FL,Dixie,8,Nonmetro,"Nonmetro - Urban population of fewer than 5,000, adjacent to a metro area",4,0,0,22.8311,0,6.2267,1752,4899,12711.20,3533.74,1180.62,0.278002,0.092880,578.77,0.1777,NULL,NULL,NULL,NULL,NULL,NULL,NULL,NULL,NULL,NULL,NULL,NULL,NULL,NULL,NULL
12031,2023,FL,Duval,1,Metro,Metro - Counties in metro areas of 1 million population or more,282,8,0,36.7968,28,7.4899,76637,190777,14199.49,3448.55,2010.65,0.242864,0.141600,714.73,0.1917,NULL,NULL,NULL,NULL,NULL,NULL,NULL,NULL,NULL,NULL,NULL,NULL,NULL,NULL,NULL
12033,2023,FL,Escambia,2,Metro,"Metro - Counties in metro areas of 250,000 to 1 million population",104,1,0,29.4985,9,6.8816,35256,77384,13959.89,2970.16,2686.99,0.212764,0.192479,753.60,0.1783,NULL,NULL,NULL,NULL,NULL,NULL,NULL,NULL,NULL,NULL,NULL,NULL,NULL,NULL,NULL
12035,2023,FL,Flagler,2,Metro,"Metro - Counties in metro areas of 250,000 to 1 million population",30,1,0,15.5610,5,2.6197,19279,46286,12790.24,3099.16,1866.43,0.242307,0.145926,548.47,0.1727,NULL,NULL,NULL,NULL,NULL,NULL,NULL,NULL,NULL,NULL,NULL,NULL,NULL,NULL,NULL
12037,2023,FL,Franklin,8,Nonmetro,"Nonmetro - Urban population of fewer than 5,000, adjacent to a metro area",2,0,0,12.6582,0,1.9858,1580,3575,10381.95,1991.78,1828.20,0.191850,0.176094,665.19,0.1812,NULL,NULL,NULL,NULL,NULL,NULL,NULL,NULL,NULL,NULL,NULL,NULL,NULL,NULL,NULL
12039,2023,FL,Gadsden,2,Metro,"Metro - Counties in metro areas of 250,000 to 1 million population",7,0,0,27.4725,0,7.9085,2548,11441,12611.37,3068.48,1761.13,0.243311,0.139646,833.99,0.1727,NULL,NULL,NULL,NULL,NULL,NULL,NULL,NULL,NULL,NULL,NULL,NULL,NULL,NULL,NULL
12041,2023,FL,Gilchrist,2,Metro,"Metro - Counties in metro areas of 250,000 to 1 million population",7,1,0,31.7749,1,8.0689,2203,4766,12301.06,3214.31,1242.74,0.261303,0.101027,584.20,0.1821,NULL,NULL,NULL,NULL,NULL,NULL,NULL,NULL,NULL,NULL,NULL,NULL,NULL,NULL,NULL
12043,2023,FL,Glades,8,Nonmetro,"Nonmetro - Urban population of fewer than 5,000, adjacent to a metro area",1,0,0,8.6505,0,2.2932,1156,2956,14748.78,3960.21,2026.21,0.268511,0.137382,768.17,0.1879,NULL,NULL,NULL,NULL,NULL,NULL,NULL,NULL,NULL,NULL,NULL,NULL,NULL,NULL,NULL
12045,2023,FL,Gulf,8,Nonmetro,"Nonmetro - Urban population of fewer than 5,000, adjacent to a metro area",3,0,0,13.3393,0,1.9064,2249,4371,12902.92,2621.79,1854.97,0.203194,0.143764,855.94,0.1653,NULL,NULL,NULL,NULL,NULL,NULL,NULL,NULL,NULL,NULL,NULL,NULL,NULL,NULL,NULL
12047,2023,FL,Hamilton,8,Nonmetro,"Nonmetro - Urban population of fewer than 5,000, adjacent to a metro area",2,0,0,14.0449,0,3.2748,1424,3384,13872.15,3447.30,2007.02,0.248505,0.144680,772.47,0.2132,NULL,NULL,NULL,NULL,NULL,NULL,NULL,NULL,NULL,NULL,NULL,NULL,NULL,NULL,NULL
12049,2023,FL,Hardee,6,Nonmetro,"Nonmetro - Urban population of 5,000 to 20,000, adjacent to a metro area",8,1,0,42.0168,2,18.5976,1904,4710,15091.89,3653.50,1704.85,0.242084,0.112965,497.37,0.2000,NULL,NULL,NULL,NULL,NULL,NULL,NULL,NULL,NULL,NULL,NULL,NULL,NULL,NULL,NULL
12051,2023,FL,Hendry,4,Nonmetro,"Nonmetro - Urban population of 20,000 or more, adjacent to a metro area",8,0,0,30.4762,0,6.7444,2625,7146,13951.10,3606.18,1502.29,0.258487,0.107683,730.67,0.2057,NULL,NULL,NULL,NULL,NULL,NULL,NULL,NULL,NULL,NULL,NULL,NULL,NULL,NULL,NULL
12053,2023,FL,Hernando,1,Metro,Metro - Counties in metro areas of 1 million population or more,74,2,0,38.2646,12,11.9097,19339,64869,14257.46,3530.01,1324.22,0.247590,0.092879,608.72,0.1963,NULL,NULL,NULL,NULL,NULL,NULL,NULL,NULL,NULL,NULL,NULL,NULL,NULL,NULL,NULL
12055,2023,FL,Highlands,3,Metro,"Metro - Counties in metro areas of fewer than 250,000 population",37,1,0,24.0917,2,6.0458,15358,37833,14266.82,3543.82,2037.85,0.248396,0.142838,693.25,0.1825,NULL,NULL,NULL,NULL,NULL,NULL,NULL,NULL,NULL,NULL,NULL,NULL,NULL,NULL,NULL
12057,2023,FL,Hillsborough,1,Metro,Metro - Counties in metro areas of 1 million population or more,640,24,0,74.5452,85,17.4147,85854,272584,14289.43,3318.23,1776.32,0.232216,0.124310,636.56,0.1941,NULL,NULL,NULL,NULL,NULL,NULL,NULL,NULL,NULL,NULL,NULL,NULL,NULL,NULL,NULL
12059,2023,FL,Holmes,8,Nonmetro,"Nonmetro - Urban population of fewer than 5,000, adjacent to a metro area",4,0,0,17.4825,1,7.4558,2288,4855,13246.54,2362.16,2014.12,0.178323,0.152049,701.49,0.1298,NULL,NULL,NULL,NULL,NULL,NULL,NULL,NULL,NULL,NULL,NULL,NULL,NULL,NULL,NULL
12061,2023,FL,Indian River,3,Metro,"Metro - Counties in metro areas of fewer than 250,000 population",58,2,0,17.5041,7,2.9792,33135,62398,12848.88,2504.02,1946.71,0.194882,0.151508,585.12,0.1569,NULL,NULL,NULL,NULL,NULL,NULL,NULL,NULL,NULL,NULL,NULL,NULL,NULL,NULL,NULL
12063,2023,FL,Jackson,6,Nonmetro,"Nonmetro - Urban population of 5,000 to 20,000, adjacent to a metro area",16,0,0,27.6148,1,7.8180,5794,12257,13697.02,2950.31,2215.36,0.215398,0.161740,773.90,0.1602,NULL,NULL,NULL,NULL,NULL,NULL,NULL,NULL,NULL,NULL,NULL,NULL,NULL,NULL,NULL
12065,2023,FL,Jefferson,2,Metro,"Metro - Counties in metro areas of 250,000 to 1 million population",1,0,0,7.9681,0,1.3059,1255,4172,11064.96,2609.37,1628.74,0.235823,0.147198,581.67,0.1775,NULL,NULL,NULL,NULL,NULL,NULL,NULL,NULL,NULL,NULL,NULL,NULL,NULL,NULL,NULL
12067,2023,FL,Lafayette,9,Nonmetro,"Nonmetro - Urban population of fewer than 5,000, not adjacent to a metro area",2,0,0,25.6739,0,4.4875,779,1592,12982.90,3172.83,1395.65,0.244385,0.107499,732.99,0.2180,NULL,NULL,NULL,NULL,NULL,NULL,NULL,NULL,NULL,NULL,NULL,NULL,NULL,NULL,NULL
12069,2023,FL,Lake,1,Metro,Metro - Counties in metro areas of 1 million population or more,112,4,0,22.4773,18,5.6504,49828,122428,13633.60,3244.24,1676.83,0.237959,0.122992,638.68,0.1739,NULL,NULL,NULL,NULL,NULL,NULL,NULL,NULL,NULL,NULL,NULL,NULL,NULL,NULL,NULL
12071,2023,FL,Lee,2,Metro,"Metro - Counties in metro areas of 250,000 to 1 million population",246,8,0,23.8144,34,5.2192,103299,224623,12647.01,2762.06,1561.17,0.218396,0.123442,526.52,0.1738,NULL,NULL,NULL,NULL,NULL,NULL,NULL,NULL,NULL,NULL,NULL,NULL,NULL,NULL,NULL
12073,2023,FL,Leon,2,Metro,"Metro - Counties in metro areas of 250,000 to 1 million population",80,5,0,52.3526,6,10.3906,15281,52826,11682.51,2596.97,1566.92,0.222296,0.134125,712.32,0.1885,NULL,NULL,NULL,NULL,NULL,NULL,NULL,NULL,NULL,NULL,NULL,NULL,NULL,NULL,NULL
12075,2023,FL,Levy,2,Metro,"Metro - Counties in metro areas of 250,000 to 1 million population",10,0,0,17.8190,0,3.1648,5612,14032,11939.81,3249.10,1277.66,0.272123,0.107008,599.43,0.1875,NULL,NULL,NULL,NULL,NULL,NULL,NULL,NULL,NULL,NULL,NULL,NULL,NULL,NULL,NULL
12077,2023,FL,Liberty,8,Nonmetro,"Nonmetro - Urban population of fewer than 5,000, adjacent to a metro area",2,0,0,43.7637,1,28.1142,457,1562,13507.44,2633.36,2525.89,0.194956,0.187000,862.14,0.1892,NULL,NULL,NULL,NULL,NULL,NULL,NULL,NULL,NULL,NULL,NULL,NULL,NULL,NULL,NULL
12079,2023,FL,Madison,8,Nonmetro,"Nonmetro - Urban population of fewer than 5,000, adjacent to a metro area",5,0,0,23.5073,0,5.5023,2127,5048,12305.24,2410.69,1807.54,0.195908,0.146892,663.38,0.1777,NULL,NULL,NULL,NULL,NULL,NULL,NULL,NULL,NULL,NULL,NULL,NULL,NULL,NULL,NULL
12081,2023,FL,Manatee,2,Metro,"Metro - Counties in metro areas of 250,000 to 1 million population",126,2,0,22.7007,16,3.4082,55505,121811,12740.47,2687.51,1542.65,0.210943,0.121083,502.82,0.1714,NULL,NULL,NULL,NULL,NULL,NULL,NULL,NULL,NULL,NULL,NULL,NULL,NULL,NULL,NULL
12083,2023,FL,Marion,2,Metro,"Metro - Counties in metro areas of 250,000 to 1 million population",100,1,0,20.2400,11,4.5949,49407,134760,12894.46,2916.98,1244.63,0.226220,0.096524,628.53,0.1806,NULL,NULL,NULL,NULL,NULL,NULL,NULL,NULL,NULL,NULL,NULL,NULL,NULL,NULL,NULL
12085,2023,FL,Martin,2,Metro,"Metro - Counties in metro areas of 250,000 to 1 million population",40,0,0,14.0682,4,2.0140,28433,52659,13366.43,2824.91,1777.19,0.211344,0.132959,598.95,0.1720,NULL,NULL,NULL,NULL,NULL,NULL,NULL,NULL,NULL,NULL,NULL,NULL,NULL,NULL,NULL
12086,2023,FL,Miami-Dade,1,Metro,Metro - Counties in metro areas of 1 million population or more,1813,29,0,195.8751,119,45.5645,92559,519469,16635.80,3715.98,2295.51,0.223372,0.137986,675.32,0.2154,NULL,NULL,NULL,NULL,NULL,NULL,NULL,NULL,NULL,NULL,NULL,NULL,NULL,NULL,NULL
12087,2023,FL,Monroe,4,Nonmetro,"Nonmetro - Urban population of 20,000 or more, adjacent to a metro area",25,0,0,19.4886,1,1.5339,12828,19191,11508.04,2827.31,2524.20,0.245681,0.219342,643.28,0.1730,NULL,NULL,NULL,NULL,NULL,NULL,NULL,NULL,NULL,NULL,NULL,NULL,NULL,NULL,NULL
12089,2023,FL,Nassau,1,Metro,Metro - Counties in metro areas of 1 million population or more,18,1,0,12.4697,3,1.7600,14435,28165,11843.29,2548.85,2337.42,0.215215,0.197362,561.27,0.1569,NULL,NULL,NULL,NULL,NULL,NULL,NULL,NULL,NULL,NULL,NULL,NULL,NULL,NULL,NULL
12091,2023,FL,Okaloosa,2,Metro,"Metro - Counties in metro areas of 250,000 to 1 million population",44,1,0,15.6311,2,2.0054,28149,46486,13255.90,2850.39,1828.60,0.215028,0.137946,643.50,0.1888,NULL,NULL,NULL,NULL,NULL,NULL,NULL,NULL,NULL,NULL,NULL,NULL,NULL,NULL,NULL
12093,2023,FL,Okeechobee,4,Nonmetro,"Nonmetro - Urban population of 20,000 or more, adjacent to a metro area",13,0,0,35.4997,1,8.6420,3662,9632,14645.25,3910.10,1698.84,0.266988,0.115999,805.57,0.2039,NULL,NULL,NULL,NULL,NULL,NULL,NULL,NULL,NULL,NULL,NULL,NULL,NULL,NULL,NULL
12095,2023,FL,Orange,1,Metro,Metro - Counties in metro areas of 1 million population or more,477,18,0,70.2224,62,15.6049,67927,219597,14443.92,4029.52,1832.52,0.278977,0.126871,643.10,0.2160,NULL,NULL,NULL,NULL,NULL,NULL,NULL,NULL,NULL,NULL,NULL,NULL,NULL,NULL,NULL
12097,2023,FL,Osceola,1,Metro,Metro - Counties in metro areas of 1 million population or more,119,5,0,71.8816,19,17.2308,16555,72419,13851.44,3819.83,1808.92,0.275771,0.130594,689.40,0.2097,NULL,NULL,NULL,NULL,NULL,NULL,NULL,NULL,NULL,NULL,NULL,NULL,NULL,NULL,NULL
12099,2023,FL,Palm Beach,1,Metro,Metro - Counties in metro areas of 1 million population or more,542,10,0,32.6135,56,4.9557,166189,368151,14627.98,2932.89,1866.86,0.200499,0.127623,574.23,0.1865,NULL,NULL,NULL,NULL,NULL,NULL,NULL,NULL,NULL,NULL,NULL,NULL,NULL,NULL,NULL
12101,2023,FL,Pasco,1,Metro,Metro - Counties in metro areas of 1 million population or more,213,6,0,49.4842,25,11.8887,43044,152233,14173.72,3371.47,1649.34,0.237868,0.116366,642.99,0.2003,NULL,NULL,NULL,NULL,NULL,NULL,NULL,NULL,NULL,NULL,NULL,NULL,NULL,NULL,NULL
12103,2023,FL,Pinellas,1,Metro,Metro - Counties in metro areas of 1 million population or more,399,9,0,43.8341,36,9.6272,91025,271325,14300.14,3144.19,1714.10,0.219871,0.119866,631.76,0.1951,NULL,NULL,NULL,NULL,NULL,NULL,NULL,NULL,NULL,NULL,NULL,NULL,NULL,NULL,NULL
12105,2023,FL,Polk,2,Metro,"Metro - Counties in metro areas of 250,000 to 1 million population",204,4,0,39.6540,20,10.2995,51445,180949,13806.03,3338.21,1674.61,0.241794,0.121296,630.05,0.2007,NULL,NULL,NULL,NULL,NULL,NULL,NULL,NULL,NULL,NULL,NULL,NULL,NULL,NULL,NULL
12107,2023,FL,Putnam,4,Nonmetro,"Nonmetro - Urban population of 20,000 or more, adjacent to a metro area",29,2,0,34.0016,4,11.0173,8529,22024,13407.38,3472.56,1452.62,0.259004,0.108345,678.86,0.1853,NULL,NULL,NULL,NULL,NULL,NULL,NULL,NULL,NULL,NULL,NULL,NULL,NULL,NULL,NULL
12109,2023,FL,St. Johns,1,Metro,Metro - Counties in metro areas of 1 million population or more,61,2,0,15.2105,9,1.1065,40104,73732,12682.72,2657.93,2098.59,0.209571,0.165468,533.66,0.1761,NULL,NULL,NULL,NULL,NULL,NULL,NULL,NULL,NULL,NULL,NULL,NULL,NULL,NULL,NULL
12111,2023,FL,St. Lucie,2,Metro,"Metro - Counties in metro areas of 250,000 to 1 million population",89,0,0,23.4878,9,4.0013,37892,96672,13736.04,3265.76,1518.62,0.237751,0.110557,701.39,0.2035,NULL,NULL,NULL,NULL,NULL,NULL,NULL,NULL,NULL,NULL,NULL,NULL,NULL,NULL,NULL
12113,2023,FL,Santa Rosa,2,Metro,"Metro - Counties in metro areas of 250,000 to 1 million population",44,0,0,21.2900,6,3.8987,20667,42351,12769.30,2802.30,2698.82,0.219456,0.211352,712.15,0.1704,NULL,NULL,NULL,NULL,NULL,NULL,NULL,NULL,NULL,NULL,NULL,NULL,NULL,NULL,NULL
12115,2023,FL,Sarasota,2,Metro,"Metro - Counties in metro areas of 250,000 to 1 million population",156,6,0,17.6877,19,3.0898,88197,166143,12762.46,2673.28,1583.11,0.209464,0.124044,485.07,0.1690,NULL,NULL,NULL,NULL,NULL,NULL,NULL,NULL,NULL,NULL,NULL,NULL,NULL,NULL,NULL
12117,2023,FL,Seminole,1,Metro,Metro - Counties in metro areas of 1 million population or more,159,5,0,45.5888,22,10.3023,34877,91235,14293.94,3639.52,1771.53,0.254620,0.123936,645.15,0.1954,NULL,NULL,NULL,NULL,NULL,NULL,NULL,NULL,NULL,NULL,NULL,NULL,NULL,NULL,NULL
12119,2023,FL,Sumter,3,Metro,"Metro - Counties in metro areas of fewer than 250,000 population",36,1,0,9.6790,6,2.0850,37194,86494,13016.81,2604.11,1439.47,0.200057,0.110585,577.49,0.1516,NULL,NULL,NULL,NULL,NULL,NULL,NULL,NULL,NULL,NULL,NULL,NULL,NULL,NULL,NULL
12121,2023,FL,Suwannee,6,Nonmetro,"Nonmetro - Urban population of 5,000 to 20,000, adjacent to a metro area",13,0,0,23.3771,2,7.3281,5561,12594,11488.64,2921.47,1101.23,0.254292,0.095854,766.05,0.2000,NULL,NULL,NULL,NULL,NULL,NULL,NULL,NULL,NULL,NULL,NULL,NULL,NULL,NULL,NULL
12123,2023,FL,Taylor,6,Nonmetro,"Nonmetro - Urban population of 5,000 to 20,000, adjacent to a metro area",7,0,0,29.3994,0,7.9138,2381,5492,10755.48,2457.72,1685.83,0.228509,0.156741,682.91,0.1635,NULL,NULL,NULL,NULL,NULL,NULL,NULL,NULL,NULL,NULL,NULL,NULL,NULL,NULL,NULL
12125,2023,FL,Union,8,Nonmetro,"Nonmetro - Urban population of fewer than 5,000, adjacent to a metro area",4,1,0,34.8432,1,12.7030,1148,2541,14398.10,3278.01,1230.40,0.227670,0.085456,819.69,0.2051,NULL,NULL,NULL,NULL,NULL,NULL,NULL,NULL,NULL,NULL,NULL,NULL,NULL,NULL,NULL
12127,2023,FL,Volusia,2,Metro,"Metro - Counties in metro areas of 250,000 to 1 million population",166,6,0,27.9918,20,5.4286,59303,171051,13522.30,3075.81,1741.09,0.227462,0.128757,609.63,0.1752,NULL,NULL,NULL,NULL,NULL,NULL,NULL,NULL,NULL,NULL,NULL,NULL,NULL,NULL,NULL
12129,2023,FL,Wakulla,2,Metro,"Metro - Counties in metro areas of 250,000 to 1 million population",8,0,0,39.4672,1,9.1773,2027,7675,11876.13,2768.35,1585.41,0.233102,0.133496,619.14,0.1936,NULL,NULL,NULL,NULL,NULL,NULL,NULL,NULL,NULL,NULL,NULL,NULL,NULL,NULL,NULL
12131,2023,FL,Walton,2,Metro,"Metro - Counties in metro areas of 250,000 to 1 million population",22,0,0,21.6663,1,1.8063,10154,19520,12415.97,2553.80,2227.03,0.205687,0.179368,596.02,0.1700,NULL,NULL,NULL,NULL,NULL,NULL,NULL,NULL,NULL,NULL,NULL,NULL,NULL,NULL,NULL
12133,2023,FL,Washington,3,Metro,"Metro - Counties in metro areas of fewer than 250,000 population",7,0,0,23.1099,0,4.9139,3029,6154,13360.55,2694.82,1956.51,0.201700,0.146439,736.55,0.1642,NULL,NULL,NULL,NULL,NULL,NULL,NULL,NULL,NULL,NULL,NULL,NULL,NULL,NULL,NULL
13000,2023,GA,UNKNOWN,NULL,NULL,NULL,NULL,NULL,NULL,NULL,NULL,NULL,NULL,NULL,NULL,NULL,NULL,NULL,NULL,NULL,NULL,NULL,NULL,NULL,NULL,NULL,NULL,NULL,NULL,NULL,NULL,NULL,NULL,NULL,NULL,NULL
13001,2023,GA,Appling,7,Nonmetro,"Nonmetro - Urban population of 5,000 to 20,000, not adjacent to a metro area",12,1,0,80.2139,3,39.3420,1496,4227,12125.63,2584.53,2050.44,0.213146,0.169100,686.50,0.1333,NULL,NULL,NULL,NULL,NULL,NULL,NULL,NULL,NULL,NULL,NULL,NULL,NULL,NULL,NULL
13003,2023,GA,Atkinson,9,Nonmetro,"Nonmetro - Urban population of fewer than 5,000, not adjacent to a metro area",2,0,0,44.9438,0,17.8068,445,1488,10644.30,2898.74,1943.29,0.272328,0.182566,671.91,0.3387,NULL,NULL,NULL,NULL,NULL,NULL,NULL,NULL,NULL,NULL,NULL,NULL,NULL,NULL,NULL
13005,2023,GA,Bacon,9,Nonmetro,"Nonmetro - Urban population of fewer than 5,000, not adjacent to a metro area",7,0,0,72.6141,0,20.5695,964,2294,14048.61,3489.37,2658.29,0.248378,0.189221,698.13,0.2510,NULL,NULL,NULL,NULL,NULL,NULL,NULL,NULL,NULL,NULL,NULL,NULL,NULL,NULL,NULL
13007,2023,GA,Baker,8,Nonmetro,"Nonmetro - Urban population of fewer than 5,000, adjacent to a metro area",NULL,NULL,NULL,NULL,NULL,NULL,199,758,12660.58,3288.83,2339.60,0.259769,0.184794,698.49,0.4167,NULL,NULL,NULL,NULL,NULL,NULL,NULL,NULL,NULL,NULL,NULL,NULL,NULL,NULL,NULL
13009,2023,GA,Baldwin,4,Nonmetro,"Nonmetro - Urban population of 20,000 or more, adjacent to a metro area",13,0,0,44.0379,0,12.7201,2952,9814,11140.24,2583.71,1675.35,0.231926,0.150387,638.21,0.1902,NULL,NULL,NULL,NULL,NULL,NULL,NULL,NULL,NULL,NULL,NULL,NULL,NULL,NULL,NULL
13011,2023,GA,Banks,8,Nonmetro,"Nonmetro - Urban population of fewer than 5,000, adjacent to a metro area",2,1,0,13.5870,1,8.2763,1472,4215,11091.34,2682.12,2326.00,0.241821,0.209713,524.46,0.1667,NULL,NULL,NULL,NULL,NULL,NULL,NULL,NULL,NULL,NULL,NULL,NULL,NULL,NULL,NULL
13013,2023,GA,Barrow,1,Metro,Metro - Counties in metro areas of 1 million population or more,15,0,0,26.7332,1,5.4824,5611,15811,12504.34,3209.84,2276.20,0.256698,0.182033,631.26,0.2051,NULL,NULL,NULL,NULL,NULL,NULL,NULL,NULL,NULL,NULL,NULL,NULL,NULL,NULL,NULL
13015,2023,GA,Bartow,1,Metro,Metro - Counties in metro areas of 1 million population or more,29,2,0,35.4480,3,10.1979,8181,21550,12045.43,2956.06,2145.71,0.245409,0.178135,610.68,0.2005,NULL,NULL,NULL,NULL,NULL,NULL,NULL,NULL,NULL,NULL,NULL,NULL,NULL,NULL,NULL
13017,2023,GA,Ben Hill,7,Nonmetro,"Nonmetro - Urban population of 5,000 to 20,000, not adjacent to a metro area",8,1,0,61.2557,1,27.9699,1306,4091,11311.48,2992.82,2320.12,0.264583,0.205112,707.50,0.2211,NULL,NULL,NULL,NULL,NULL,NULL,NULL,NULL,NULL,NULL,NULL,NULL,NULL,NULL,NULL
13019,2023,GA,Berrien,8,Nonmetro,"Nonmetro - Urban population of fewer than 5,000, adjacent to a metro area",9,0,0,54.8446,0,16.6280,1641,4173,11940.52,3015.68,2344.33,0.252559,0.196334,770.87,0.2139,NULL,NULL,NULL,NULL,NULL,NULL,NULL,NULL,NULL,NULL,NULL,NULL,NULL,NULL,NULL
13021,2023,GA,Bibb,3,Metro,"Metro - Counties in metro areas of fewer than 250,000 population",68,1,0,59.4978,7,19.9926,11429,33881,12885.10,2899.14,1654.68,0.224999,0.128418,805.84,0.1870,NULL,NULL,NULL,NULL,NULL,NULL,NULL,NULL,NULL,NULL,NULL,NULL,NULL,NULL,NULL
13023,2023,GA,Bleckley,6,Nonmetro,"Nonmetro - Urban population of 5,000 to 20,000, adjacent to a metro area",4,0,0,28.9855,0,5.4975,1380,2817,11839.38,2393.38,2002.14,0.202154,0.169109,825.36,0.1821,NULL,NULL,NULL,NULL,NULL,NULL,NULL,NULL,NULL,NULL,NULL,NULL,NULL,NULL,NULL
13025,2023,GA,Brantley,3,Metro,"Metro - Counties in metro areas of fewer than 250,000 population",3,0,0,18.1488,0,4.6048,1653,3873,11226.19,2937.12,1832.57,0.261631,0.163241,607.38,0.1644,NULL,NULL,NULL,NULL,NULL,NULL,NULL,NULL,NULL,NULL,NULL,NULL,NULL,NULL,NULL
13027,2023,GA,Brooks,3,Metro,"Metro - Counties in metro areas of fewer than 250,000 population",6,0,0,37.4766,0,11.4575,1601,4264,11738.63,2767.29,2491.41,0.235742,0.212240,702.69,0.1590,NULL,NULL,NULL,NULL,NULL,NULL,NULL,NULL,NULL,NULL,NULL,NULL,NULL,NULL,NULL
13029,2023,GA,Bryan,2,Metro,"Metro - Counties in metro areas of 250,000 to 1 million population",11,0,0,35.2451,2,6.1189,3121,7398,10792.19,2612.28,1898.61,0.242053,0.175924,445.69,0.1789,NULL,NULL,NULL,NULL,NULL,NULL,NULL,NULL,NULL,NULL,NULL,NULL,NULL,NULL,NULL
13031,2023,GA,Bulloch,4,Nonmetro,"Nonmetro - Urban population of 20,000 or more, adjacent to a metro area",27,0,0,55.3052,4,18.8955,4882,12333,12712.07,3266.26,2000.32,0.256942,0.157356,680.05,0.1997,NULL,NULL,NULL,NULL,NULL,NULL,NULL,NULL,NULL,NULL,NULL,NULL,NULL,NULL,NULL
13033,2023,GA,Burke,2,Metro,"Metro - Counties in metro areas of 250,000 to 1 million population",10,1,0,76.5111,4,48.4737,1307,5332,12301.07,3021.98,2167.76,0.245668,0.176225,647.28,0.2383,NULL,NULL,NULL,NULL,NULL,NULL,NULL,NULL,NULL,NULL,NULL,NULL,NULL,NULL,NULL
13035,2023,GA,Butts,1,Metro,Metro - Counties in metro areas of 1 million population or more,8,1,0,45.8190,2,19.3756,1746,5523,12083.78,3151.41,2154.45,0.260797,0.178293,494.27,0.1795,NULL,NULL,NULL,NULL,NULL,NULL,NULL,NULL,NULL,NULL,NULL,NULL,NULL,NULL,NULL
13037,2023,GA,Calhoun,8,Nonmetro,"Nonmetro - Urban population of fewer than 5,000, adjacent to a metro area",3,0,0,67.2646,0,23.4690,446,1310,15935.51,3304.40,2248.57,0.207361,0.141104,656.95,0.1313,NULL,NULL,NULL,NULL,NULL,NULL,NULL,NULL,NULL,NULL,NULL,NULL,NULL,NULL,NULL
13039,2023,GA,Camden,4,Nonmetro,"Nonmetro - Urban population of 20,000 or more, adjacent to a metro area",11,1,0,19.9275,4,7.8377,5520,10957,10893.65,2567.68,2276.45,0.235704,0.208970,647.83,0.1737,NULL,NULL,NULL,NULL,NULL,NULL,NULL,NULL,NULL,NULL,NULL,NULL,NULL,NULL,NULL
13043,2023,GA,Candler,9,Nonmetro,"Nonmetro - Urban population of fewer than 5,000, not adjacent to a metro area",6,0,0,76.4331,0,26.0975,785,2517,14247.73,3438.45,2319.91,0.241333,0.162827,732.48,0.1818,NULL,NULL,NULL,NULL,NULL,NULL,NULL,NULL,NULL,NULL,NULL,NULL,NULL,NULL,NULL
13045,2023,GA,Carroll,1,Metro,Metro - Counties in metro areas of 1 million population or more,39,2,0,45.4440,5,15.6899,8582,24319,12445.35,2998.32,2855.40,0.240919,0.229435,728.50,0.1802,NULL,NULL,NULL,NULL,NULL,NULL,NULL,NULL,NULL,NULL,NULL,NULL,NULL,NULL,NULL
13047,2023,GA,Catoosa,2,Metro,"Metro - Counties in metro areas of 250,000 to 1 million population",26,0,0,39.3760,2,10.8385,6603,14971,12281.97,2617.93,1974.40,0.213152,0.160756,590.19,0.1583,NULL,NULL,NULL,NULL,NULL,NULL,NULL,NULL,NULL,NULL,NULL,NULL,NULL,NULL,NULL
13049,2023,GA,Charlton,8,Nonmetro,"Nonmetro - Urban population of fewer than 5,000, adjacent to a metro area",4,0,0,40.7332,1,17.6029,982,2410,13646.16,3603.36,2142.84,0.264057,0.157029,772.91,0.1986,NULL,NULL,NULL,NULL,NULL,NULL,NULL,NULL,NULL,NULL,NULL,NULL,NULL,NULL,NULL
13051,2023,GA,Chatham,2,Metro,"Metro - Counties in metro areas of 250,000 to 1 million population",96,0,0,44.1440,9,9.8704,21747,57307,11846.52,2693.83,2088.60,0.227394,0.176305,541.27,0.1698,NULL,NULL,NULL,NULL,NULL,NULL,NULL,NULL,NULL,NULL,NULL,NULL,NULL,NULL,NULL
13053,2023,GA,Chattahoochee,2,Metro,"Metro - Counties in metro areas of 250,000 to 1 million population",1,0,0,39.3701,1,39.3701,254,709,9623.26,2446.61,2236.79,0.254239,0.232436,503.94,NULL,NULL,NULL,NULL,NULL,NULL,NULL,NULL,NULL,NULL,NULL,NULL,NULL,NULL,NULL,NULL
13055,2023,GA,Chattooga,6,Nonmetro,"Nonmetro - Urban population of 5,000 to 20,000, adjacent to a metro area",9,0,0,45.4087,0,16.3577,1982,6290,11438.30,3313.07,1627.21,0.289647,0.142260,659.43,0.1840,NULL,NULL,NULL,NULL,NULL,NULL,NULL,NULL,NULL,NULL,NULL,NULL,NULL,NULL,NULL
13057,2023,GA,Cherokee,1,Metro,Metro - Counties in metro areas of 1 million population or more,60,2,0,25.6049,3,0.5939,23433,52529,12169.01,2813.54,2839.43,0.231205,0.233333,508.17,0.1690,NULL,NULL,NULL,NULL,NULL,NULL,NULL,NULL,NULL,NULL,NULL,NULL,NULL,NULL,NULL
13059,2023,GA,Clarke,3,Metro,"Metro - Counties in metro areas of fewer than 250,000 population",52,0,0,66.7780,9,21.4002,7787,19248,11431.06,2524.71,1842.65,0.220864,0.161197,564.40,0.2120,NULL,NULL,NULL,NULL,NULL,NULL,NULL,NULL,NULL,NULL,NULL,NULL,NULL,NULL,NULL
13061,2023,GA,Clay,9,Nonmetro,"Nonmetro - Urban population of fewer than 5,000, not adjacent to a metro area",1,0,0,34.0136,1,34.0136,294,852,14176.36,2914.37,2088.22,0.205580,0.147303,670.07,0.1519,NULL,NULL,NULL,NULL,NULL,NULL,NULL,NULL,NULL,NULL,NULL,NULL,NULL,NULL,NULL
13063,2023,GA,Clayton,1,Metro,Metro - Counties in metro areas of 1 million population or more,57,0,0,64.3559,10,29.0812,8857,40310,11513.18,3031.37,1682.61,0.263296,0.146146,536.98,0.2080,NULL,NULL,NULL,NULL,NULL,NULL,NULL,NULL,NULL,NULL,NULL,NULL,NULL,NULL,NULL
13065,2023,GA,Clinch,8,Nonmetro,"Nonmetro - Urban population of fewer than 5,000, adjacent to a metro area",4,0,0,73.1261,2,50.4760,547,1548,17263.02,3610.21,4093.78,0.209130,0.237142,917.73,0.1986,NULL,NULL,NULL,NULL,NULL,NULL,NULL,NULL,NULL,NULL,NULL,NULL,NULL,NULL,NULL
13067,2023,GA,Cobb,1,Metro,Metro - Counties in metro areas of 1 million population or more,215,2,0,43.8159,16,7.5477,49069,119856,11541.71,2958.43,2366.10,0.256325,0.205004,485.76,0.1728,NULL,NULL,NULL,NULL,NULL,NULL,NULL,NULL,NULL,NULL,NULL,NULL,NULL,NULL,NULL
13069,2023,GA,Coffee,7,Nonmetro,"Nonmetro - Urban population of 5,000 to 20,000, not adjacent to a metro area",25,1,0,89.0948,4,37.8253,2806,7868,11498.80,2433.92,2535.87,0.211667,0.220533,588.74,0.2188,NULL,NULL,NULL,NULL,NULL,NULL,NULL,NULL,NULL,NULL,NULL,NULL,NULL,NULL,NULL
13071,2023,GA,Colquitt,6,Nonmetro,"Nonmetro - Urban population of 5,000 to 20,000, adjacent to a metro area",15,0,0,46.4972,0,16.6167,3226,9366,13247.86,3859.92,3276.97,0.291362,0.247358,846.56,0.2228,NULL,NULL,NULL,NULL,NULL,NULL,NULL,NULL,NULL,NULL,NULL,NULL,NULL,NULL,NULL
13073,2023,GA,Columbia,2,Metro,"Metro - Counties in metro areas of 250,000 to 1 million population",41,0,0,29.5517,2,2.3152,13874,28940,11060.81,2444.52,1786.53,0.221007,0.161519,387.34,0.1729,NULL,NULL,NULL,NULL,NULL,NULL,NULL,NULL,NULL,NULL,NULL,NULL,NULL,NULL,NULL
13075,2023,GA,Cook,6,Nonmetro,"Nonmetro - Urban population of 5,000 to 20,000, adjacent to a metro area",6,0,0,44.0205,1,19.9589,1363,3753,12827.69,3416.82,2689.66,0.266363,0.209676,591.34,0.1957,NULL,NULL,NULL,NULL,NULL,NULL,NULL,NULL,NULL,NULL,NULL,NULL,NULL,NULL,NULL
13077,2023,GA,Coweta,1,Metro,Metro - Counties in metro areas of 1 million population or more,47,1,0,42.4840,6,9.3901,11063,28816,11372.48,2801.38,2050.13,0.246330,0.180271,500.95,0.1759,NULL,NULL,NULL,NULL,NULL,NULL,NULL,NULL,NULL,NULL,NULL,NULL,NULL,NULL,NULL
13079,2023,GA,Crawford,3,Metro,"Metro - Counties in metro areas of fewer than 250,000 population",2,0,0,18.8857,0,4.4869,1059,2859,11923.74,2852.89,1687.07,0.239261,0.141488,583.57,0.1130,NULL,NULL,NULL,NULL,NULL,NULL,NULL,NULL,NULL,NULL,NULL,NULL,NULL,NULL,NULL
13081,2023,GA,Crisp,6,Nonmetro,"Nonmetro - Urban population of 5,000 to 20,000, adjacent to a metro area",14,0,0,95.0441,1,37.3176,1473,4769,11698.01,3018.32,2769.29,0.258020,0.236732,603.53,0.1652,NULL,NULL,NULL,NULL,NULL,NULL,NULL,NULL,NULL,NULL,NULL,NULL,NULL,NULL,NULL
13083,2023,GA,Dade,2,Metro,"Metro - Counties in metro areas of 250,000 to 1 million population",6,0,0,35.4610,1,13.1595,1692,4039,11101.37,2228.43,1803.44,0.200735,0.162452,462.17,0.1163,NULL,NULL,NULL,NULL,NULL,NULL,NULL,NULL,NULL,NULL,NULL,NULL,NULL,NULL,NULL
13085,2023,GA,Dawson,1,Metro,Metro - Counties in metro areas of 1 million population or more,9,0,0,30.4775,1,4.2222,2953,6749,11853.28,2871.95,2315.32,0.242292,0.195332,522.18,0.1661,NULL,NULL,NULL,NULL,NULL,NULL,NULL,NULL,NULL,NULL,NULL,NULL,NULL,NULL,NULL
13087,2023,GA,Decatur,6,Nonmetro,"Nonmetro - Urban population of 5,000 to 20,000, adjacent to a metro area",10,0,0,43.1965,0,14.6006,2315,6241,11838.99,2683.76,2233.03,0.226688,0.188617,743.41,0.1723,NULL,NULL,NULL,NULL,NULL,NULL,NULL,NULL,NULL,NULL,NULL,NULL,NULL,NULL,NULL
13089,2023,GA,DeKalb,1,Metro,Metro - Counties in metro areas of 1 million population or more,199,5,0,57.6444,30,17.6983,34522,118403,11836.84,2910.92,2217.41,0.245920,0.187331,516.86,0.2077,NULL,NULL,NULL,NULL,NULL,NULL,NULL,NULL,NULL,NULL,NULL,NULL,NULL,NULL,NULL
13091,2023,GA,Dodge,7,Nonmetro,"Nonmetro - Urban population of 5,000 to 20,000, not adjacent to a metro area",6,1,0,33.1492,1,13.7242,1810,4542,11866.19,2731.46,1822.45,0.230188,0.153583,742.54,0.1478,NULL,NULL,NULL,NULL,NULL,NULL,NULL,NULL,NULL,NULL,NULL,NULL,NULL,NULL,NULL
13093,2023,GA,Dooly,8,Nonmetro,"Nonmetro - Urban population of fewer than 5,000, adjacent to a metro area",4,0,0,59.5238,1,33.1153,672,2301,11912.32,2783.18,2396.30,0.233639,0.201161,482.14,0.1571,NULL,NULL,NULL,NULL,NULL,NULL,NULL,NULL,NULL,NULL,NULL,NULL,NULL,NULL,NULL
13095,2023,GA,Dougherty,3,Metro,"Metro - Counties in metro areas of fewer than 250,000 population",48,0,0,85.7296,8,39.9630,5599,18695,11999.68,3249.85,2683.85,0.270828,0.223660,569.57,0.2029,NULL,NULL,NULL,NULL,NULL,NULL,NULL,NULL,NULL,NULL,NULL,NULL,NULL,NULL,NULL
13097,2023,GA,Douglas,1,Metro,Metro - Counties in metro areas of 1 million population or more,40,0,0,53.6193,2,15.2005,7460,23504,13189.21,3805.92,2505.31,0.288563,0.189951,689.68,0.2019,NULL,NULL,NULL,NULL,NULL,NULL,NULL,NULL,NULL,NULL,NULL,NULL,NULL,NULL,NULL
13099,2023,GA,Early,8,Nonmetro,"Nonmetro - Urban population of fewer than 5,000, adjacent to a metro area",7,0,0,77.6915,0,26.8932,901,2525,14063.44,3355.99,1822.88,0.238632,0.129618,645.95,0.2170,NULL,NULL,NULL,NULL,NULL,NULL,NULL,NULL,NULL,NULL,NULL,NULL,NULL,NULL,NULL
13101,2023,GA,Echols,3,Metro,"Metro - Counties in metro areas of fewer than 250,000 population",NULL,NULL,NULL,NULL,NULL,NULL,253,586,13804.01,5627.25,2746.29,0.407653,0.198949,695.65,0.2571,NULL,NULL,NULL,NULL,NULL,NULL,NULL,NULL,NULL,NULL,NULL,NULL,NULL,NULL,NULL
13103,2023,GA,Effingham,2,Metro,"Metro - Counties in metro areas of 250,000 to 1 million population",14,0,0,30.7422,2,7.5896,4554,11528,10888.91,2720.92,2346.42,0.249880,0.215487,565.66,0.1644,NULL,NULL,NULL,NULL,NULL,NULL,NULL,NULL,NULL,NULL,NULL,NULL,NULL,NULL,NULL
13105,2023,GA,Elbert,6,Nonmetro,"Nonmetro - Urban population of 5,000 to 20,000, adjacent to a metro area",8,0,0,39.1007,1,14.0291,2046,5574,12114.29,3016.10,1685.01,0.248970,0.139093,582.11,0.1845,NULL,NULL,NULL,NULL,NULL,NULL,NULL,NULL,NULL,NULL,NULL,NULL,NULL,NULL,NULL
13107,2023,GA,Emanuel,7,Nonmetro,"Nonmetro - Urban population of 5,000 to 20,000, not adjacent to a metro area",11,0,0,68.5786,2,33.8296,1604,5303,12453.49,3335.34,1736.50,0.267824,0.139439,746.88,0.2271,NULL,NULL,NULL,NULL,NULL,NULL,NULL,NULL,NULL,NULL,NULL,NULL,NULL,NULL,NULL
13109,2023,GA,Evans,8,Nonmetro,"Nonmetro - Urban population of fewer than 5,000, adjacent to a metro area",4,0,0,49.7512,0,14.1006,804,2370,11872.52,2682.05,2200.91,0.225904,0.185379,769.90,0.1257,NULL,NULL,NULL,NULL,NULL,NULL,NULL,NULL,NULL,NULL,NULL,NULL,NULL,NULL,NULL
13111,2023,GA,Fannin,8,Nonmetro,"Nonmetro - Urban population of fewer than 5,000, adjacent to a metro area",10,0,0,21.5889,0,3.2906,4632,9209,10303.59,2231.15,2559.93,0.216541,0.248450,558.72,0.1535,NULL,NULL,NULL,NULL,NULL,NULL,NULL,NULL,NULL,NULL,NULL,NULL,NULL,NULL,NULL
13113,2023,GA,Fayette,1,Metro,Metro - Counties in metro areas of 1 million population or more,40,1,0,32.2373,3,4.3170,12408,28129,11417.78,2520.89,2016.47,0.220786,0.176608,423.76,0.1669,NULL,NULL,NULL,NULL,NULL,NULL,NULL,NULL,NULL,NULL,NULL,NULL,NULL,NULL,NULL
13115,2023,GA,Floyd,3,Metro,"Metro - Counties in metro areas of fewer than 250,000 population",40,1,0,44.6229,3,15.4477,8964,22373,13066.99,3345.36,1806.86,0.256016,0.138277,659.19,0.1928,NULL,NULL,NULL,NULL,NULL,NULL,NULL,NULL,NULL,NULL,NULL,NULL,NULL,NULL,NULL
13117,2023,GA,Forsyth,1,Metro,Metro - Counties in metro areas of 1 million population or more,63,3,0,39.0577,5,4.6629,16130,36360,12599.11,2905.07,2508.22,0.230577,0.199079,509.11,0.1694,NULL,NULL,NULL,NULL,NULL,NULL,NULL,NULL,NULL,NULL,NULL,NULL,NULL,NULL,NULL
13119,2023,GA,Franklin,8,Nonmetro,"Nonmetro - Urban population of fewer than 5,000, adjacent to a metro area",12,0,0,53.7394,2,20.6487,2233,6009,11244.24,2837.03,1853.41,0.252310,0.164832,660.10,0.1357,NULL,NULL,NULL,NULL,NULL,NULL,NULL,NULL,NULL,NULL,NULL,NULL,NULL,NULL,NULL
13121,2023,GA,Fulton,1,Metro,Metro - Counties in metro areas of 1 million population or more,307,9,0,57.5780,39,14.0969,53319,156103,11871.06,2873.64,2183.20,0.242071,0.183909,500.22,0.1848,NULL,NULL,NULL,NULL,NULL,NULL,NULL,NULL,NULL,NULL,NULL,NULL,NULL,NULL,NULL
13123,2023,GA,Gilmer,6,Nonmetro,"Nonmetro - Urban population of 5,000 to 20,000, adjacent to a metro area",9,1,0,17.8784,1,3.3224,5034,9849,11052.37,2719.17,2358.11,0.246026,0.213358,596.94,0.1592,NULL,NULL,NULL,NULL,NULL,NULL,NULL,NULL,NULL,NULL,NULL,NULL,NULL,NULL,NULL
13125,2023,GA,Glascock,9,Nonmetro,"Nonmetro - Urban population of fewer than 5,000, not adjacent to a metro area",0,0,0,0.0000,0,0.0000,260,685,9309.96,2229.34,1130.42,0.239458,0.121421,453.85,NULL,NULL,NULL,NULL,NULL,NULL,NULL,NULL,NULL,NULL,NULL,NULL,NULL,NULL,NULL,NULL
13127,2023,GA,Glynn,3,Metro,"Metro - Counties in metro areas of fewer than 250,000 population",25,0,0,24.1150,2,4.7515,10367,21646,11763.34,2851.03,2173.30,0.242366,0.184752,522.52,0.1737,NULL,NULL,NULL,NULL,NULL,NULL,NULL,NULL,NULL,NULL,NULL,NULL,NULL,NULL,NULL
13129,2023,GA,Gordon,4,Nonmetro,"Nonmetro - Urban population of 20,000 or more, adjacent to a metro area",18,2,0,34.0393,4,13.1469,5288,12103,11456.26,2682.87,2503.95,0.234184,0.218566,654.50,0.1790,NULL,NULL,NULL,NULL,NULL,NULL,NULL,NULL,NULL,NULL,NULL,NULL,NULL,NULL,NULL
13131,2023,GA,Grady,6,Nonmetro,"Nonmetro - Urban population of 5,000 to 20,000, adjacent to a metro area",9,0,0,43.3944,0,14.7957,2074,5781,11509.83,2415.90,2583.59,0.209899,0.224468,651.88,0.1920,NULL,NULL,NULL,NULL,NULL,NULL,NULL,NULL,NULL,NULL,NULL,NULL,NULL,NULL,NULL
13133,2023,GA,Greene,8,Nonmetro,"Nonmetro - Urban population of fewer than 5,000, adjacent to a metro area",9,0,0,25.5609,1,3.7447,3521,7284,10796.37,2030.49,2517.31,0.188072,0.233163,558.65,0.1854,NULL,NULL,NULL,NULL,NULL,NULL,NULL,NULL,NULL,NULL,NULL,NULL,NULL,NULL,NULL
13135,2023,GA,Gwinnett,1,Metro,Metro - Counties in metro areas of 1 million population or more,296,11,0,74.3906,39,19.1277,39790,127076,11644.52,2899.64,2083.74,0.249013,0.178946,473.69,0.1857,NULL,NULL,NULL,NULL,NULL,NULL,NULL,NULL,NULL,NULL,NULL,NULL,NULL,NULL,NULL
13137,2023,GA,Habersham,6,Nonmetro,"Nonmetro - Urban population of 5,000 to 20,000, adjacent to a metro area",27,2,0,61.0860,4,17.2765,4420,11123,10675.21,2433.20,2106.91,0.227930,0.197365,590.27,0.1746,NULL,NULL,NULL,NULL,NULL,NULL,NULL,NULL,NULL,NULL,NULL,NULL,NULL,NULL,NULL
13139,2023,GA,Hall,3,Metro,"Metro - Counties in metro areas of fewer than 250,000 population",66,0,0,37.9878,3,6.1905,17374,40695,11450.49,2433.80,2314.57,0.212550,0.202137,490.62,0.1725,NULL,NULL,NULL,NULL,NULL,NULL,NULL,NULL,NULL,NULL,NULL,NULL,NULL,NULL,NULL
13141,2023,GA,Hancock,9,Nonmetro,"Nonmetro - Urban population of fewer than 5,000, not adjacent to a metro area",1,0,0,14.2653,0,3.8160,701,2489,11979.20,2588.21,1575.85,0.216059,0.131549,587.73,0.1760,NULL,NULL,NULL,NULL,NULL,NULL,NULL,NULL,NULL,NULL,NULL,NULL,NULL,NULL,NULL
13143,2023,GA,Haralson,1,Metro,Metro - Counties in metro areas of 1 million population or more,15,0,0,64.8789,1,24.9929,2312,6785,13221.72,3677.79,2838.42,0.278163,0.214679,743.94,0.2183,NULL,NULL,NULL,NULL,NULL,NULL,NULL,NULL,NULL,NULL,NULL,NULL,NULL,NULL,NULL
13145,2023,GA,Harris,2,Metro,"Metro - Counties in metro areas of 250,000 to 1 million population",3,0,0,7.8288,0,0.7450,3832,8340,10521.36,2349.71,2257.82,0.223328,0.214594,435.28,0.1332,NULL,NULL,NULL,NULL,NULL,NULL,NULL,NULL,NULL,NULL,NULL,NULL,NULL,NULL,NULL
13147,2023,GA,Hart,6,Nonmetro,"Nonmetro - Urban population of 5,000 to 20,000, adjacent to a metro area",8,0,0,26.2037,1,8.7124,3053,7353,11059.61,2509.01,1767.48,0.226862,0.159814,515.89,0.1611,NULL,NULL,NULL,NULL,NULL,NULL,NULL,NULL,NULL,NULL,NULL,NULL,NULL,NULL,NULL
13149,2023,GA,Heard,1,Metro,Metro - Counties in metro areas of 1 million population or more,1,0,0,12.4533,0,4.0287,803,2483,10993.57,2819.17,2001.33,0.256438,0.182046,627.65,0.1630,NULL,NULL,NULL,NULL,NULL,NULL,NULL,NULL,NULL,NULL,NULL,NULL,NULL,NULL,NULL
13151,2023,GA,Henry,1,Metro,Metro - Counties in metro areas of 1 million population or more,61,7,0,48.9331,10,15.8592,12466,40581,11698.88,2828.82,1762.08,0.241803,0.150620,459.81,0.1863,NULL,NULL,NULL,NULL,NULL,NULL,NULL,NULL,NULL,NULL,NULL,NULL,NULL,NULL,NULL
13153,2023,GA,Houston,3,Metro,"Metro - Counties in metro areas of fewer than 250,000 population",43,2,0,28.6667,5,6.2703,15000,29756,12039.81,2761.44,1601.34,0.229359,0.133004,568.73,0.1586,NULL,NULL,NULL,NULL,NULL,NULL,NULL,NULL,NULL,NULL,NULL,NULL,NULL,NULL,NULL
13155,2023,GA,Irwin,9,Nonmetro,"Nonmetro - Urban population of fewer than 5,000, not adjacent to a metro area",7,1,0,98.3146,3,62.2135,712,2054,11326.31,2314.57,2728.41,0.204353,0.240891,616.57,0.1646,NULL,NULL,NULL,NULL,NULL,NULL,NULL,NULL,NULL,NULL,NULL,NULL,NULL,NULL,NULL
13157,2023,GA,Jackson,4,Nonmetro,"Nonmetro - Urban population of 20,000 or more, adjacent to a metro area",27,1,0,40.0772,5,9.0563,6737,17235,11497.31,2715.75,2296.14,0.236207,0.199711,584.68,0.1922,NULL,NULL,NULL,NULL,NULL,NULL,NULL,NULL,NULL,NULL,NULL,NULL,NULL,NULL,NULL
13159,2023,GA,Jasper,1,Metro,Metro - Counties in metro areas of 1 million population or more,4,0,0,33.7553,1,13.9271,1185,3532,11046.64,2634.10,2195.35,0.238453,0.198735,502.95,0.1818,NULL,NULL,NULL,NULL,NULL,NULL,NULL,NULL,NULL,NULL,NULL,NULL,NULL,NULL,NULL
13161,2023,GA,Jeff Davis,9,Nonmetro,"Nonmetro - Urban population of fewer than 5,000, not adjacent to a metro area",9,1,0,79.0167,3,44.8287,1139,2978,12510.89,2320.12,2499.36,0.185448,0.199775,782.27,0.1274,NULL,NULL,NULL,NULL,NULL,NULL,NULL,NULL,NULL,NULL,NULL,NULL,NULL,NULL,NULL
13163,2023,GA,Jefferson,8,Nonmetro,"Nonmetro - Urban population of fewer than 5,000, adjacent to a metro area",8,0,0,65.0936,0,25.8971,1229,4126,12503.32,2951.28,1780.86,0.236040,0.142431,612.69,0.2177,NULL,NULL,NULL,NULL,NULL,NULL,NULL,NULL,NULL,NULL,NULL,NULL,NULL,NULL,NULL
13165,2023,GA,Jenkins,9,Nonmetro,"Nonmetro - Urban population of fewer than 5,000, not adjacent to a metro area",2,0,0,36.6300,0,14.0056,546,1925,13062.22,3960.86,2121.03,0.303230,0.162379,739.93,0.2518,NULL,NULL,NULL,NULL,NULL,NULL,NULL,NULL,NULL,NULL,NULL,NULL,NULL,NULL,NULL
13167,2023,GA,Johnson,9,Nonmetro,"Nonmetro - Urban population of fewer than 5,000, not adjacent to a metro area",1,0,0,14.3885,0,4.3584,695,2074,14264.80,3834.64,1650.32,0.268818,0.115692,725.18,0.2368,NULL,NULL,NULL,NULL,NULL,NULL,NULL,NULL,NULL,NULL,NULL,NULL,NULL,NULL,NULL
13169,2023,GA,Jones,3,Metro,"Metro - Counties in metro areas of fewer than 250,000 population",5,0,0,22.5428,0,5.7924,2218,6080,12720.49,3236.86,1745.74,0.254460,0.137238,666.37,0.2301,NULL,NULL,NULL,NULL,NULL,NULL,NULL,NULL,NULL,NULL,NULL,NULL,NULL,NULL,NULL
13171,2023,GA,Lamar,6,Nonmetro,"Nonmetro - Urban population of 5,000 to 20,000, adjacent to a metro area",4,0,0,25.6739,0,5.0978,1558,4592,10477.28,2708.93,1649.59,0.258553,0.157444,562.26,0.2000,NULL,NULL,NULL,NULL,NULL,NULL,NULL,NULL,NULL,NULL,NULL,NULL,NULL,NULL,NULL
13173,2023,GA,Lanier,3,Metro,"Metro - Counties in metro areas of fewer than 250,000 population",3,0,0,41.1523,0,12.7432,729,1816,12530.45,3083.02,2983.95,0.246042,0.238136,893.00,0.1719,NULL,NULL,NULL,NULL,NULL,NULL,NULL,NULL,NULL,NULL,NULL,NULL,NULL,NULL,NULL
13175,2023,GA,Laurens,4,Nonmetro,"Nonmetro - Urban population of 20,000 or more, adjacent to a metro area",23,2,0,54.0541,2,18.4126,4255,11661,11920.82,2836.37,1599.48,0.237934,0.134175,607.52,0.1608,NULL,NULL,NULL,NULL,NULL,NULL,NULL,NULL,NULL,NULL,NULL,NULL,NULL,NULL,NULL
13177,2023,GA,Lee,3,Metro,"Metro - Counties in metro areas of fewer than 250,000 population",7,1,0,29.3747,3,15.5195,2383,5798,11662.90,2826.17,2677.06,0.242321,0.229536,456.15,0.1677,NULL,NULL,NULL,NULL,NULL,NULL,NULL,NULL,NULL,NULL,NULL,NULL,NULL,NULL,NULL
13179,2023,GA,Liberty,3,Metro,"Metro - Counties in metro areas of fewer than 250,000 population",15,1,0,39.0829,1,8.0201,3838,9338,10553.88,2669.17,1554.78,0.252909,0.147318,368.16,0.1641,NULL,NULL,NULL,NULL,NULL,NULL,NULL,NULL,NULL,NULL,NULL,NULL,NULL,NULL,NULL
13181,2023,GA,Lincoln,2,Metro,"Metro - Counties in metro areas of 250,000 to 1 million population",2,0,0,21.4362,0,4.3422,933,2431,10571.83,1901.53,2104.04,0.179868,0.199023,423.37,0.1156,NULL,NULL,NULL,NULL,NULL,NULL,NULL,NULL,NULL,NULL,NULL,NULL,NULL,NULL,NULL
13183,2023,GA,Long,3,Metro,"Metro - Counties in metro areas of fewer than 250,000 population",1,0,0,11.3122,0,2.1798,884,2205,10311.44,2626.90,1857.38,0.254756,0.180128,473.98,0.1136,NULL,NULL,NULL,NULL,NULL,NULL,NULL,NULL,NULL,NULL,NULL,NULL,NULL,NULL,NULL
13185,2023,GA,Lowndes,3,Metro,"Metro - Counties in metro areas of fewer than 250,000 population",57,3,0,59.0857,7,17.2832,9647,21454,10930.80,2589.35,2232.53,0.236886,0.204242,612.00,0.2104,NULL,NULL,NULL,NULL,NULL,NULL,NULL,NULL,NULL,NULL,NULL,NULL,NULL,NULL,NULL
13187,2023,GA,Lumpkin,1,Metro,Metro - Counties in metro areas of 1 million population or more,6,0,0,16.9492,1,4.8573,3540,7718,10709.41,2484.94,2241.80,0.232033,0.209330,605.37,0.1593,NULL,NULL,NULL,NULL,NULL,NULL,NULL,NULL,NULL,NULL,NULL,NULL,NULL,NULL,NULL
13189,2023,GA,McDuffie,2,Metro,"Metro - Counties in metro areas of 250,000 to 1 million population",5,0,0,30.6748,1,11.7354,1630,5452,12714.53,2921.20,2030.46,0.229753,0.159696,580.37,0.1728,NULL,NULL,NULL,NULL,NULL,NULL,NULL,NULL,NULL,NULL,NULL,NULL,NULL,NULL,NULL
13191,2023,GA,McIntosh,3,Metro,"Metro - Counties in metro areas of fewer than 250,000 population",4,0,0,29.7619,1,11.2548,1344,3724,12242.56,3111.70,2123.15,0.254171,0.173424,501.49,0.1821,NULL,NULL,NULL,NULL,NULL,NULL,NULL,NULL,NULL,NULL,NULL,NULL,NULL,NULL,NULL
13193,2023,GA,Macon,8,Nonmetro,"Nonmetro - Urban population of fewer than 5,000, adjacent to a metro area",11,1,0,138.5390,2,64.9495,794,2780,10240.50,2581.77,1832.30,0.252114,0.178927,556.68,0.1914,NULL,NULL,NULL,NULL,NULL,NULL,NULL,NULL,NULL,NULL,NULL,NULL,NULL,NULL,NULL
13195,2023,GA,Madison,3,Metro,"Metro - Counties in metro areas of fewer than 250,000 population",6,0,0,21.4056,0,4.4804,2803,7252,11261.46,2730.58,1619.40,0.242471,0.143800,508.03,0.1835,NULL,NULL,NULL,NULL,NULL,NULL,NULL,NULL,NULL,NULL,NULL,NULL,NULL,NULL,NULL
13197,2023,GA,Marion,2,Metro,"Metro - Counties in metro areas of 250,000 to 1 million population",2,0,0,32.3102,0,9.2421,619,1834,11962.22,3214.16,1959.22,0.268693,0.163784,529.89,0.1418,NULL,NULL,NULL,NULL,NULL,NULL,NULL,NULL,NULL,NULL,NULL,NULL,NULL,NULL,NULL
13199,2023,GA,Meriwether,1,Metro,Metro - Counties in metro areas of 1 million population or more,10,0,0,59.8086,0,18.4179,1672,5890,10971.96,2789.06,1854.85,0.254199,0.169054,651.32,0.1534,NULL,NULL,NULL,NULL,NULL,NULL,NULL,NULL,NULL,NULL,NULL,NULL,NULL,NULL,NULL
13201,2023,GA,Miller,9,Nonmetro,"Nonmetro - Urban population of fewer than 5,000, not adjacent to a metro area",6,0,0,96.7742,3,61.0599,620,1531,27129.01,5053.58,3897.61,0.186280,0.143669,808.06,0.1784,NULL,NULL,NULL,NULL,NULL,NULL,NULL,NULL,NULL,NULL,NULL,NULL,NULL,NULL,NULL
13205,2023,GA,Mitchell,6,Nonmetro,"Nonmetro - Urban population of 5,000 to 20,000, adjacent to a metro area",17,0,0,114.0174,3,55.3909,1491,4874,12704.63,3224.26,2914.75,0.253786,0.229424,686.12,0.1404,NULL,NULL,NULL,NULL,NULL,NULL,NULL,NULL,NULL,NULL,NULL,NULL,NULL,NULL,NULL
13207,2023,GA,Monroe,3,Metro,"Metro - Counties in metro areas of fewer than 250,000 population",10,0,0,37.7929,2,14.5978,2646,6855,10422.06,2180.82,1708.62,0.209250,0.163943,581.25,0.1532,NULL,NULL,NULL,NULL,NULL,NULL,NULL,NULL,NULL,NULL,NULL,NULL,NULL,NULL,NULL
13209,2023,GA,Montgomery,9,Nonmetro,"Nonmetro - Urban population of fewer than 5,000, not adjacent to a metro area",3,0,0,45.8015,0,16.0985,655,1889,11388.10,3218.09,1586.95,0.282584,0.139352,648.86,0.2349,NULL,NULL,NULL,NULL,NULL,NULL,NULL,NULL,NULL,NULL,NULL,NULL,NULL,NULL,NULL
13211,2023,GA,Morgan,1,Metro,Metro - Counties in metro areas of 1 million population or more,9,1,0,44.6872,2,15.0889,2014,5297,12354.54,2814.06,1904.31,0.227775,0.154138,604.77,0.1922,NULL,NULL,NULL,NULL,NULL,NULL,NULL,NULL,NULL,NULL,NULL,NULL,NULL,NULL,NULL
13213,2023,GA,Murray,3,Metro,"Metro - Counties in metro areas of fewer than 250,000 population",9,0,0,22.6986,1,7.9738,3965,8451,11882.02,2826.65,2328.54,0.237893,0.195972,723.33,0.1674,NULL,NULL,NULL,NULL,NULL,NULL,NULL,NULL,NULL,NULL,NULL,NULL,NULL,NULL,NULL
13215,2023,GA,Muscogee,2,Metro,"Metro - Counties in metro areas of 250,000 to 1 million population",69,4,0,44.3758,7,12.6590,15549,39127,12055.75,2739.44,2286.50,0.227231,0.189661,580.74,0.1790,NULL,NULL,NULL,NULL,NULL,NULL,NULL,NULL,NULL,NULL,NULL,NULL,NULL,NULL,NULL
13217,2023,GA,Newton,1,Metro,Metro - Counties in metro areas of 1 million population or more,20,0,0,32.6052,5,14.6347,6134,21618,12729.04,3182.94,2256.13,0.250053,0.177243,689.44,0.1768,NULL,NULL,NULL,NULL,NULL,NULL,NULL,NULL,NULL,NULL,NULL,NULL,NULL,NULL,NULL
13219,2023,GA,Oconee,3,Metro,"Metro - Counties in metro areas of fewer than 250,000 population",12,0,0,30.2572,0,1.6381,3966,8108,11026.19,2408.96,2030.39,0.218476,0.184142,430.91,0.1909,NULL,NULL,NULL,NULL,NULL,NULL,NULL,NULL,NULL,NULL,NULL,NULL,NULL,NULL,NULL
13221,2023,GA,Oglethorpe,3,Metro,"Metro - Counties in metro areas of fewer than 250,000 population",1,0,0,6.7659,0,1.3924,1478,3699,11433.30,2828.82,1582.36,0.247419,0.138399,546.01,0.2145,NULL,NULL,NULL,NULL,NULL,NULL,NULL,NULL,NULL,NULL,NULL,NULL,NULL,NULL,NULL
13223,2023,GA,Paulding,1,Metro,Metro - Counties in metro areas of 1 million population or more,28,0,0,28.9196,3,6.9898,9682,26086,12097.68,3302.03,2593.43,0.272947,0.214374,649.45,0.2046,NULL,NULL,NULL,NULL,NULL,NULL,NULL,NULL,NULL,NULL,NULL,NULL,NULL,NULL,NULL
13225,2023,GA,Peach,3,Metro,"Metro - Counties in metro areas of fewer than 250,000 population",11,0,0,40.6204,2,12.4954,2708,6609,11791.08,2474.96,1865.58,0.209901,0.158220,672.82,0.1685,NULL,NULL,NULL,NULL,NULL,NULL,NULL,NULL,NULL,NULL,NULL,NULL,NULL,NULL,NULL
13227,2023,GA,Pickens,1,Metro,Metro - Counties in metro areas of 1 million population or more,11,0,0,22.1819,1,3.8366,4959,10773,10949.46,2344.13,2668.92,0.214086,0.243749,538.42,0.1849,NULL,NULL,NULL,NULL,NULL,NULL,NULL,NULL,NULL,NULL,NULL,NULL,NULL,NULL,NULL
13229,2023,GA,Pierce,8,Nonmetro,"Nonmetro - Urban population of fewer than 5,000, adjacent to a metro area",8,0,0,40.7125,1,14.1873,1965,4549,13323.25,3218.62,2157.24,0.241579,0.161915,629.52,0.1967,NULL,NULL,NULL,NULL,NULL,NULL,NULL,NULL,NULL,NULL,NULL,NULL,NULL,NULL,NULL
13231,2023,GA,Pike,1,Metro,Metro - Counties in metro areas of 1 million population or more,2,0,0,12.4922,0,2.1670,1601,4154,9918.20,2297.62,1919.00,0.231657,0.193483,501.56,0.2271,NULL,NULL,NULL,NULL,NULL,NULL,NULL,NULL,NULL,NULL,NULL,NULL,NULL,NULL,NULL
13233,2023,GA,Polk,4,Nonmetro,"Nonmetro - Urban population of 20,000 or more, adjacent to a metro area",10,0,0,29.0613,1,11.2853,3441,9640,12919.98,3503.80,2097.18,0.271192,0.162321,799.19,0.1829,NULL,NULL,NULL,NULL,NULL,NULL,NULL,NULL,NULL,NULL,NULL,NULL,NULL,NULL,NULL
13235,2023,GA,Pulaski,8,Nonmetro,"Nonmetro - Urban population of fewer than 5,000, adjacent to a metro area",12,1,0,124.6106,3,54.5171,963,2274,13555.93,3054.57,2295.49,0.225331,0.169335,666.67,0.1333,NULL,NULL,NULL,NULL,NULL,NULL,NULL,NULL,NULL,NULL,NULL,NULL,NULL,NULL,NULL
13237,2023,GA,Putnam,8,Nonmetro,"Nonmetro - Urban population of fewer than 5,000, adjacent to a metro area",11,0,0,39.8551,2,13.7606,2760,6611,11835.87,2522.36,2464.58,0.213111,0.208230,648.55,0.1654,NULL,NULL,NULL,NULL,NULL,NULL,NULL,NULL,NULL,NULL,NULL,NULL,NULL,NULL,NULL
13239,2023,GA,Quitman,8,Nonmetro,"Nonmetro - Urban population of fewer than 5,000, adjacent to a metro area",NULL,NULL,NULL,NULL,NULL,NULL,288,813,12709.05,2339.53,2425.30,0.184084,0.190833,767.36,0.1912,NULL,NULL,NULL,NULL,NULL,NULL,NULL,NULL,NULL,NULL,NULL,NULL,NULL,NULL,NULL
13241,2023,GA,Rabun,9,Nonmetro,"Nonmetro - Urban population of fewer than 5,000, not adjacent to a metro area",10,0,0,34.3407,1,8.7143,2912,5873,10648.44,2382.80,2112.54,0.223770,0.198390,584.48,0.1406,NULL,NULL,NULL,NULL,NULL,NULL,NULL,NULL,NULL,NULL,NULL,NULL,NULL,NULL,NULL
13243,2023,GA,Randolph,8,Nonmetro,"Nonmetro - Urban population of fewer than 5,000, adjacent to a metro area",6,1,0,111.7318,1,49.7739,537,1755,10651.77,3555.60,1497.79,0.333804,0.140614,463.69,0.2101,NULL,NULL,NULL,NULL,NULL,NULL,NULL,NULL,NULL,NULL,NULL,NULL,NULL,NULL,NULL
13245,2023,GA,Richmond,2,Metro,"Metro - Counties in metro areas of 250,000 to 1 million population",59,0,0,43.5843,6,14.4602,13537,40835,11103.53,2611.42,1743.66,0.235188,0.157037,441.53,0.1967,NULL,NULL,NULL,NULL,NULL,NULL,NULL,NULL,NULL,NULL,NULL,NULL,NULL,NULL,NULL
13247,2023,GA,Rockdale,1,Metro,Metro - Counties in metro areas of 1 million population or more,34,1,0,67.7426,3,22.0603,5019,17758,12027.73,3085.72,2225.42,0.256550,0.185024,543.34,0.1826,NULL,NULL,NULL,NULL,NULL,NULL,NULL,NULL,NULL,NULL,NULL,NULL,NULL,NULL,NULL
13249,2023,GA,Schley,8,Nonmetro,"Nonmetro - Urban population of fewer than 5,000, adjacent to a metro area",1,0,0,41.4938,0,18.4523,241,888,9146.63,2135.54,2483.60,0.233478,0.271532,572.61,NULL,NULL,NULL,NULL,NULL,NULL,NULL,NULL,NULL,NULL,NULL,NULL,NULL,NULL,NULL,NULL
13251,2023,GA,Screven,8,Nonmetro,"Nonmetro - Urban population of fewer than 5,000, adjacent to a metro area",2,0,0,18.0832,0,6.1713,1106,3717,11156.59,2297.67,2358.86,0.205947,0.211432,640.14,0.2010,NULL,NULL,NULL,NULL,NULL,NULL,NULL,NULL,NULL,NULL,NULL,NULL,NULL,NULL,NULL
13253,2023,GA,Seminole,8,Nonmetro,"Nonmetro - Urban population of fewer than 5,000, adjacent to a metro area",6,0,0,62.2407,0,18.7939,964,2424,12381.90,3011.96,1736.85,0.243255,0.140273,542.53,0.1810,NULL,NULL,NULL,NULL,NULL,NULL,NULL,NULL,NULL,NULL,NULL,NULL,NULL,NULL,NULL
13255,2023,GA,Spalding,1,Metro,Metro - Counties in metro areas of 1 million population or more,19,1,0,34.4078,2,11.4937,5522,16760,11532.28,3003.50,1763.57,0.260443,0.152925,505.61,0.1606,NULL,NULL,NULL,NULL,NULL,NULL,NULL,NULL,NULL,NULL,NULL,NULL,NULL,NULL,NULL
13257,2023,GA,Stephens,7,Nonmetro,"Nonmetro - Urban population of 5,000 to 20,000, not adjacent to a metro area",14,1,0,45.6026,1,12.5153,3070,7582,11809.76,3112.98,2067.68,0.263594,0.175082,701.63,0.1794,NULL,NULL,NULL,NULL,NULL,NULL,NULL,NULL,NULL,NULL,NULL,NULL,NULL,NULL,NULL
13259,2023,GA,Stewart,2,Metro,"Metro - Counties in metro areas of 250,000 to 1 million population",3,0,0,106.7616,1,62.8056,281,1170,10692.76,1813.75,2077.64,0.169624,0.194303,473.31,NULL,NULL,NULL,NULL,NULL,NULL,NULL,NULL,NULL,NULL,NULL,NULL,NULL,NULL,NULL,NULL
13261,2023,GA,Sumter,6,Nonmetro,"Nonmetro - Urban population of 5,000 to 20,000, adjacent to a metro area",17,0,0,84.4511,1,30.6153,2013,6630,10365.69,2620.36,2636.57,0.252792,0.254355,592.65,0.1766,NULL,NULL,NULL,NULL,NULL,NULL,NULL,NULL,NULL,NULL,NULL,NULL,NULL,NULL,NULL
13263,2023,GA,Talbot,2,Metro,"Metro - Counties in metro areas of 250,000 to 1 million population",1,0,0,18.8324,1,18.8324,531,1822,11761.79,2693.43,2396.19,0.228998,0.203727,591.34,0.2266,NULL,NULL,NULL,NULL,NULL,NULL,NULL,NULL,NULL,NULL,NULL,NULL,NULL,NULL,NULL
13265,2023,GA,Taliaferro,8,Nonmetro,"Nonmetro - Urban population of fewer than 5,000, adjacent to a metro area",NULL,NULL,NULL,NULL,NULL,NULL,141,521,11511.69,2005.65,2147.98,0.174227,0.186591,553.19,NULL,NULL,NULL,NULL,NULL,NULL,NULL,NULL,NULL,NULL,NULL,NULL,NULL,NULL,NULL,NULL
13267,2023,GA,Tattnall,8,Nonmetro,"Nonmetro - Urban population of fewer than 5,000, adjacent to a metro area",6,0,0,40.1070,0,12.8343,1496,4406,12393.30,3409.59,1555.30,0.275116,0.125495,613.64,0.2088,NULL,NULL,NULL,NULL,NULL,NULL,NULL,NULL,NULL,NULL,NULL,NULL,NULL,NULL,NULL
13269,2023,GA,Taylor,8,Nonmetro,"Nonmetro - Urban population of fewer than 5,000, adjacent to a metro area",4,0,0,68.1431,0,24.7592,587,1965,11784.08,3272.37,1936.99,0.277694,0.164373,550.26,0.2077,NULL,NULL,NULL,NULL,NULL,NULL,NULL,NULL,NULL,NULL,NULL,NULL,NULL,NULL,NULL
13271,2023,GA,Telfair,9,Nonmetro,"Nonmetro - Urban population of fewer than 5,000, not adjacent to a metro area",5,0,0,58.8235,0,22.6440,850,2642,11912.80,2725.28,1914.00,0.228769,0.160668,668.24,0.1584,NULL,NULL,NULL,NULL,NULL,NULL,NULL,NULL,NULL,NULL,NULL,NULL,NULL,NULL,NULL
13273,2023,GA,Terrell,3,Metro,"Metro - Counties in metro areas of fewer than 250,000 population",3,0,0,43.4153,0,13.8003,691,2388,11709.59,3613.59,2338.72,0.308601,0.199727,463.10,0.1572,NULL,NULL,NULL,NULL,NULL,NULL,NULL,NULL,NULL,NULL,NULL,NULL,NULL,NULL,NULL
13275,2023,GA,Thomas,4,Nonmetro,"Nonmetro - Urban population of 20,000 or more, adjacent to a metro area",26,1,0,62.5602,3,23.2842,4156,11340,11618.25,2461.44,2760.48,0.211860,0.237599,534.41,0.1438,NULL,NULL,NULL,NULL,NULL,NULL,NULL,NULL,NULL,NULL,NULL,NULL,NULL,NULL,NULL
13277,2023,GA,Tift,5,Nonmetro,"Nonmetro - Urban population of 20,000 or more, not adjacent to a metro area",23,0,0,77.1036,3,30.9781,2983,8498,12646.92,3036.12,2705.67,0.240068,0.213939,625.88,0.1924,NULL,NULL,NULL,NULL,NULL,NULL,NULL,NULL,NULL,NULL,NULL,NULL,NULL,NULL,NULL
13279,2023,GA,Toombs,7,Nonmetro,"Nonmetro - Urban population of 5,000 to 20,000, not adjacent to a metro area",12,0,0,59.0261,0,22.8597,2033,6108,12433.86,3114.25,1826.72,0.250465,0.146915,694.54,0.1779,NULL,NULL,NULL,NULL,NULL,NULL,NULL,NULL,NULL,NULL,NULL,NULL,NULL,NULL,NULL
13281,2023,GA,Towns,9,Nonmetro,"Nonmetro - Urban population of fewer than 5,000, not adjacent to a metro area",7,0,0,25.0986,0,2.4961,2789,5704,10585.73,2151.07,2773.74,0.203205,0.262026,560.06,0.1429,NULL,NULL,NULL,NULL,NULL,NULL,NULL,NULL,NULL,NULL,NULL,NULL,NULL,NULL,NULL
13283,2023,GA,Treutlen,9,Nonmetro,"Nonmetro - Urban population of fewer than 5,000, not adjacent to a metro area",3,0,0,70.7547,0,26.3760,424,1480,12022.44,2561.03,1753.94,0.213021,0.145889,617.92,0.1786,NULL,NULL,NULL,NULL,NULL,NULL,NULL,NULL,NULL,NULL,NULL,NULL,NULL,NULL,NULL
13285,2023,GA,Troup,4,Nonmetro,"Nonmetro - Urban population of 20,000 or more, adjacent to a metro area",27,1,0,54.2605,3,21.7622,4976,14616,12423.75,3521.96,2171.19,0.283486,0.174761,728.50,0.1991,NULL,NULL,NULL,NULL,NULL,NULL,NULL,NULL,NULL,NULL,NULL,NULL,NULL,NULL,NULL
13287,2023,GA,Turner,9,Nonmetro,"Nonmetro - Urban population of fewer than 5,000, not adjacent to a metro area",4,0,0,73.8007,0,30.5107,542,2057,11180.19,3054.01,2672.86,0.273163,0.239071,468.63,0.1207,NULL,NULL,NULL,NULL,NULL,NULL,NULL,NULL,NULL,NULL,NULL,NULL,NULL,NULL,NULL
13289,2023,GA,Twiggs,3,Metro,"Metro - Counties in metro areas of fewer than 250,000 population",1,0,0,13.3333,0,4.3486,750,2465,12597.08,2853.72,1842.22,0.226538,0.146242,613.33,0.1879,NULL,NULL,NULL,NULL,NULL,NULL,NULL,NULL,NULL,NULL,NULL,NULL,NULL,NULL,NULL
13291,2023,GA,Union,8,Nonmetro,"Nonmetro - Urban population of fewer than 5,000, adjacent to a metro area",7,0,0,13.4615,0,0.9882,5200,10636,9899.83,2018.97,2675.65,0.203940,0.270272,557.31,0.1508,NULL,NULL,NULL,NULL,NULL,NULL,NULL,NULL,NULL,NULL,NULL,NULL,NULL,NULL,NULL
13293,2023,GA,Upson,6,Nonmetro,"Nonmetro - Urban population of 5,000 to 20,000, adjacent to a metro area",10,0,0,44.3656,0,12.7600,2254,6977,10548.16,2713.13,1707.06,0.257214,0.161835,622.89,0.1723,NULL,NULL,NULL,NULL,NULL,NULL,NULL,NULL,NULL,NULL,NULL,NULL,NULL,NULL,NULL
13295,2023,GA,Walker,2,Metro,"Metro - Counties in metro areas of 250,000 to 1 million population",17,0,0,24.8465,2,7.9850,6842,16509,12467.01,2930.84,1841.43,0.235088,0.147704,584.62,0.1536,NULL,NULL,NULL,NULL,NULL,NULL,NULL,NULL,NULL,NULL,NULL,NULL,NULL,NULL,NULL
13297,2023,GA,Walton,1,Metro,Metro - Counties in metro areas of 1 million population or more,13,0,0,16.8590,1,3.2397,7711,21458,12104.83,3163.87,2061.19,0.261373,0.170278,623.40,0.1730,NULL,NULL,NULL,NULL,NULL,NULL,NULL,NULL,NULL,NULL,NULL,NULL,NULL,NULL,NULL
13299,2023,GA,Ware,5,Nonmetro,"Nonmetro - Urban population of 20,000 or more, not adjacent to a metro area",22,1,0,67.8593,2,26.8084,3242,8680,13723.71,3254.47,1727.03,0.237142,0.125843,719.00,0.1748,NULL,NULL,NULL,NULL,NULL,NULL,NULL,NULL,NULL,NULL,NULL,NULL,NULL,NULL,NULL
13301,2023,GA,Warren,8,Nonmetro,"Nonmetro - Urban population of fewer than 5,000, adjacent to a metro area",2,0,0,48.8998,0,16.4323,409,1590,13824.20,3134.68,1819.17,0.226753,0.131593,601.47,0.1619,NULL,NULL,NULL,NULL,NULL,NULL,NULL,NULL,NULL,NULL,NULL,NULL,NULL,NULL,NULL
13303,2023,GA,Washington,7,Nonmetro,"Nonmetro - Urban population of 5,000 to 20,000, not adjacent to a metro area",7,1,0,45.6026,2,22.1834,1535,4857,11338.25,2379.42,1839.13,0.209858,0.162206,670.36,0.1646,NULL,NULL,NULL,NULL,NULL,NULL,NULL,NULL,NULL,NULL,NULL,NULL,NULL,NULL,NULL
13305,2023,GA,Wayne,6,Nonmetro,"Nonmetro - Urban population of 5,000 to 20,000, adjacent to a metro area",14,0,0,55.2268,3,24.4748,2535,6565,11719.42,2433.29,2100.50,0.207629,0.179232,676.92,0.1670,NULL,NULL,NULL,NULL,NULL,NULL,NULL,NULL,NULL,NULL,NULL,NULL,NULL,NULL,NULL
13307,2023,GA,Webster,8,Nonmetro,"Nonmetro - Urban population of fewer than 5,000, adjacent to a metro area",2,1,0,112.9944,1,76.2297,177,617,11494.54,3296.34,2273.14,0.286774,0.197758,457.63,0.2549,NULL,NULL,NULL,NULL,NULL,NULL,NULL,NULL,NULL,NULL,NULL,NULL,NULL,NULL,NULL
13309,2023,GA,Wheeler,9,Nonmetro,"Nonmetro - Urban population of fewer than 5,000, not adjacent to a metro area",5,0,0,127.2265,0,48.2376,393,1190,12214.38,2941.27,1258.18,0.240804,0.103008,636.13,0.1333,NULL,NULL,NULL,NULL,NULL,NULL,NULL,NULL,NULL,NULL,NULL,NULL,NULL,NULL,NULL
13311,2023,GA,White,8,Nonmetro,"Nonmetro - Urban population of fewer than 5,000, adjacent to a metro area",10,1,0,30.4785,1,7.9221,3281,8294,11611.89,2781.16,2161.44,0.239510,0.186140,532.76,0.1762,NULL,NULL,NULL,NULL,NULL,NULL,NULL,NULL,NULL,NULL,NULL,NULL,NULL,NULL,NULL
13313,2023,GA,Whitfield,3,Metro,"Metro - Counties in metro areas of fewer than 250,000 population",42,0,0,41.9539,1,8.8253,10011,18999,11507.90,2702.99,2415.21,0.234881,0.209874,586.16,0.1649,NULL,NULL,NULL,NULL,NULL,NULL,NULL,NULL,NULL,NULL,NULL,NULL,NULL,NULL,NULL
13315,2023,GA,Wilcox,9,Nonmetro,"Nonmetro - Urban population of fewer than 5,000, not adjacent to a metro area",6,0,0,94.7867,3,62.9057,633,1852,14141.33,3537.66,2365.54,0.250165,0.167278,674.57,0.1132,NULL,NULL,NULL,NULL,NULL,NULL,NULL,NULL,NULL,NULL,NULL,NULL,NULL,NULL,NULL
13317,2023,GA,Wilkes,8,Nonmetro,"Nonmetro - Urban population of fewer than 5,000, adjacent to a metro area",4,0,0,40.0000,0,13.7360,1000,2939,11932.99,2405.90,1900.65,0.201618,0.159277,656.00,0.1514,NULL,NULL,NULL,NULL,NULL,NULL,NULL,NULL,NULL,NULL,NULL,NULL,NULL,NULL,NULL
13319,2023,GA,Wilkinson,8,Nonmetro,"Nonmetro - Urban population of fewer than 5,000, adjacent to a metro area",4,0,0,46.0299,0,14.9499,869,2535,11179.96,3100.48,1441.04,0.277325,0.128895,684.70,0.1495,NULL,NULL,NULL,NULL,NULL,NULL,NULL,NULL,NULL,NULL,NULL,NULL,NULL,NULL,NULL
13321,2023,GA,Worth,3,Metro,"Metro - Counties in metro areas of fewer than 250,000 population",8,0,0,49.1099,1,19.7352,1629,4731,10817.35,2320.74,2754.36,0.214539,0.254624,583.18,0.1620,NULL,NULL,NULL,NULL,NULL,NULL,NULL,NULL,NULL,NULL,NULL,NULL,NULL,NULL,NULL
15000,2023,HI,UNKNOWN,NULL,NULL,NULL,NULL,NULL,NULL,NULL,NULL,NULL,NULL,NULL,NULL,NULL,NULL,NULL,NULL,NULL,NULL,NULL,NULL,NULL,NULL,NULL,NULL,NULL,NULL,NULL,NULL,NULL,NULL,NULL,NULL,NULL
15001,2023,HI,Hawaii,5,Nonmetro,"Nonmetro - Urban population of 20,000 or more, not adjacent to a metro area",56,1,0,26.4825,6,5.7571,21146,53037,7473.46,1786.95,1514.86,0.239106,0.202699,497.92,0.1287,NULL,NULL,NULL,NULL,NULL,NULL,NULL,NULL,NULL,NULL,NULL,NULL,NULL,NULL,NULL
15003,2023,HI,Honolulu,1,Metro,Metro - Counties in metro areas of 1 million population or more,234,5,0,36.9709,18,5.1978,63293,207249,8580.86,2107.88,1790.96,0.245649,0.208716,487.89,0.1592,NULL,NULL,NULL,NULL,NULL,NULL,NULL,NULL,NULL,NULL,NULL,NULL,NULL,NULL,NULL
15005,2023,HI,Kalawao,3,Metro,"Metro - Counties in metro areas of fewer than 250,000 population",NULL,NULL,NULL,NULL,NULL,NULL,NULL,NULL,NULL,NULL,NULL,NULL,NULL,NULL,NULL,NULL,NULL,NULL,NULL,NULL,NULL,NULL,NULL,NULL,NULL,NULL,NULL,NULL,NULL,NULL
15007,2023,HI,Kauai,5,Nonmetro,"Nonmetro - Urban population of 20,000 or more, not adjacent to a metro area",38,1,0,55.5231,4,7.6897,6844,17798,7491.59,1780.97,1957.02,0.237729,0.261229,551.58,0.1497,NULL,NULL,NULL,NULL,NULL,NULL,NULL,NULL,NULL,NULL,NULL,NULL,NULL,NULL,NULL
15009,2023,HI,Maui,3,Metro,"Metro - Counties in metro areas of fewer than 250,000 population",55,1,0,50.5608,5,6.6742,10878,35871,7870.07,1658.53,1486.39,0.210739,0.188866,455.51,0.1295,NULL,NULL,NULL,NULL,NULL,NULL,NULL,NULL,NULL,NULL,NULL,NULL,NULL,NULL,NULL
16000,2023,ID,UNKNOWN,NULL,NULL,NULL,NULL,NULL,NULL,NULL,NULL,NULL,NULL,NULL,NULL,NULL,NULL,NULL,NULL,NULL,NULL,NULL,NULL,NULL,NULL,NULL,NULL,NULL,NULL,NULL,NULL,NULL,NULL,NULL,NULL,NULL
16001,2023,ID,Ada,2,Metro,"Metro - Counties in metro areas of 250,000 to 1 million population",162,9,0,46.8818,25,8.3207,34555,99778,9837.90,1963.15,2969.11,0.199550,0.301803,487.74,0.1231,NULL,NULL,NULL,NULL,NULL,NULL,NULL,NULL,NULL,NULL,NULL,NULL,NULL,NULL,NULL
16003,2023,ID,Adams,9,Nonmetro,"Nonmetro - Urban population of fewer than 5,000, not adjacent to a metro area",1,0,0,11.5075,0,1.1769,869,1582,7800.53,2056.96,2520.46,0.263695,0.323114,434.98,0.1475,NULL,NULL,NULL,NULL,NULL,NULL,NULL,NULL,NULL,NULL,NULL,NULL,NULL,NULL,NULL
16005,2023,ID,Bannock,3,Metro,"Metro - Counties in metro areas of fewer than 250,000 population",35,5,0,46.4869,8,17.7910,7529,17573,10853.65,2589.76,2708.07,0.238607,0.249508,491.70,0.1465,NULL,NULL,NULL,NULL,NULL,NULL,NULL,NULL,NULL,NULL,NULL,NULL,NULL,NULL,NULL
16007,2023,ID,Bear Lake,9,Nonmetro,"Nonmetro - Urban population of fewer than 5,000, not adjacent to a metro area",7,0,0,51.1696,0,-1.5810,1368,1631,10929.91,2111.74,3189.14,0.193207,0.291781,457.60,0.1289,NULL,NULL,NULL,NULL,NULL,NULL,NULL,NULL,NULL,NULL,NULL,NULL,NULL,NULL,NULL
16009,2023,ID,Benewah,8,Nonmetro,"Nonmetro - Urban population of fewer than 5,000, adjacent to a metro area",2,0,0,8.2884,0,0.0950,2413,3185,8616.08,1893.76,2454.95,0.219794,0.284927,522.17,0.0906,NULL,NULL,NULL,NULL,NULL,NULL,NULL,NULL,NULL,NULL,NULL,NULL,NULL,NULL,NULL
16011,2023,ID,Bingham,6,Nonmetro,"Nonmetro - Urban population of 5,000 to 20,000, adjacent to a metro area",13,0,0,30.3596,2,10.5255,4282,9284,11698.96,2202.47,3730.22,0.188262,0.318851,486.92,0.1097,NULL,NULL,NULL,NULL,NULL,NULL,NULL,NULL,NULL,NULL,NULL,NULL,NULL,NULL,NULL
16013,2023,ID,Blaine,7,Nonmetro,"Nonmetro - Urban population of 5,000 to 20,000, not adjacent to a metro area",8,0,0,20.0702,1,1.3135,3986,6068,9617.89,1883.58,4494.55,0.195841,0.467311,452.83,0.1343,NULL,NULL,NULL,NULL,NULL,NULL,NULL,NULL,NULL,NULL,NULL,NULL,NULL,NULL,NULL
16015,2023,ID,Boise,2,Metro,"Metro - Counties in metro areas of 250,000 to 1 million population",2,1,0,21.0970,1,11.8206,948,2610,8839.70,1951.51,3276.90,0.220767,0.370703,319.62,0.1121,NULL,NULL,NULL,NULL,NULL,NULL,NULL,NULL,NULL,NULL,NULL,NULL,NULL,NULL,NULL
16017,2023,ID,Bonner,6,Nonmetro,"Nonmetro - Urban population of 5,000 to 20,000, adjacent to a metro area",14,0,0,17.9602,4,5.3657,7795,15309,7914.66,1531.28,2328.28,0.193474,0.294173,408.47,0.1177,NULL,NULL,NULL,NULL,NULL,NULL,NULL,NULL,NULL,NULL,NULL,NULL,NULL,NULL,NULL
16019,2023,ID,Bonneville,3,Metro,"Metro - Counties in metro areas of fewer than 250,000 population",40,0,0,37.2439,6,11.0780,10740,21977,12087.79,2506.64,3521.65,0.207370,0.291339,571.97,0.1078,NULL,NULL,NULL,NULL,NULL,NULL,NULL,NULL,NULL,NULL,NULL,NULL,NULL,NULL,NULL
16021,2023,ID,Boundary,9,Nonmetro,"Nonmetro - Urban population of fewer than 5,000, not adjacent to a metro area",6,0,0,30.1356,0,2.3192,1991,4024,6576.18,1187.45,1953.69,0.180568,0.297086,445.50,0.0874,NULL,NULL,NULL,NULL,NULL,NULL,NULL,NULL,NULL,NULL,NULL,NULL,NULL,NULL,NULL
16023,2023,ID,Butte,3,Metro,"Metro - Counties in metro areas of fewer than 250,000 population",1,0,0,15.0376,0,-1.6291,665,762,11807.43,2223.82,3907.96,0.188341,0.330975,756.39,0.1293,NULL,NULL,NULL,NULL,NULL,NULL,NULL,NULL,NULL,NULL,NULL,NULL,NULL,NULL,NULL
16025,2023,ID,Camas,9,Nonmetro,"Nonmetro - Urban population of fewer than 5,000, not adjacent to a metro area",1,0,0,57.1429,0,-1.6806,175,303,12015.12,2473.99,3412.28,0.205906,0.283999,285.71,NULL,NULL,NULL,NULL,NULL,NULL,NULL,NULL,NULL,NULL,NULL,NULL,NULL,NULL,NULL,NULL
16027,2023,ID,Canyon,2,Metro,"Metro - Counties in metro areas of 250,000 to 1 million population",48,5,0,34.3249,11,10.7760,13984,46190,10459.57,2258.03,3072.24,0.215882,0.293725,628.22,0.1405,NULL,NULL,NULL,NULL,NULL,NULL,NULL,NULL,NULL,NULL,NULL,NULL,NULL,NULL,NULL
16029,2023,ID,Caribou,8,Nonmetro,"Nonmetro - Urban population of fewer than 5,000, adjacent to a metro area",4,0,0,31.6957,0,1.0444,1262,1562,11978.89,2034.15,4058.63,0.169811,0.338815,544.37,0.1163,NULL,NULL,NULL,NULL,NULL,NULL,NULL,NULL,NULL,NULL,NULL,NULL,NULL,NULL,NULL
16031,2023,ID,Cassia,6,Nonmetro,"Nonmetro - Urban population of 5,000 to 20,000, adjacent to a metro area",8,1,0,32.4939,1,7.8547,2462,4592,9930.27,1825.96,3102.82,0.183878,0.312461,527.62,0.1048,NULL,NULL,NULL,NULL,NULL,NULL,NULL,NULL,NULL,NULL,NULL,NULL,NULL,NULL,NULL
16033,2023,ID,Clark,8,Nonmetro,"Nonmetro - Urban population of fewer than 5,000, adjacent to a metro area",NULL,NULL,NULL,NULL,NULL,NULL,66,146,12408.47,NULL,2570.33,NULL,0.207143,681.82,NULL,NULL,NULL,NULL,NULL,NULL,NULL,NULL,NULL,NULL,NULL,NULL,NULL,NULL,NULL,NULL
16035,2023,ID,Clearwater,8,Nonmetro,"Nonmetro - Urban population of fewer than 5,000, adjacent to a metro area",6,0,0,22.8571,0,-0.3987,2625,3086,8851.49,1811.82,3346.91,0.204691,0.378118,495.62,0.1849,NULL,NULL,NULL,NULL,NULL,NULL,NULL,NULL,NULL,NULL,NULL,NULL,NULL,NULL,NULL
16037,2023,ID,Custer,8,Nonmetro,"Nonmetro - Urban population of fewer than 5,000, adjacent to a metro area",1,0,0,7.6104,0,-0.5595,1314,1489,8141.99,1763.84,2524.26,0.216635,0.310030,345.51,0.1180,NULL,NULL,NULL,NULL,NULL,NULL,NULL,NULL,NULL,NULL,NULL,NULL,NULL,NULL,NULL
16039,2023,ID,Elmore,6,Nonmetro,"Nonmetro - Urban population of 5,000 to 20,000, adjacent to a metro area",9,0,0,34.1297,0,6.6572,2637,5422,9081.04,2009.54,2818.23,0.221290,0.310342,582.86,0.1348,NULL,NULL,NULL,NULL,NULL,NULL,NULL,NULL,NULL,NULL,NULL,NULL,NULL,NULL,NULL
16041,2023,ID,Franklin,3,Metro,"Metro - Counties in metro areas of fewer than 250,000 population",2,0,0,12.3993,0,1.8452,1613,2754,10188.14,1821.57,3240.98,0.178793,0.318113,443.27,0.0920,NULL,NULL,NULL,NULL,NULL,NULL,NULL,NULL,NULL,NULL,NULL,NULL,NULL,NULL,NULL
16043,2023,ID,Fremont,8,Nonmetro,"Nonmetro - Urban population of fewer than 5,000, adjacent to a metro area",7,0,0,41.1765,1,10.5330,1700,2897,11608.93,2247.27,3722.82,0.193581,0.320686,446.47,0.1043,NULL,NULL,NULL,NULL,NULL,NULL,NULL,NULL,NULL,NULL,NULL,NULL,NULL,NULL,NULL
16045,2023,ID,Gem,2,Metro,"Metro - Counties in metro areas of 250,000 to 1 million population",5,0,0,27.1739,1,9.1071,1840,5647,9403.88,1759.22,3144.79,0.187074,0.334414,482.61,0.0536,NULL,NULL,NULL,NULL,NULL,NULL,NULL,NULL,NULL,NULL,NULL,NULL,NULL,NULL,NULL
16047,2023,ID,Gooding,8,Nonmetro,"Nonmetro - Urban population of fewer than 5,000, adjacent to a metro area",8,0,0,48.4848,0,10.8908,1650,3474,10689.58,1883.21,3929.83,0.176172,0.367632,620.00,0.1612,NULL,NULL,NULL,NULL,NULL,NULL,NULL,NULL,NULL,NULL,NULL,NULL,NULL,NULL,NULL
16049,2023,ID,Idaho,8,Nonmetro,"Nonmetro - Urban population of fewer than 5,000, adjacent to a metro area",7,0,0,15.0570,1,1.8237,4649,5704,7977.19,1372.60,3667.97,0.172066,0.459807,451.93,0.1435,NULL,NULL,NULL,NULL,NULL,NULL,NULL,NULL,NULL,NULL,NULL,NULL,NULL,NULL,NULL
16051,2023,ID,Jefferson,3,Metro,"Metro - Counties in metro areas of fewer than 250,000 population",5,2,0,20.4248,2,10.4679,2448,5039,10944.25,2104.01,3219.00,0.192248,0.294127,448.12,0.1424,NULL,NULL,NULL,NULL,NULL,NULL,NULL,NULL,NULL,NULL,NULL,NULL,NULL,NULL,NULL
16053,2023,ID,Jerome,3,Metro,"Metro - Counties in metro areas of fewer than 250,000 population",8,0,0,45.4030,1,14.0129,1762,4211,10879.98,2383.09,3467.85,0.219034,0.318737,512.49,0.1395,NULL,NULL,NULL,NULL,NULL,NULL,NULL,NULL,NULL,NULL,NULL,NULL,NULL,NULL,NULL
16055,2023,ID,Kootenai,3,Metro,"Metro - Counties in metro areas of fewer than 250,000 population",36,1,0,16.1399,5,2.9814,22305,45970,10033.88,2113.66,2647.27,0.210652,0.263833,459.54,0.1428,NULL,NULL,NULL,NULL,NULL,NULL,NULL,NULL,NULL,NULL,NULL,NULL,NULL,NULL,NULL
16057,2023,ID,Latah,4,Nonmetro,"Nonmetro - Urban population of 20,000 or more, adjacent to a metro area",16,0,0,34.5349,2,7.2125,4633,7423,9629.15,1552.52,3644.00,0.161231,0.378434,516.30,0.1157,NULL,NULL,NULL,NULL,NULL,NULL,NULL,NULL,NULL,NULL,NULL,NULL,NULL,NULL,NULL
16059,2023,ID,Lemhi,9,Nonmetro,"Nonmetro - Urban population of fewer than 5,000, not adjacent to a metro area",5,0,0,18.6498,1,2.4555,2681,3017,9886.22,1868.01,3674.51,0.188951,0.371680,522.94,0.1382,NULL,NULL,NULL,NULL,NULL,NULL,NULL,NULL,NULL,NULL,NULL,NULL,NULL,NULL,NULL
16061,2023,ID,Lewis,8,Nonmetro,"Nonmetro - Urban population of fewer than 5,000, adjacent to a metro area",NULL,NULL,NULL,NULL,NULL,NULL,1445,1683,9278.81,1934.45,3673.11,0.208480,0.395860,522.49,0.1643,NULL,NULL,NULL,NULL,NULL,NULL,NULL,NULL,NULL,NULL,NULL,NULL,NULL,NULL,NULL
16063,2023,ID,Lincoln,8,Nonmetro,"Nonmetro - Urban population of fewer than 5,000, adjacent to a metro area",2,0,0,39.9202,1,24.6763,501,1008,11244.18,2635.36,3967.19,0.234375,0.352822,493.01,0.1628,NULL,NULL,NULL,NULL,NULL,NULL,NULL,NULL,NULL,NULL,NULL,NULL,NULL,NULL,NULL
16065,2023,ID,Madison,4,Nonmetro,"Nonmetro - Urban population of 20,000 or more, adjacent to a metro area",9,1,0,45.4316,1,11.4324,1981,3857,10354.35,1725.86,2948.02,0.166680,0.284713,429.08,0.1149,NULL,NULL,NULL,NULL,NULL,NULL,NULL,NULL,NULL,NULL,NULL,NULL,NULL,NULL,NULL
16067,2023,ID,Minidoka,7,Nonmetro,"Nonmetro - Urban population of 5,000 to 20,000, not adjacent to a metro area",3,0,0,13.6054,0,2.3060,2205,4440,10445.05,1821.66,3274.93,0.174404,0.313539,541.95,0.1506,NULL,NULL,NULL,NULL,NULL,NULL,NULL,NULL,NULL,NULL,NULL,NULL,NULL,NULL,NULL
16069,2023,ID,Nez Perce,3,Metro,"Metro - Counties in metro areas of fewer than 250,000 population",14,1,0,21.2089,2,4.6366,6601,11405,9855.15,1961.07,3537.37,0.198989,0.358936,611.42,0.1504,NULL,NULL,NULL,NULL,NULL,NULL,NULL,NULL,NULL,NULL,NULL,NULL,NULL,NULL,NULL
16071,2023,ID,Oneida,8,Nonmetro,"Nonmetro - Urban population of fewer than 5,000, adjacent to a metro area",1,0,0,10.4603,0,-0.1893,956,1188,11669.51,2225.37,3167.57,0.190700,0.271440,639.12,0.1169,NULL,NULL,NULL,NULL,NULL,NULL,NULL,NULL,NULL,NULL,NULL,NULL,NULL,NULL,NULL
16073,2023,ID,Owyhee,2,Metro,"Metro - Counties in metro areas of 250,000 to 1 million population",6,0,0,66.2983,1,23.9613,905,2686,8515.96,1584.96,2704.32,0.186116,0.317559,451.93,0.1271,NULL,NULL,NULL,NULL,NULL,NULL,NULL,NULL,NULL,NULL,NULL,NULL,NULL,NULL,NULL
16075,2023,ID,Payette,6,Nonmetro,"Nonmetro - Urban population of 5,000 to 20,000, adjacent to a metro area",5,1,0,20.0481,1,6.8468,2494,6529,9525.79,1973.28,2767.86,0.207151,0.290565,556.94,0.1437,NULL,NULL,NULL,NULL,NULL,NULL,NULL,NULL,NULL,NULL,NULL,NULL,NULL,NULL,NULL
16077,2023,ID,Power,8,Nonmetro,"Nonmetro - Urban population of fewer than 5,000, adjacent to a metro area",3,0,0,36.4078,1,16.4676,824,1546,9977.41,1947.87,3248.05,0.195228,0.325540,593.45,0.1069,NULL,NULL,NULL,NULL,NULL,NULL,NULL,NULL,NULL,NULL,NULL,NULL,NULL,NULL,NULL
16079,2023,ID,Shoshone,8,Nonmetro,"Nonmetro - Urban population of fewer than 5,000, adjacent to a metro area",8,0,0,30.1432,2,13.3881,2654,4132,9050.73,1700.76,2241.20,0.187914,0.247626,526.38,0.1137,NULL,NULL,NULL,NULL,NULL,NULL,NULL,NULL,NULL,NULL,NULL,NULL,NULL,NULL,NULL
16081,2023,ID,Teton,9,Nonmetro,"Nonmetro - Urban population of fewer than 5,000, not adjacent to a metro area",4,0,0,24.1984,0,-5.3219,1653,1923,10462.37,2007.89,3353.07,0.191915,0.320489,466.42,0.0900,NULL,NULL,NULL,NULL,NULL,NULL,NULL,NULL,NULL,NULL,NULL,NULL,NULL,NULL,NULL
16083,2023,ID,Twin Falls,3,Metro,"Metro - Counties in metro areas of fewer than 250,000 population",35,5,0,46.9484,12,22.8318,7455,18986,10462.75,2151.30,3562.80,0.205615,0.340522,489.47,0.1556,NULL,NULL,NULL,NULL,NULL,NULL,NULL,NULL,NULL,NULL,NULL,NULL,NULL,NULL,NULL
16085,2023,ID,Valley,9,Nonmetro,"Nonmetro - Urban population of fewer than 5,000, not adjacent to a metro area",6,1,0,35.3357,1,9.0752,1698,3540,9360.69,1969.75,3512.36,0.210428,0.375224,465.25,0.1389,NULL,NULL,NULL,NULL,NULL,NULL,NULL,NULL,NULL,NULL,NULL,NULL,NULL,NULL,NULL
16087,2023,ID,Washington,6,Nonmetro,"Nonmetro - Urban population of 5,000 to 20,000, adjacent to a metro area",2,0,0,12.7389,1,7.9150,1570,3424,9003.01,1785.05,2959.76,0.198273,0.328752,547.77,0.1394,NULL,NULL,NULL,NULL,NULL,NULL,NULL,NULL,NULL,NULL,NULL,NULL,NULL,NULL,NULL
17000,2023,IL,UNKNOWN,NULL,NULL,NULL,NULL,NULL,NULL,NULL,NULL,NULL,NULL,NULL,NULL,NULL,NULL,NULL,NULL,NULL,NULL,NULL,NULL,NULL,NULL,NULL,NULL,NULL,NULL,NULL,NULL,NULL,NULL,NULL,NULL,NULL
17001,2023,IL,Adams,5,Nonmetro,"Nonmetro - Urban population of 20,000 or more, not adjacent to a metro area",14,2,0,15.2989,4,6.9314,9151,16004,10886.11,2828.36,1645.38,0.259814,0.151145,555.79,0.1540,NULL,NULL,NULL,NULL,NULL,NULL,NULL,NULL,NULL,NULL,NULL,NULL,NULL,NULL,NULL
17003,2023,IL,Alexander,3,Metro,"Metro - Counties in metro areas of fewer than 250,000 population",2,0,0,23.3372,0,9.0922,857,1606,9057.64,2123.03,2254.24,0.234391,0.248877,578.76,0.1391,NULL,NULL,NULL,NULL,NULL,NULL,NULL,NULL,NULL,NULL,NULL,NULL,NULL,NULL,NULL
17005,2023,IL,Bond,1,Metro,Metro - Counties in metro areas of 1 million population or more,4,0,0,18.9843,1,7.9264,2107,3888,12273.37,3008.00,2602.31,0.245083,0.212029,761.27,0.1519,NULL,NULL,NULL,NULL,NULL,NULL,NULL,NULL,NULL,NULL,NULL,NULL,NULL,NULL,NULL
17007,2023,IL,Boone,2,Metro,"Metro - Counties in metro areas of 250,000 to 1 million population",6,0,0,12.5839,0,2.6518,4768,10942,11584.25,2675.70,2686.07,0.230977,0.231873,591.23,0.1777,NULL,NULL,NULL,NULL,NULL,NULL,NULL,NULL,NULL,NULL,NULL,NULL,NULL,NULL,NULL
17009,2023,IL,Brown,9,Nonmetro,"Nonmetro - Urban population of fewer than 5,000, not adjacent to a metro area",2,0,0,30.1205,0,5.8487,664,1155,10183.32,2441.83,2034.60,0.239787,0.199797,551.20,0.1701,NULL,NULL,NULL,NULL,NULL,NULL,NULL,NULL,NULL,NULL,NULL,NULL,NULL,NULL,NULL
17011,2023,IL,Bureau,7,Nonmetro,"Nonmetro - Urban population of 5,000 to 20,000, not adjacent to a metro area",9,0,0,16.0228,0,2.0150,5617,8866,9926.90,1988.22,2696.14,0.200286,0.271599,580.20,0.1633,NULL,NULL,NULL,NULL,NULL,NULL,NULL,NULL,NULL,NULL,NULL,NULL,NULL,NULL,NULL
17013,2023,IL,Calhoun,1,Metro,Metro - Counties in metro areas of 1 million population or more,1,0,0,13.2275,0,2.5665,756,1251,11429.10,2811.81,3169.99,0.246022,0.277361,566.14,0.1567,NULL,NULL,NULL,NULL,NULL,NULL,NULL,NULL,NULL,NULL,NULL,NULL,NULL,NULL,NULL
17015,2023,IL,Carroll,9,Nonmetro,"Nonmetro - Urban population of fewer than 5,000, not adjacent to a metro area",5,0,0,20.2922,0,3.2215,2464,4496,10488.65,2502.17,3615.31,0.238560,0.344688,530.03,0.1696,NULL,NULL,NULL,NULL,NULL,NULL,NULL,NULL,NULL,NULL,NULL,NULL,NULL,NULL,NULL
17017,2023,IL,Cass,6,Nonmetro,"Nonmetro - Urban population of 5,000 to 20,000, adjacent to a metro area",7,0,0,46.9799,0,10.5595,1490,2742,11288.59,3167.51,2271.98,0.280594,0.201263,722.15,0.2273,NULL,NULL,NULL,NULL,NULL,NULL,NULL,NULL,NULL,NULL,NULL,NULL,NULL,NULL,NULL
17019,2023,IL,Champaign,3,Metro,"Metro - Counties in metro areas of fewer than 250,000 population",55,1,0,49.7602,5,11.8383,11053,33141,11396.26,3256.88,2806.89,0.285785,0.246299,747.85,0.2299,NULL,NULL,NULL,NULL,NULL,NULL,NULL,NULL,NULL,NULL,NULL,NULL,NULL,NULL,NULL
17021,2023,IL,Christian,6,Nonmetro,"Nonmetro - Urban population of 5,000 to 20,000, adjacent to a metro area",13,0,0,30.2678,0,6.6957,4295,8325,12369.49,2811.50,2931.66,0.227293,0.237007,740.86,0.1828,NULL,NULL,NULL,NULL,NULL,NULL,NULL,NULL,NULL,NULL,NULL,NULL,NULL,NULL,NULL
17023,2023,IL,Clark,8,Nonmetro,"Nonmetro - Urban population of fewer than 5,000, adjacent to a metro area",4,0,0,18.3993,0,3.9537,2174,3987,12641.75,3016.57,3523.94,0.238620,0.278754,595.22,0.1918,NULL,NULL,NULL,NULL,NULL,NULL,NULL,NULL,NULL,NULL,NULL,NULL,NULL,NULL,NULL
17025,2023,IL,Clay,9,Nonmetro,"Nonmetro - Urban population of fewer than 5,000, not adjacent to a metro area",6,0,0,23.9617,0,3.3077,2504,3469,12025.47,2770.35,2855.22,0.230374,0.237431,908.55,0.1360,NULL,NULL,NULL,NULL,NULL,NULL,NULL,NULL,NULL,NULL,NULL,NULL,NULL,NULL,NULL
17027,2023,IL,Clinton,1,Metro,Metro - Counties in metro areas of 1 million population or more,8,0,0,16.3700,0,2.4084,4887,8420,12834.41,3712.26,2470.96,0.289243,0.192526,699.41,0.1994,NULL,NULL,NULL,NULL,NULL,NULL,NULL,NULL,NULL,NULL,NULL,NULL,NULL,NULL,NULL
17029,2023,IL,Coles,5,Nonmetro,"Nonmetro - Urban population of 20,000 or more, not adjacent to a metro area",12,0,0,21.6099,1,6.4375,5553,10634,11506.71,2888.33,3415.52,0.251013,0.296829,725.19,0.1790,NULL,NULL,NULL,NULL,NULL,NULL,NULL,NULL,NULL,NULL,NULL,NULL,NULL,NULL,NULL
17031,2023,IL,Cook,1,Metro,Metro - Counties in metro areas of 1 million population or more,1270,30,0,32.5636,97,7.9119,390006,890924,13396.80,3370.69,2282.95,0.251604,0.170410,592.07,0.2067,NULL,NULL,NULL,NULL,NULL,NULL,NULL,NULL,NULL,NULL,NULL,NULL,NULL,NULL,NULL
17033,2023,IL,Crawford,6,Nonmetro,"Nonmetro - Urban population of 5,000 to 20,000, adjacent to a metro area",9,1,0,26.4628,1,5.8761,3401,4711,12833.16,2979.32,4223.58,0.232158,0.329115,795.94,0.1711,NULL,NULL,NULL,NULL,NULL,NULL,NULL,NULL,NULL,NULL,NULL,NULL,NULL,NULL,NULL
17035,2023,IL,Cumberland,9,Nonmetro,"Nonmetro - Urban population of fewer than 5,000, not adjacent to a metro area",2,0,0,13.3511,0,2.1466,1498,2659,11662.83,2785.58,2839.89,0.238843,0.243499,590.79,0.2097,NULL,NULL,NULL,NULL,NULL,NULL,NULL,NULL,NULL,NULL,NULL,NULL,NULL,NULL,NULL
17037,2023,IL,DeKalb,1,Metro,Metro - Counties in metro areas of 1 million population or more,18,0,0,18.9974,1,3.5386,9475,18103,12102.54,2935.50,2609.97,0.242552,0.215655,634.72,0.1751,NULL,NULL,NULL,NULL,NULL,NULL,NULL,NULL,NULL,NULL,NULL,NULL,NULL,NULL,NULL
17039,2023,IL,DeWitt,6,Nonmetro,"Nonmetro - Urban population of 5,000 to 20,000, adjacent to a metro area",7,0,0,32.7562,0,4.5872,2137,3929,10398.14,2280.50,2397.31,0.219318,0.230552,640.62,0.1540,NULL,NULL,NULL,NULL,NULL,NULL,NULL,NULL,NULL,NULL,NULL,NULL,NULL,NULL,NULL
17041,2023,IL,Douglas,8,Nonmetro,"Nonmetro - Urban population of fewer than 5,000, adjacent to a metro area",8,0,0,39.6040,1,10.4252,2020,4314,11982.33,3358.91,3141.14,0.280322,0.262148,680.69,0.2101,NULL,NULL,NULL,NULL,NULL,NULL,NULL,NULL,NULL,NULL,NULL,NULL,NULL,NULL,NULL
17043,2023,IL,DuPage,1,Metro,Metro - Counties in metro areas of 1 million population or more,244,4,0,27.1673,27,5.6132,89814,180209,12368.94,2890.70,2150.05,0.233706,0.173827,519.67,0.1829,NULL,NULL,NULL,NULL,NULL,NULL,NULL,NULL,NULL,NULL,NULL,NULL,NULL,NULL,NULL
17045,2023,IL,Edgar,6,Nonmetro,"Nonmetro - Urban population of 5,000 to 20,000, adjacent to a metro area",4,0,0,14.5243,0,2.6195,2754,4610,13400.64,2933.15,5117.13,0.218881,0.381857,749.82,0.1968,NULL,NULL,NULL,NULL,NULL,NULL,NULL,NULL,NULL,NULL,NULL,NULL,NULL,NULL,NULL
17047,2023,IL,Edwards,9,Nonmetro,"Nonmetro - Urban population of fewer than 5,000, not adjacent to a metro area",4,0,0,34.0136,0,3.5258,1176,1592,11700.32,2388.68,3172.95,0.204155,0.271185,566.33,0.1488,NULL,NULL,NULL,NULL,NULL,NULL,NULL,NULL,NULL,NULL,NULL,NULL,NULL,NULL,NULL
17049,2023,IL,Effingham,7,Nonmetro,"Nonmetro - Urban population of 5,000 to 20,000, not adjacent to a metro area",10,0,0,17.3521,1,2.9336,5763,8266,10311.09,2434.64,2128.64,0.236119,0.206442,603.85,0.1643,NULL,NULL,NULL,NULL,NULL,NULL,NULL,NULL,NULL,NULL,NULL,NULL,NULL,NULL,NULL
17051,2023,IL,Fayette,6,Nonmetro,"Nonmetro - Urban population of 5,000 to 20,000, adjacent to a metro area",4,0,0,13.7410,0,3.1225,2911,4753,11999.32,2880.73,2794.93,0.240074,0.232924,730.68,0.1760,NULL,NULL,NULL,NULL,NULL,NULL,NULL,NULL,NULL,NULL,NULL,NULL,NULL,NULL,NULL
17053,2023,IL,Ford,3,Metro,"Metro - Counties in metro areas of fewer than 250,000 population",7,0,0,36.6492,1,8.6380,1910,3376,11044.05,2622.11,3456.66,0.237423,0.312988,662.83,0.2004,NULL,NULL,NULL,NULL,NULL,NULL,NULL,NULL,NULL,NULL,NULL,NULL,NULL,NULL,NULL
17055,2023,IL,Franklin,7,Nonmetro,"Nonmetro - Urban population of 5,000 to 20,000, not adjacent to a metro area",12,0,0,22.1811,0,5.5537,5410,10119,13037.55,3450.27,2939.02,0.264641,0.225427,760.63,0.2228,NULL,NULL,NULL,NULL,NULL,NULL,NULL,NULL,NULL,NULL,NULL,NULL,NULL,NULL,NULL
17057,2023,IL,Fulton,6,Nonmetro,"Nonmetro - Urban population of 5,000 to 20,000, adjacent to a metro area",8,0,0,17.1821,1,5.4430,4656,8725,10470.34,2710.83,2240.08,0.258906,0.213945,585.48,0.1771,NULL,NULL,NULL,NULL,NULL,NULL,NULL,NULL,NULL,NULL,NULL,NULL,NULL,NULL,NULL
17059,2023,IL,Gallatin,8,Nonmetro,"Nonmetro - Urban population of fewer than 5,000, adjacent to a metro area",2,0,0,22.3714,0,4.9650,894,1443,14882.38,4192.62,3164.54,0.281717,0.212637,663.31,0.1700,NULL,NULL,NULL,NULL,NULL,NULL,NULL,NULL,NULL,NULL,NULL,NULL,NULL,NULL,NULL
17061,2023,IL,Greene,8,Nonmetro,"Nonmetro - Urban population of fewer than 5,000, adjacent to a metro area",6,0,0,32.7690,0,8.1182,1831,3164,11438.41,2818.96,3147.89,0.246447,0.275203,692.52,0.1366,NULL,NULL,NULL,NULL,NULL,NULL,NULL,NULL,NULL,NULL,NULL,NULL,NULL,NULL,NULL
17063,2023,IL,Grundy,1,Metro,Metro - Counties in metro areas of 1 million population or more,9,1,0,14.2405,1,3.0813,6320,10064,12611.79,3050.20,2369.87,0.241853,0.187909,715.98,0.2080,NULL,NULL,NULL,NULL,NULL,NULL,NULL,NULL,NULL,NULL,NULL,NULL,NULL,NULL,NULL
17065,2023,IL,Hamilton,9,Nonmetro,"Nonmetro - Urban population of fewer than 5,000, not adjacent to a metro area",2,0,0,14.9925,0,2.8196,1334,2030,10990.17,2544.86,2850.33,0.231558,0.259353,674.66,0.1931,NULL,NULL,NULL,NULL,NULL,NULL,NULL,NULL,NULL,NULL,NULL,NULL,NULL,NULL,NULL
17067,2023,IL,Hancock,9,Nonmetro,"Nonmetro - Urban population of fewer than 5,000, not adjacent to a metro area",8,0,0,23.7741,1,5.7236,3365,5014,10233.53,2322.14,2916.93,0.226915,0.285037,594.06,0.1659,NULL,NULL,NULL,NULL,NULL,NULL,NULL,NULL,NULL,NULL,NULL,NULL,NULL,NULL,NULL
17069,2023,IL,Hardin,9,Nonmetro,"Nonmetro - Urban population of fewer than 5,000, not adjacent to a metro area",2,0,0,27.7393,0,5.3178,721,1086,12561.92,3207.72,2922.96,0.255353,0.232684,1535.37,0.1921,NULL,NULL,NULL,NULL,NULL,NULL,NULL,NULL,NULL,NULL,NULL,NULL,NULL,NULL,NULL
17071,2023,IL,Henderson,9,Nonmetro,"Nonmetro - Urban population of fewer than 5,000, not adjacent to a metro area",2,0,0,18.1653,0,3.1728,1101,1810,10452.98,2579.21,3270.58,0.246744,0.312885,600.36,0.1264,NULL,NULL,NULL,NULL,NULL,NULL,NULL,NULL,NULL,NULL,NULL,NULL,NULL,NULL,NULL
17073,2023,IL,Henry,2,Metro,"Metro - Counties in metro areas of 250,000 to 1 million population",19,0,0,31.3118,1,7.5463,6068,12579,10688.30,2361.52,2640.30,0.220944,0.247027,574.32,0.1435,NULL,NULL,NULL,NULL,NULL,NULL,NULL,NULL,NULL,NULL,NULL,NULL,NULL,NULL,NULL
17075,2023,IL,Iroquois,8,Nonmetro,"Nonmetro - Urban population of fewer than 5,000, adjacent to a metro area",7,1,0,15.4083,1,4.5387,4543,7328,12024.81,2500.92,3758.57,0.207980,0.312568,608.41,0.1683,NULL,NULL,NULL,NULL,NULL,NULL,NULL,NULL,NULL,NULL,NULL,NULL,NULL,NULL,NULL
17077,2023,IL,Jackson,5,Nonmetro,"Nonmetro - Urban population of 20,000 or more, not adjacent to a metro area",16,0,0,31.8281,0,9.0458,5027,11164,12450.38,2809.83,2905.10,0.225682,0.233334,768.85,0.1916,NULL,NULL,NULL,NULL,NULL,NULL,NULL,NULL,NULL,NULL,NULL,NULL,NULL,NULL,NULL
17079,2023,IL,Jasper,9,Nonmetro,"Nonmetro - Urban population of fewer than 5,000, not adjacent to a metro area",1,0,0,6.0096,0,0.5837,1664,2436,11799.42,2772.21,2402.58,0.234945,0.203618,651.44,0.1838,NULL,NULL,NULL,NULL,NULL,NULL,NULL,NULL,NULL,NULL,NULL,NULL,NULL,NULL,NULL
17081,2023,IL,Jefferson,7,Nonmetro,"Nonmetro - Urban population of 5,000 to 20,000, not adjacent to a metro area",13,1,0,22.5069,1,4.9938,5776,9076,11911.66,3133.07,2230.41,0.263025,0.187246,843.14,0.1953,NULL,NULL,NULL,NULL,NULL,NULL,NULL,NULL,NULL,NULL,NULL,NULL,NULL,NULL,NULL
17083,2023,IL,Jersey,1,Metro,Metro - Counties in metro areas of 1 million population or more,7,0,0,23.8826,0,5.4809,2931,5595,10662.80,2272.35,3303.01,0.213110,0.309769,682.70,0.1591,NULL,NULL,NULL,NULL,NULL,NULL,NULL,NULL,NULL,NULL,NULL,NULL,NULL,NULL,NULL
17085,2023,IL,Jo Daviess,8,Nonmetro,"Nonmetro - Urban population of fewer than 5,000, adjacent to a metro area",5,0,0,19.0331,0,2.1697,2627,7051,8889.30,1927.51,2718.17,0.216835,0.305780,480.78,0.1339,NULL,NULL,NULL,NULL,NULL,NULL,NULL,NULL,NULL,NULL,NULL,NULL,NULL,NULL,NULL
17087,2023,IL,Johnson,8,Nonmetro,"Nonmetro - Urban population of fewer than 5,000, adjacent to a metro area",3,0,0,17.2712,0,3.3694,1737,3229,11177.97,2525.31,2734.52,0.225918,0.244635,645.94,0.2017,NULL,NULL,NULL,NULL,NULL,NULL,NULL,NULL,NULL,NULL,NULL,NULL,NULL,NULL,NULL
17089,2023,IL,Kane,1,Metro,Metro - Counties in metro areas of 1 million population or more,108,1,0,23.3488,9,4.2931,46255,91799,12759.95,2917.46,2361.00,0.228642,0.185032,591.68,0.1786,NULL,NULL,NULL,NULL,NULL,NULL,NULL,NULL,NULL,NULL,NULL,NULL,NULL,NULL,NULL
17091,2023,IL,Kankakee,3,Metro,"Metro - Counties in metro areas of fewer than 250,000 population",28,0,0,21.9230,3,5.8044,12772,23653,13559.93,3094.54,3404.93,0.228212,0.251102,712.81,0.1873,NULL,NULL,NULL,NULL,NULL,NULL,NULL,NULL,NULL,NULL,NULL,NULL,NULL,NULL,NULL
17093,2023,IL,Kendall,1,Metro,Metro - Counties in metro areas of 1 million population or more,15,1,0,15.7911,1,2.6084,9499,18632,12386.63,3004.33,2450.02,0.242546,0.197796,615.64,0.1863,NULL,NULL,NULL,NULL,NULL,NULL,NULL,NULL,NULL,NULL,NULL,NULL,NULL,NULL,NULL
17095,2023,IL,Knox,4,Nonmetro,"Nonmetro - Urban population of 20,000 or more, adjacent to a metro area",10,0,0,15.3233,0,2.3126,6526,12958,10779.56,2785.62,2130.90,0.258417,0.197680,629.64,0.1756,NULL,NULL,NULL,NULL,NULL,NULL,NULL,NULL,NULL,NULL,NULL,NULL,NULL,NULL,NULL
17097,2023,IL,Lake,1,Metro,Metro - Counties in metro areas of 1 million population or more,163,7,0,22.7390,14,4.1089,71683,129671,12394.39,2842.39,2555.80,0.229329,0.206206,540.28,0.1868,NULL,NULL,NULL,NULL,NULL,NULL,NULL,NULL,NULL,NULL,NULL,NULL,NULL,NULL,NULL
17099,2023,IL,LaSalle,4,Nonmetro,"Nonmetro - Urban population of 20,000 or more, adjacent to a metro area",26,0,0,16.2714,0,3.0654,15979,26759,11088.28,2666.09,2445.77,0.240442,0.220573,618.25,0.1526,NULL,NULL,NULL,NULL,NULL,NULL,NULL,NULL,NULL,NULL,NULL,NULL,NULL,NULL,NULL
17101,2023,IL,Lawrence,9,Nonmetro,"Nonmetro - Urban population of fewer than 5,000, not adjacent to a metro area",3,0,0,11.9284,0,1.3464,2515,3411,12703.20,2762.70,3713.53,0.217481,0.292330,768.59,0.1450,NULL,NULL,NULL,NULL,NULL,NULL,NULL,NULL,NULL,NULL,NULL,NULL,NULL,NULL,NULL
17103,2023,IL,Lee,6,Nonmetro,"Nonmetro - Urban population of 5,000 to 20,000, adjacent to a metro area",9,0,0,19.0517,1,5.4463,4724,8518,10906.76,2768.30,3128.26,0.253815,0.286818,605.21,0.1573,NULL,NULL,NULL,NULL,NULL,NULL,NULL,NULL,NULL,NULL,NULL,NULL,NULL,NULL,NULL
17105,2023,IL,Livingston,6,Nonmetro,"Nonmetro - Urban population of 5,000 to 20,000, adjacent to a metro area",11,0,0,23.5900,1,6.1805,4663,8528,9992.99,2593.56,2003.54,0.259538,0.200495,598.54,0.1826,NULL,NULL,NULL,NULL,NULL,NULL,NULL,NULL,NULL,NULL,NULL,NULL,NULL,NULL,NULL
17107,2023,IL,Logan,6,Nonmetro,"Nonmetro - Urban population of 5,000 to 20,000, adjacent to a metro area",9,0,0,27.2397,0,5.3579,3304,6413,11307.41,2449.58,2386.20,0.216635,0.211030,705.81,0.1340,NULL,NULL,NULL,NULL,NULL,NULL,NULL,NULL,NULL,NULL,NULL,NULL,NULL,NULL,NULL
17109,2023,IL,McDonough,7,Nonmetro,"Nonmetro - Urban population of 5,000 to 20,000, not adjacent to a metro area",7,0,0,23.1405,0,5.6449,3025,6167,10328.98,2782.26,2340.13,0.269364,0.226560,707.77,0.1727,NULL,NULL,NULL,NULL,NULL,NULL,NULL,NULL,NULL,NULL,NULL,NULL,NULL,NULL,NULL
17111,2023,IL,McHenry,1,Metro,Metro - Counties in metro areas of 1 million population or more,54,2,0,15.4493,4,2.6828,34953,62591,13108.59,3113.70,2534.19,0.237531,0.193323,585.59,0.1895,NULL,NULL,NULL,NULL,NULL,NULL,NULL,NULL,NULL,NULL,NULL,NULL,NULL,NULL,NULL
17113,2023,IL,McLean,3,Metro,"Metro - Counties in metro areas of fewer than 250,000 population",34,1,0,22.7227,1,2.9988,14963,30284,9952.76,2405.56,1664.89,0.241698,0.167279,517.48,0.1755,NULL,NULL,NULL,NULL,NULL,NULL,NULL,NULL,NULL,NULL,NULL,NULL,NULL,NULL,NULL
17115,2023,IL,Macon,3,Metro,"Metro - Counties in metro areas of fewer than 250,000 population",29,0,0,19.2525,2,4.8047,15063,25556,11372.68,2821.74,2562.02,0.248116,0.225278,617.08,0.1725,NULL,NULL,NULL,NULL,NULL,NULL,NULL,NULL,NULL,NULL,NULL,NULL,NULL,NULL,NULL
17117,2023,IL,Macoupin,1,Metro,Metro - Counties in metro areas of 1 million population or more,12,0,0,18.0370,-1,3.0807,6653,12110,11515.31,2590.11,2949.95,0.224928,0.256176,615.81,0.1797,NULL,NULL,NULL,NULL,NULL,NULL,NULL,NULL,NULL,NULL,NULL,NULL,NULL,NULL,NULL
17119,2023,IL,Madison,1,Metro,Metro - Counties in metro areas of 1 million population or more,73,2,0,30.1317,5,8.5204,24227,60283,12004.93,3054.70,2370.85,0.254454,0.197490,692.16,0.1922,NULL,NULL,NULL,NULL,NULL,NULL,NULL,NULL,NULL,NULL,NULL,NULL,NULL,NULL,NULL
17121,2023,IL,Marion,7,Nonmetro,"Nonmetro - Urban population of 5,000 to 20,000, not adjacent to a metro area",13,1,0,19.5078,1,4.3371,6664,9980,13093.41,3549.18,2314.76,0.271066,0.176788,732.74,0.1744,NULL,NULL,NULL,NULL,NULL,NULL,NULL,NULL,NULL,NULL,NULL,NULL,NULL,NULL,NULL
17123,2023,IL,Marshall,2,Metro,"Metro - Counties in metro areas of 250,000 to 1 million population",4,1,0,20.4813,1,7.1302,1953,3263,10143.77,2606.60,1898.13,0.256966,0.187123,483.36,0.1331,NULL,NULL,NULL,NULL,NULL,NULL,NULL,NULL,NULL,NULL,NULL,NULL,NULL,NULL,NULL
17125,2023,IL,Mason,8,Nonmetro,"Nonmetro - Urban population of fewer than 5,000, adjacent to a metro area",4,0,0,19.3330,0,4.5783,2069,3584,11454.54,2795.23,3005.87,0.244028,0.262417,672.31,0.1603,NULL,NULL,NULL,NULL,NULL,NULL,NULL,NULL,NULL,NULL,NULL,NULL,NULL,NULL,NULL
17127,2023,IL,Massac,3,Metro,"Metro - Counties in metro areas of fewer than 250,000 population",5,0,0,19.2753,1,6.7831,2594,3857,12110.63,2770.28,3274.93,0.228748,0.270418,708.56,0.1630,NULL,NULL,NULL,NULL,NULL,NULL,NULL,NULL,NULL,NULL,NULL,NULL,NULL,NULL,NULL
17129,2023,IL,Menard,3,Metro,"Metro - Counties in metro areas of fewer than 250,000 population",4,0,0,28.2885,0,4.2066,1414,3049,11589.39,3023.57,1766.08,0.260891,0.152388,596.89,0.1898,NULL,NULL,NULL,NULL,NULL,NULL,NULL,NULL,NULL,NULL,NULL,NULL,NULL,NULL,NULL
17131,2023,IL,Mercer,2,Metro,"Metro - Counties in metro areas of 250,000 to 1 million population",6,0,0,32.6619,0,7.3987,1837,4072,12353.61,3050.40,3284.68,0.246924,0.265888,573.22,0.1344,NULL,NULL,NULL,NULL,NULL,NULL,NULL,NULL,NULL,NULL,NULL,NULL,NULL,NULL,NULL
17133,2023,IL,Monroe,1,Metro,Metro - Counties in metro areas of 1 million population or more,10,0,0,30.0210,0,3.2401,3331,8309,13145.16,3264.53,2647.15,0.248345,0.201378,542.78,0.1970,NULL,NULL,NULL,NULL,NULL,NULL,NULL,NULL,NULL,NULL,NULL,NULL,NULL,NULL,NULL
17135,2023,IL,Montgomery,6,Nonmetro,"Nonmetro - Urban population of 5,000 to 20,000, adjacent to a metro area",12,0,0,28.0767,0,6.0947,4274,7231,10950.29,2438.72,2843.85,0.222708,0.259705,706.60,0.1670,NULL,NULL,NULL,NULL,NULL,NULL,NULL,NULL,NULL,NULL,NULL,NULL,NULL,NULL,NULL
17137,2023,IL,Morgan,4,Nonmetro,"Nonmetro - Urban population of 20,000 or more, adjacent to a metro area",10,0,0,22.5175,0,5.1201,4441,8273,11660.84,2711.96,2490.72,0.232570,0.213597,682.73,0.1731,NULL,NULL,NULL,NULL,NULL,NULL,NULL,NULL,NULL,NULL,NULL,NULL,NULL,NULL,NULL
17139,2023,IL,Moultrie,8,Nonmetro,"Nonmetro - Urban population of fewer than 5,000, adjacent to a metro area",6,0,0,28.7081,1,9.1921,2090,3282,12787.18,3506.02,2777.39,0.274182,0.217201,623.92,0.1439,NULL,NULL,NULL,NULL,NULL,NULL,NULL,NULL,NULL,NULL,NULL,NULL,NULL,NULL,NULL
17141,2023,IL,Ogle,6,Nonmetro,"Nonmetro - Urban population of 5,000 to 20,000, adjacent to a metro area",11,0,0,18.4471,2,6.3340,5963,12009,10826.03,2447.17,3320.92,0.226045,0.306753,603.89,0.1429,NULL,NULL,NULL,NULL,NULL,NULL,NULL,NULL,NULL,NULL,NULL,NULL,NULL,NULL,NULL
17143,2023,IL,Peoria,2,Metro,"Metro - Counties in metro areas of 250,000 to 1 million population",60,1,0,34.2544,5,8.9099,17516,38814,11014.63,3057.62,2064.22,0.277596,0.187407,599.79,0.1918,NULL,NULL,NULL,NULL,NULL,NULL,NULL,NULL,NULL,NULL,NULL,NULL,NULL,NULL,NULL
17145,2023,IL,Perry,7,Nonmetro,"Nonmetro - Urban population of 5,000 to 20,000, not adjacent to a metro area",7,0,0,27.4941,0,6.0612,2546,4917,13548.65,3038.34,3951.03,0.224254,0.291618,767.87,0.1884,NULL,NULL,NULL,NULL,NULL,NULL,NULL,NULL,NULL,NULL,NULL,NULL,NULL,NULL,NULL
17147,2023,IL,Piatt,3,Metro,"Metro - Counties in metro areas of fewer than 250,000 population",7,0,0,43.4783,1,12.5345,1610,4146,11948.70,2209.18,4058.32,0.184889,0.339645,685.71,0.1521,NULL,NULL,NULL,NULL,NULL,NULL,NULL,NULL,NULL,NULL,NULL,NULL,NULL,NULL,NULL
17149,2023,IL,Pike,9,Nonmetro,"Nonmetro - Urban population of fewer than 5,000, not adjacent to a metro area",6,0,0,24.0577,2,11.4354,2494,3902,11810.04,2853.94,2500.67,0.241654,0.211741,694.87,0.1889,NULL,NULL,NULL,NULL,NULL,NULL,NULL,NULL,NULL,NULL,NULL,NULL,NULL,NULL,NULL
17151,2023,IL,Pope,8,Nonmetro,"Nonmetro - Urban population of fewer than 5,000, adjacent to a metro area",2,0,0,27.0270,0,3.5252,740,1217,10091.69,2341.82,2731.97,0.232054,0.270715,805.41,0.1558,NULL,NULL,NULL,NULL,NULL,NULL,NULL,NULL,NULL,NULL,NULL,NULL,NULL,NULL,NULL
17153,2023,IL,Pulaski,8,Nonmetro,"Nonmetro - Urban population of fewer than 5,000, adjacent to a metro area",3,0,0,35.0058,0,9.7533,857,1469,9773.79,2208.60,2565.13,0.225972,0.262450,571.76,0.1379,NULL,NULL,NULL,NULL,NULL,NULL,NULL,NULL,NULL,NULL,NULL,NULL,NULL,NULL,NULL
17155,2023,IL,Putnam,8,Nonmetro,"Nonmetro - Urban population of fewer than 5,000, adjacent to a metro area",2,0,0,19.5695,0,0.2645,1022,1620,10495.90,2740.72,2293.43,0.261123,0.218507,562.62,0.1908,NULL,NULL,NULL,NULL,NULL,NULL,NULL,NULL,NULL,NULL,NULL,NULL,NULL,NULL,NULL
17157,2023,IL,Randolph,6,Nonmetro,"Nonmetro - Urban population of 5,000 to 20,000, adjacent to a metro area",13,0,0,36.6610,2,13.5857,3546,7488,13397.32,2726.70,3269.97,0.203526,0.244076,792.72,0.1720,NULL,NULL,NULL,NULL,NULL,NULL,NULL,NULL,NULL,NULL,NULL,NULL,NULL,NULL,NULL
17159,2023,IL,Richland,7,Nonmetro,"Nonmetro - Urban population of 5,000 to 20,000, not adjacent to a metro area",7,0,0,26.6464,0,4.7166,2627,3922,12946.69,2930.29,2886.52,0.226335,0.222954,732.78,0.1879,NULL,NULL,NULL,NULL,NULL,NULL,NULL,NULL,NULL,NULL,NULL,NULL,NULL,NULL,NULL
17161,2023,IL,Rock Island,2,Metro,"Metro - Counties in metro areas of 250,000 to 1 million population",34,0,0,28.2041,3,9.9150,12055,33311,11404.55,2654.49,2786.87,0.232757,0.244365,584.65,0.1667,NULL,NULL,NULL,NULL,NULL,NULL,NULL,NULL,NULL,NULL,NULL,NULL,NULL,NULL,NULL
17163,2023,IL,St. Clair,1,Metro,Metro - Counties in metro areas of 1 million population or more,66,0,0,31.8610,5,9.5159,20715,54253,12969.67,3489.87,2186.42,0.269079,0.168579,695.20,0.1914,NULL,NULL,NULL,NULL,NULL,NULL,NULL,NULL,NULL,NULL,NULL,NULL,NULL,NULL,NULL
17165,2023,IL,Saline,7,Nonmetro,"Nonmetro - Urban population of 5,000 to 20,000, not adjacent to a metro area",10,0,0,26.6951,0,5.6602,3746,6396,11624.05,2876.29,2966.93,0.247443,0.255241,790.44,0.1770,NULL,NULL,NULL,NULL,NULL,NULL,NULL,NULL,NULL,NULL,NULL,NULL,NULL,NULL,NULL
17167,2023,IL,Sangamon,3,Metro,"Metro - Counties in metro areas of fewer than 250,000 population",66,0,0,38.0360,3,10.1253,17352,45507,11491.84,3203.89,1820.46,0.278797,0.158413,701.82,0.1857,NULL,NULL,NULL,NULL,NULL,NULL,NULL,NULL,NULL,NULL,NULL,NULL,NULL,NULL,NULL
17169,2023,IL,Schuyler,9,Nonmetro,"Nonmetro - Urban population of fewer than 5,000, not adjacent to a metro area",4,0,0,37.7003,0,6.1794,1061,1783,11177.95,2604.35,2992.68,0.232990,0.267731,610.74,0.1379,NULL,NULL,NULL,NULL,NULL,NULL,NULL,NULL,NULL,NULL,NULL,NULL,NULL,NULL,NULL
17171,2023,IL,Scott,9,Nonmetro,"Nonmetro - Urban population of fewer than 5,000, not adjacent to a metro area",2,0,0,28.6123,0,5.0552,699,1208,9633.45,1819.70,2355.96,0.188894,0.244560,633.76,0.1167,NULL,NULL,NULL,NULL,NULL,NULL,NULL,NULL,NULL,NULL,NULL,NULL,NULL,NULL,NULL
17173,2023,IL,Shelby,8,Nonmetro,"Nonmetro - Urban population of fewer than 5,000, adjacent to a metro area",6,0,0,15.8186,0,2.7780,3793,5673,11057.63,2941.09,2657.01,0.265978,0.240287,688.90,0.1723,NULL,NULL,NULL,NULL,NULL,NULL,NULL,NULL,NULL,NULL,NULL,NULL,NULL,NULL,NULL
17175,2023,IL,Stark,2,Metro,"Metro - Counties in metro areas of 250,000 to 1 million population",1,0,0,12.5786,0,1.8834,795,1408,10151.09,2768.04,2218.39,0.272684,0.218537,583.65,0.1887,NULL,NULL,NULL,NULL,NULL,NULL,NULL,NULL,NULL,NULL,NULL,NULL,NULL,NULL,NULL
17177,2023,IL,Stephenson,4,Nonmetro,"Nonmetro - Urban population of 20,000 or more, adjacent to a metro area",10,0,0,22.3015,0,6.2938,4484,12452,10620.25,2419.27,2905.85,0.227798,0.273614,634.26,0.1581,NULL,NULL,NULL,NULL,NULL,NULL,NULL,NULL,NULL,NULL,NULL,NULL,NULL,NULL,NULL
17179,2023,IL,Tazewell,2,Metro,"Metro - Counties in metro areas of 250,000 to 1 million population",33,0,0,20.1367,1,3.4405,16388,31293,10521.89,2872.17,2024.12,0.272971,0.192372,592.08,0.1773,NULL,NULL,NULL,NULL,NULL,NULL,NULL,NULL,NULL,NULL,NULL,NULL,NULL,NULL,NULL
17181,2023,IL,Union,6,Nonmetro,"Nonmetro - Urban population of 5,000 to 20,000, adjacent to a metro area",7,0,0,28.0674,0,6.8037,2494,4706,11015.76,2691.45,2555.49,0.244327,0.231985,649.96,0.1883,NULL,NULL,NULL,NULL,NULL,NULL,NULL,NULL,NULL,NULL,NULL,NULL,NULL,NULL,NULL
17183,2023,IL,Vermilion,4,Nonmetro,"Nonmetro - Urban population of 20,000 or more, adjacent to a metro area",28,1,0,39.6096,11,21.3104,7069,18137,11219.82,3212.01,3013.97,0.286280,0.268629,746.92,0.1947,NULL,NULL,NULL,NULL,NULL,NULL,NULL,NULL,NULL,NULL,NULL,NULL,NULL,NULL,NULL
17185,2023,IL,Wabash,7,Nonmetro,"Nonmetro - Urban population of 5,000 to 20,000, not adjacent to a metro area",3,0,0,13.8504,0,1.0518,2166,2987,13122.91,2685.12,4166.12,0.204613,0.317469,695.29,0.1883,NULL,NULL,NULL,NULL,NULL,NULL,NULL,NULL,NULL,NULL,NULL,NULL,NULL,NULL,NULL
17187,2023,IL,Warren,6,Nonmetro,"Nonmetro - Urban population of 5,000 to 20,000, adjacent to a metro area",5,0,0,21.3767,0,4.3815,2339,4075,9958.15,2771.62,2121.37,0.278327,0.213029,482.26,0.1775,NULL,NULL,NULL,NULL,NULL,NULL,NULL,NULL,NULL,NULL,NULL,NULL,NULL,NULL,NULL
17189,2023,IL,Washington,8,Nonmetro,"Nonmetro - Urban population of fewer than 5,000, adjacent to a metro area",8,0,0,35.4925,0,3.9219,2254,3513,12260.04,2618.87,3130.15,0.213610,0.255313,620.67,0.1607,NULL,NULL,NULL,NULL,NULL,NULL,NULL,NULL,NULL,NULL,NULL,NULL,NULL,NULL,NULL
17191,2023,IL,Wayne,9,Nonmetro,"Nonmetro - Urban population of fewer than 5,000, not adjacent to a metro area",7,0,0,23.7772,1,6.4111,2944,4026,12179.39,2510.80,3027.72,0.206152,0.248594,754.42,0.1521,NULL,NULL,NULL,NULL,NULL,NULL,NULL,NULL,NULL,NULL,NULL,NULL,NULL,NULL,NULL
17193,2023,IL,White,6,Nonmetro,"Nonmetro - Urban population of 5,000 to 20,000, adjacent to a metro area",4,0,0,15.6006,0,2.8617,2564,3786,13586.27,2766.94,3408.66,0.203657,0.250890,691.11,0.2015,NULL,NULL,NULL,NULL,NULL,NULL,NULL,NULL,NULL,NULL,NULL,NULL,NULL,NULL,NULL
17195,2023,IL,Whiteside,4,Nonmetro,"Nonmetro - Urban population of 20,000 or more, adjacent to a metro area",12,0,0,14.5702,0,3.3269,8236,14855,10620.48,2352.33,3719.53,0.221490,0.350222,625.67,0.1607,NULL,NULL,NULL,NULL,NULL,NULL,NULL,NULL,NULL,NULL,NULL,NULL,NULL,NULL,NULL
17197,2023,IL,Will,1,Metro,Metro - Counties in metro areas of 1 million population or more,148,4,0,24.8256,19,5.9767,59616,120864,13111.89,3213.45,2250.55,0.245079,0.171642,559.50,0.2044,NULL,NULL,NULL,NULL,NULL,NULL,NULL,NULL,NULL,NULL,NULL,NULL,NULL,NULL,NULL
17199,2023,IL,Williamson,5,Nonmetro,"Nonmetro - Urban population of 20,000 or more, not adjacent to a metro area",28,1,0,30.0913,2,6.9576,9305,16522,11276.80,2739.01,2579.04,0.242889,0.228703,741.54,0.1890,NULL,NULL,NULL,NULL,NULL,NULL,NULL,NULL,NULL,NULL,NULL,NULL,NULL,NULL,NULL
17201,2023,IL,Winnebago,2,Metro,"Metro - Counties in metro areas of 250,000 to 1 million population",62,0,0,25.8581,6,9.0645,23977,63776,11730.23,2883.93,2764.85,0.245855,0.235703,608.92,0.1930,NULL,NULL,NULL,NULL,NULL,NULL,NULL,NULL,NULL,NULL,NULL,NULL,NULL,NULL,NULL
17203,2023,IL,Woodford,2,Metro,"Metro - Counties in metro areas of 250,000 to 1 million population",7,0,0,13.7931,0,1.7116,5075,8767,9825.64,2337.12,2023.64,0.237859,0.205955,467.00,0.1401,NULL,NULL,NULL,NULL,NULL,NULL,NULL,NULL,NULL,NULL,NULL,NULL,NULL,NULL,NULL
18000,2023,IN,UNKNOWN,NULL,NULL,NULL,NULL,NULL,NULL,NULL,NULL,NULL,NULL,NULL,NULL,NULL,NULL,NULL,NULL,NULL,NULL,NULL,NULL,NULL,NULL,NULL,NULL,NULL,NULL,NULL,NULL,NULL,NULL,NULL,NULL,NULL
18001,2023,IN,Adams,6,Nonmetro,"Nonmetro - Urban population of 5,000 to 20,000, adjacent to a metro area",7,0,0,20.3311,1,4.2064,3443,6823,11635.54,2734.93,3055.49,0.235050,0.262600,563.46,0.1640,NULL,NULL,NULL,NULL,NULL,NULL,NULL,NULL,NULL,NULL,NULL,NULL,NULL,NULL,NULL
18003,2023,IN,Allen,2,Metro,"Metro - Counties in metro areas of 250,000 to 1 million population",82,2,0,35.2491,6,8.9379,23263,75386,11881.58,3000.23,2474.20,0.252511,0.208238,619.78,0.1868,NULL,NULL,NULL,NULL,NULL,NULL,NULL,NULL,NULL,NULL,NULL,NULL,NULL,NULL,NULL
18005,2023,IN,Bartholomew,3,Metro,"Metro - Counties in metro areas of fewer than 250,000 population",18,2,0,19.9911,2,5.6104,9004,17313,11569.54,2892.31,2830.77,0.249994,0.244674,646.27,0.1842,NULL,NULL,NULL,NULL,NULL,NULL,NULL,NULL,NULL,NULL,NULL,NULL,NULL,NULL,NULL
18007,2023,IN,Benton,3,Metro,"Metro - Counties in metro areas of fewer than 250,000 population",6,0,0,56.0748,0,12.7535,1070,2066,12378.94,3217.82,2559.34,0.259943,0.206750,602.80,0.1792,NULL,NULL,NULL,NULL,NULL,NULL,NULL,NULL,NULL,NULL,NULL,NULL,NULL,NULL,NULL
18009,2023,IN,Blackford,6,Nonmetro,"Nonmetro - Urban population of 5,000 to 20,000, adjacent to a metro area",2,0,0,13.0463,0,3.4217,1533,3297,13161.18,3503.28,3029.22,0.266183,0.230163,733.20,0.1701,NULL,NULL,NULL,NULL,NULL,NULL,NULL,NULL,NULL,NULL,NULL,NULL,NULL,NULL,NULL
18011,2023,IN,Boone,1,Metro,Metro - Counties in metro areas of 1 million population or more,21,0,0,32.3625,5,9.3938,6489,13616,12335.84,2721.35,2816.96,0.220605,0.228356,631.84,0.1514,NULL,NULL,NULL,NULL,NULL,NULL,NULL,NULL,NULL,NULL,NULL,NULL,NULL,NULL,NULL
18013,2023,IN,Brown,1,Metro,Metro - Counties in metro areas of 1 million population or more,1,0,0,4.8780,0,0.9254,2050,4606,10641.79,2930.82,2786.89,0.275407,0.261882,503.90,0.1772,NULL,NULL,NULL,NULL,NULL,NULL,NULL,NULL,NULL,NULL,NULL,NULL,NULL,NULL,NULL
18015,2023,IN,Carroll,3,Metro,"Metro - Counties in metro areas of fewer than 250,000 population",2,0,0,8.1268,0,1.5043,2461,4767,12160.38,3011.48,2439.98,0.247647,0.200650,575.78,0.1507,NULL,NULL,NULL,NULL,NULL,NULL,NULL,NULL,NULL,NULL,NULL,NULL,NULL,NULL,NULL
18017,2023,IN,Cass,4,Nonmetro,"Nonmetro - Urban population of 20,000 or more, adjacent to a metro area",8,0,0,19.1571,0,4.0285,4176,8603,11838.14,2321.51,3023.80,0.196104,0.255429,735.15,0.1282,NULL,NULL,NULL,NULL,NULL,NULL,NULL,NULL,NULL,NULL,NULL,NULL,NULL,NULL,NULL
18019,2023,IN,Clark,1,Metro,Metro - Counties in metro areas of 1 million population or more,32,0,0,25.2187,2,5.2931,12689,26700,13858.18,3325.63,2655.25,0.239976,0.191602,742.85,0.1645,NULL,NULL,NULL,NULL,NULL,NULL,NULL,NULL,NULL,NULL,NULL,NULL,NULL,NULL,NULL
18021,2023,IN,Clay,3,Metro,"Metro - Counties in metro areas of fewer than 250,000 population",8,0,0,23.2626,0,4.2873,3439,6690,12784.50,2782.70,3227.28,0.217662,0.252437,583.31,0.2003,NULL,NULL,NULL,NULL,NULL,NULL,NULL,NULL,NULL,NULL,NULL,NULL,NULL,NULL,NULL
18023,2023,IN,Clinton,6,Nonmetro,"Nonmetro - Urban population of 5,000 to 20,000, adjacent to a metro area",3,0,0,10.3306,0,3.2551,2904,6927,11336.53,2521.89,2744.49,0.222457,0.242093,690.08,0.1852,NULL,NULL,NULL,NULL,NULL,NULL,NULL,NULL,NULL,NULL,NULL,NULL,NULL,NULL,NULL
18025,2023,IN,Crawford,8,Nonmetro,"Nonmetro - Urban population of fewer than 5,000, adjacent to a metro area",2,0,0,14.7493,1,9.4555,1356,2912,10376.71,2571.38,2478.45,0.247803,0.238847,574.48,0.1826,NULL,NULL,NULL,NULL,NULL,NULL,NULL,NULL,NULL,NULL,NULL,NULL,NULL,NULL,NULL
18027,2023,IN,Daviess,7,Nonmetro,"Nonmetro - Urban population of 5,000 to 20,000, not adjacent to a metro area",9,0,0,23.1839,2,7.7993,3882,6062,11340.26,2408.28,2908.00,0.212366,0.256432,645.80,0.1469,NULL,NULL,NULL,NULL,NULL,NULL,NULL,NULL,NULL,NULL,NULL,NULL,NULL,NULL,NULL
18029,2023,IN,Dearborn,1,Metro,Metro - Counties in metro areas of 1 million population or more,11,0,0,19.2274,1,4.8637,5721,12121,12235.14,3353.23,2651.27,0.274066,0.216693,654.96,0.1850,NULL,NULL,NULL,NULL,NULL,NULL,NULL,NULL,NULL,NULL,NULL,NULL,NULL,NULL,NULL
18031,2023,IN,Decatur,6,Nonmetro,"Nonmetro - Urban population of 5,000 to 20,000, adjacent to a metro area",7,0,0,22.3785,1,6.2364,3128,6197,12349.30,2461.67,3810.19,0.199337,0.308535,746.16,0.1950,NULL,NULL,NULL,NULL,NULL,NULL,NULL,NULL,NULL,NULL,NULL,NULL,NULL,NULL,NULL
18033,2023,IN,DeKalb,4,Nonmetro,"Nonmetro - Urban population of 20,000 or more, adjacent to a metro area",10,0,0,33.7496,0,8.4011,2963,9816,11899.31,3040.77,2962.98,0.255542,0.249004,657.78,0.2455,NULL,NULL,NULL,NULL,NULL,NULL,NULL,NULL,NULL,NULL,NULL,NULL,NULL,NULL,NULL
18035,2023,IN,Delaware,3,Metro,"Metro - Counties in metro areas of fewer than 250,000 population",26,0,0,23.0762,3,8.6471,11267,25347,12740.91,3198.51,2855.56,0.251043,0.224125,612.67,0.1779,NULL,NULL,NULL,NULL,NULL,NULL,NULL,NULL,NULL,NULL,NULL,NULL,NULL,NULL,NULL
18037,2023,IN,Dubois,5,Nonmetro,"Nonmetro - Urban population of 20,000 or more, not adjacent to a metro area",11,0,0,15.7933,0,0.3112,6965,10223,10865.37,2168.62,2820.71,0.199590,0.259606,531.80,0.1386,NULL,NULL,NULL,NULL,NULL,NULL,NULL,NULL,NULL,NULL,NULL,NULL,NULL,NULL,NULL
18039,2023,IN,Elkhart,3,Metro,"Metro - Counties in metro areas of fewer than 250,000 population",42,1,0,25.9756,2,6.4834,16169,37923,12214.42,2780.65,2022.45,0.227653,0.165579,503.74,0.1575,NULL,NULL,NULL,NULL,NULL,NULL,NULL,NULL,NULL,NULL,NULL,NULL,NULL,NULL,NULL
18041,2023,IN,Fayette,6,Nonmetro,"Nonmetro - Urban population of 5,000 to 20,000, adjacent to a metro area",7,0,0,19.4283,1,7.1383,3603,6649,12001.19,2920.03,2887.70,0.243312,0.240618,676.10,0.1772,NULL,NULL,NULL,NULL,NULL,NULL,NULL,NULL,NULL,NULL,NULL,NULL,NULL,NULL,NULL
18043,2023,IN,Floyd,1,Metro,Metro - Counties in metro areas of 1 million population or more,25,1,0,27.0504,2,5.8601,9242,17996,12838.77,2842.83,2355.95,0.221425,0.183503,614.26,0.1746,NULL,NULL,NULL,NULL,NULL,NULL,NULL,NULL,NULL,NULL,NULL,NULL,NULL,NULL,NULL
18045,2023,IN,Fountain,8,Nonmetro,"Nonmetro - Urban population of fewer than 5,000, adjacent to a metro area",4,0,0,17.9614,0,4.2487,2227,4351,12650.10,3151.98,2550.51,0.249166,0.201620,700.49,0.1950,NULL,NULL,NULL,NULL,NULL,NULL,NULL,NULL,NULL,NULL,NULL,NULL,NULL,NULL,NULL
18047,2023,IN,Franklin,1,Metro,Metro - Counties in metro areas of 1 million population or more,2,0,0,7.3828,0,1.3804,2709,5520,11357.08,2665.15,3497.65,0.234669,0.307971,620.89,0.1863,NULL,NULL,NULL,NULL,NULL,NULL,NULL,NULL,NULL,NULL,NULL,NULL,NULL,NULL,NULL
18049,2023,IN,Fulton,7,Nonmetro,"Nonmetro - Urban population of 5,000 to 20,000, not adjacent to a metro area",7,0,0,31.9343,1,9.7695,2192,5120,10752.05,2670.85,2886.26,0.248404,0.268438,608.12,0.1479,NULL,NULL,NULL,NULL,NULL,NULL,NULL,NULL,NULL,NULL,NULL,NULL,NULL,NULL,NULL
18051,2023,IN,Gibson,6,Nonmetro,"Nonmetro - Urban population of 5,000 to 20,000, adjacent to a metro area",8,0,0,19.4647,1,3.9917,4110,7871,12053.38,2504.14,3157.04,0.207754,0.261922,588.81,0.1527,NULL,NULL,NULL,NULL,NULL,NULL,NULL,NULL,NULL,NULL,NULL,NULL,NULL,NULL,NULL
18053,2023,IN,Grant,4,Nonmetro,"Nonmetro - Urban population of 20,000 or more, adjacent to a metro area",15,0,0,20.0401,1,6.1801,7485,16752,11102.59,2716.42,2519.47,0.244665,0.226926,638.08,0.1556,NULL,NULL,NULL,NULL,NULL,NULL,NULL,NULL,NULL,NULL,NULL,NULL,NULL,NULL,NULL
18055,2023,IN,Greene,6,Nonmetro,"Nonmetro - Urban population of 5,000 to 20,000, adjacent to a metro area",7,0,0,16.4088,1,5.2936,4266,8083,10681.22,2293.40,2842.76,0.214713,0.266146,634.79,0.1473,NULL,NULL,NULL,NULL,NULL,NULL,NULL,NULL,NULL,NULL,NULL,NULL,NULL,NULL,NULL
18057,2023,IN,Hamilton,1,Metro,Metro - Counties in metro areas of 1 million population or more,94,2,0,33.0846,14,5.0243,28412,58725,11797.95,2369.49,2512.31,0.200839,0.212945,564.20,0.1605,NULL,NULL,NULL,NULL,NULL,NULL,NULL,NULL,NULL,NULL,NULL,NULL,NULL,NULL,NULL
18059,2023,IN,Hancock,1,Metro,Metro - Counties in metro areas of 1 million population or more,15,1,0,19.5338,2,4.4034,7679,18004,11410.91,2409.45,3042.07,0.211153,0.266593,561.40,0.1632,NULL,NULL,NULL,NULL,NULL,NULL,NULL,NULL,NULL,NULL,NULL,NULL,NULL,NULL,NULL
18061,2023,IN,Harrison,1,Metro,Metro - Counties in metro areas of 1 million population or more,8,0,0,16.1747,2,6.3192,4946,9808,12585.62,2716.30,3108.00,0.215826,0.246949,605.94,0.1688,NULL,NULL,NULL,NULL,NULL,NULL,NULL,NULL,NULL,NULL,NULL,NULL,NULL,NULL,NULL
18063,2023,IN,Hendricks,1,Metro,Metro - Counties in metro areas of 1 million population or more,32,1,0,22.8213,4,5.1690,14022,32623,11305.19,2522.01,2729.22,0.223084,0.241413,565.47,0.1617,NULL,NULL,NULL,NULL,NULL,NULL,NULL,NULL,NULL,NULL,NULL,NULL,NULL,NULL,NULL
18065,2023,IN,Henry,6,Nonmetro,"Nonmetro - Urban population of 5,000 to 20,000, adjacent to a metro area",13,0,0,25.3758,0,6.3560,5123,12132,12580.90,2804.76,3123.04,0.222938,0.248237,696.86,0.1929,NULL,NULL,NULL,NULL,NULL,NULL,NULL,NULL,NULL,NULL,NULL,NULL,NULL,NULL,NULL
18067,2023,IN,Howard,3,Metro,"Metro - Counties in metro areas of fewer than 250,000 population",20,0,0,21.0194,1,6.0717,9515,20998,12952.07,2743.53,2727.07,0.211822,0.210551,670.84,0.1740,NULL,NULL,NULL,NULL,NULL,NULL,NULL,NULL,NULL,NULL,NULL,NULL,NULL,NULL,NULL
18069,2023,IN,Huntington,6,Nonmetro,"Nonmetro - Urban population of 5,000 to 20,000, adjacent to a metro area",8,0,0,25.2685,2,9.3829,3166,9279,10611.92,2815.34,2428.13,0.265300,0.228812,678.14,0.2152,NULL,NULL,NULL,NULL,NULL,NULL,NULL,NULL,NULL,NULL,NULL,NULL,NULL,NULL,NULL
18071,2023,IN,Jackson,4,Nonmetro,"Nonmetro - Urban population of 20,000 or more, adjacent to a metro area",9,0,0,22.2332,0,5.9141,4048,9900,10216.17,2148.63,2702.92,0.210317,0.264573,611.66,0.1139,NULL,NULL,NULL,NULL,NULL,NULL,NULL,NULL,NULL,NULL,NULL,NULL,NULL,NULL,NULL
18073,2023,IN,Jasper,1,Metro,Metro - Counties in metro areas of 1 million population or more,9,0,0,19.7976,1,4.0589,4546,7861,11894.86,2987.63,2475.43,0.251170,0.208109,564.23,0.1598,NULL,NULL,NULL,NULL,NULL,NULL,NULL,NULL,NULL,NULL,NULL,NULL,NULL,NULL,NULL
18075,2023,IN,Jay,6,Nonmetro,"Nonmetro - Urban population of 5,000 to 20,000, adjacent to a metro area",5,0,0,21.9974,0,5.1624,2273,4819,11499.68,2668.31,3102.81,0.232033,0.269817,653.76,0.1462,NULL,NULL,NULL,NULL,NULL,NULL,NULL,NULL,NULL,NULL,NULL,NULL,NULL,NULL,NULL
18077,2023,IN,Jefferson,6,Nonmetro,"Nonmetro - Urban population of 5,000 to 20,000, adjacent to a metro area",8,0,0,18.8103,0,3.2914,4253,8054,11400.35,2866.52,2802.88,0.251441,0.245859,557.49,0.1938,NULL,NULL,NULL,NULL,NULL,NULL,NULL,NULL,NULL,NULL,NULL,NULL,NULL,NULL,NULL
18079,2023,IN,Jennings,6,Nonmetro,"Nonmetro - Urban population of 5,000 to 20,000, adjacent to a metro area",6,0,0,21.6606,0,6.4746,2770,6530,11097.30,2664.71,2678.80,0.240122,0.241392,739.35,0.1791,NULL,NULL,NULL,NULL,NULL,NULL,NULL,NULL,NULL,NULL,NULL,NULL,NULL,NULL,NULL
18081,2023,IN,Johnson,1,Metro,Metro - Counties in metro areas of 1 million population or more,35,1,0,24.3224,4,6.0538,14390,31987,11164.39,2593.36,2620.46,0.232289,0.234716,562.82,0.1688,NULL,NULL,NULL,NULL,NULL,NULL,NULL,NULL,NULL,NULL,NULL,NULL,NULL,NULL,NULL
18083,2023,IN,Knox,7,Nonmetro,"Nonmetro - Urban population of 5,000 to 20,000, not adjacent to a metro area",14,0,0,26.6059,0,4.6864,5262,8617,12432.33,2880.81,3356.13,0.231719,0.269952,734.70,0.1753,NULL,NULL,NULL,NULL,NULL,NULL,NULL,NULL,NULL,NULL,NULL,NULL,NULL,NULL,NULL
18085,2023,IN,Kosciusko,4,Nonmetro,"Nonmetro - Urban population of 20,000 or more, adjacent to a metro area",15,0,0,24.5700,1,6.7877,6105,17634,10655.79,2839.45,2698.73,0.266470,0.253264,569.04,0.1651,NULL,NULL,NULL,NULL,NULL,NULL,NULL,NULL,NULL,NULL,NULL,NULL,NULL,NULL,NULL
18087,2023,IN,LaGrange,8,Nonmetro,"Nonmetro - Urban population of fewer than 5,000, adjacent to a metro area",6,0,0,24.3803,0,5.3508,2461,6293,9337.11,2359.41,2302.89,0.252692,0.246638,527.83,0.1649,NULL,NULL,NULL,NULL,NULL,NULL,NULL,NULL,NULL,NULL,NULL,NULL,NULL,NULL,NULL
18089,2023,IN,Lake,1,Metro,Metro - Counties in metro areas of 1 million population or more,127,4,0,26.0625,14,6.7056,48729,104405,13874.10,3373.10,2746.72,0.243122,0.197975,621.42,0.1938,NULL,NULL,NULL,NULL,NULL,NULL,NULL,NULL,NULL,NULL,NULL,NULL,NULL,NULL,NULL
18091,2023,IN,LaPorte,3,Metro,"Metro - Counties in metro areas of fewer than 250,000 population",21,1,0,15.5798,2,4.0793,13479,25948,12123.23,3166.75,2614.20,0.261213,0.215636,671.56,0.1962,NULL,NULL,NULL,NULL,NULL,NULL,NULL,NULL,NULL,NULL,NULL,NULL,NULL,NULL,NULL
18093,2023,IN,Lawrence,6,Nonmetro,"Nonmetro - Urban population of 5,000 to 20,000, adjacent to a metro area",13,0,0,23.3393,0,5.7741,5570,11619,11555.80,2596.84,2815.36,0.224722,0.243632,717.41,0.1674,NULL,NULL,NULL,NULL,NULL,NULL,NULL,NULL,NULL,NULL,NULL,NULL,NULL,NULL,NULL
18095,2023,IN,Madison,1,Metro,Metro - Counties in metro areas of 1 million population or more,29,1,0,25.6456,6,11.1583,11308,31716,13047.19,2850.23,3308.77,0.218455,0.253600,695.79,0.1812,NULL,NULL,NULL,NULL,NULL,NULL,NULL,NULL,NULL,NULL,NULL,NULL,NULL,NULL,NULL
18097,2023,IN,Marion,1,Metro,Metro - Counties in metro areas of 1 million population or more,247,3,0,43.4225,18,14.1980,56883,159784,12265.55,3024.14,2539.21,0.246556,0.207020,660.13,0.1904,NULL,NULL,NULL,NULL,NULL,NULL,NULL,NULL,NULL,NULL,NULL,NULL,NULL,NULL,NULL
18099,2023,IN,Marshall,6,Nonmetro,"Nonmetro - Urban population of 5,000 to 20,000, adjacent to a metro area",12,0,0,29.9925,1,8.3942,4001,10440,10111.25,2410.27,2318.40,0.238375,0.229289,548.11,0.1592,NULL,NULL,NULL,NULL,NULL,NULL,NULL,NULL,NULL,NULL,NULL,NULL,NULL,NULL,NULL
18101,2023,IN,Martin,9,Nonmetro,"Nonmetro - Urban population of fewer than 5,000, not adjacent to a metro area",2,0,0,12.2624,0,1.4981,1631,2635,11142.91,2463.60,2943.29,0.221091,0.264140,637.65,0.1574,NULL,NULL,NULL,NULL,NULL,NULL,NULL,NULL,NULL,NULL,NULL,NULL,NULL,NULL,NULL
18103,2023,IN,Miami,6,Nonmetro,"Nonmetro - Urban population of 5,000 to 20,000, adjacent to a metro area",4,1,0,10.1112,1,4.2404,3956,8008,12209.03,2802.59,2668.30,0.229551,0.218551,607.18,0.1595,NULL,NULL,NULL,NULL,NULL,NULL,NULL,NULL,NULL,NULL,NULL,NULL,NULL,NULL,NULL
18105,2023,IN,Monroe,3,Metro,"Metro - Counties in metro areas of fewer than 250,000 population",27,0,0,21.9227,0,3.5952,12316,23920,10865.47,2369.21,2414.17,0.218049,0.222187,605.96,0.1466,NULL,NULL,NULL,NULL,NULL,NULL,NULL,NULL,NULL,NULL,NULL,NULL,NULL,NULL,NULL
18107,2023,IN,Montgomery,6,Nonmetro,"Nonmetro - Urban population of 5,000 to 20,000, adjacent to a metro area",6,0,0,14.0911,0,2.1650,4258,9087,10644.52,2595.71,2504.54,0.243854,0.235289,648.19,0.1693,NULL,NULL,NULL,NULL,NULL,NULL,NULL,NULL,NULL,NULL,NULL,NULL,NULL,NULL,NULL
18109,2023,IN,Morgan,1,Metro,Metro - Counties in metro areas of 1 million population or more,10,0,0,13.9005,0,2.7398,7194,17533,10964.21,2735.70,2484.98,0.249512,0.226645,626.77,0.1772,NULL,NULL,NULL,NULL,NULL,NULL,NULL,NULL,NULL,NULL,NULL,NULL,NULL,NULL,NULL
18111,2023,IN,Newton,1,Metro,Metro - Counties in metro areas of 1 million population or more,2,0,0,10.5263,0,1.8533,1900,3485,11571.23,3002.49,2677.91,0.259479,0.231428,571.05,0.1580,NULL,NULL,NULL,NULL,NULL,NULL,NULL,NULL,NULL,NULL,NULL,NULL,NULL,NULL,NULL
18113,2023,IN,Noble,6,Nonmetro,"Nonmetro - Urban population of 5,000 to 20,000, adjacent to a metro area",12,0,0,36.5297,0,8.6875,3285,10247,10847.13,3022.48,2612.60,0.278643,0.240856,613.70,0.1874,NULL,NULL,NULL,NULL,NULL,NULL,NULL,NULL,NULL,NULL,NULL,NULL,NULL,NULL,NULL
18115,2023,IN,Ohio,1,Metro,Metro - Counties in metro areas of 1 million population or more,1,0,0,14.3885,0,4.2568,695,1661,14570.71,3946.68,3155.03,0.270864,0.216532,781.30,0.2531,NULL,NULL,NULL,NULL,NULL,NULL,NULL,NULL,NULL,NULL,NULL,NULL,NULL,NULL,NULL
18117,2023,IN,Orange,8,Nonmetro,"Nonmetro - Urban population of fewer than 5,000, adjacent to a metro area",5,0,0,20.2184,0,5.1491,2473,5122,11307.90,2467.74,2851.92,0.218232,0.252206,710.07,0.1767,NULL,NULL,NULL,NULL,NULL,NULL,NULL,NULL,NULL,NULL,NULL,NULL,NULL,NULL,NULL
18119,2023,IN,Owen,3,Metro,"Metro - Counties in metro areas of fewer than 250,000 population",3,0,0,12.7119,0,3.3369,2360,5562,10310.24,2487.19,2437.61,0.241235,0.236426,579.66,0.1604,NULL,NULL,NULL,NULL,NULL,NULL,NULL,NULL,NULL,NULL,NULL,NULL,NULL,NULL,NULL
18121,2023,IN,Parke,8,Nonmetro,"Nonmetro - Urban population of fewer than 5,000, adjacent to a metro area",3,0,0,15.0981,1,7.1521,1987,3989,11790.03,3204.93,2902.23,0.271834,0.246160,639.66,0.1855,NULL,NULL,NULL,NULL,NULL,NULL,NULL,NULL,NULL,NULL,NULL,NULL,NULL,NULL,NULL
18123,2023,IN,Perry,7,Nonmetro,"Nonmetro - Urban population of 5,000 to 20,000, not adjacent to a metro area",3,0,0,11.5119,0,2.3906,2606,4745,12926.31,2962.18,2866.44,0.229159,0.221752,559.86,0.1764,NULL,NULL,NULL,NULL,NULL,NULL,NULL,NULL,NULL,NULL,NULL,NULL,NULL,NULL,NULL
18125,2023,IN,Pike,8,Nonmetro,"Nonmetro - Urban population of fewer than 5,000, adjacent to a metro area",2,0,0,13.7836,0,3.7686,1451,3088,11025.56,2625.82,2718.78,0.238158,0.246589,553.41,0.1448,NULL,NULL,NULL,NULL,NULL,NULL,NULL,NULL,NULL,NULL,NULL,NULL,NULL,NULL,NULL
18127,2023,IN,Porter,1,Metro,Metro - Counties in metro areas of 1 million population or more,32,1,0,16.0958,4,3.0598,19881,38533,12283.33,3068.32,2647.00,0.249795,0.215495,647.96,0.1878,NULL,NULL,NULL,NULL,NULL,NULL,NULL,NULL,NULL,NULL,NULL,NULL,NULL,NULL,NULL
18129,2023,IN,Posey,2,Metro,"Metro - Counties in metro areas of 250,000 to 1 million population",3,0,0,8.8626,0,1.0277,3385,6284,11916.18,2959.03,2849.87,0.248320,0.239160,477.70,0.1742,NULL,NULL,NULL,NULL,NULL,NULL,NULL,NULL,NULL,NULL,NULL,NULL,NULL,NULL,NULL
18131,2023,IN,Pulaski,8,Nonmetro,"Nonmetro - Urban population of fewer than 5,000, adjacent to a metro area",4,0,0,22.4467,3,17.9543,1782,3385,10773.86,2195.20,3351.97,0.203752,0.311121,542.65,0.1322,NULL,NULL,NULL,NULL,NULL,NULL,NULL,NULL,NULL,NULL,NULL,NULL,NULL,NULL,NULL
18133,2023,IN,Putnam,6,Nonmetro,"Nonmetro - Urban population of 5,000 to 20,000, adjacent to a metro area",5,0,0,14.0056,0,3.2111,3570,8293,11238.95,2494.42,3118.24,0.221944,0.277449,674.51,0.1501,NULL,NULL,NULL,NULL,NULL,NULL,NULL,NULL,NULL,NULL,NULL,NULL,NULL,NULL,NULL
18135,2023,IN,Randolph,6,Nonmetro,"Nonmetro - Urban population of 5,000 to 20,000, adjacent to a metro area",6,1,0,17.2068,1,5.9986,3487,6309,11995.53,2571.84,2964.79,0.214400,0.247158,602.24,0.1718,NULL,NULL,NULL,NULL,NULL,NULL,NULL,NULL,NULL,NULL,NULL,NULL,NULL,NULL,NULL
18137,2023,IN,Ripley,6,Nonmetro,"Nonmetro - Urban population of 5,000 to 20,000, adjacent to a metro area",11,1,0,31.4555,1,8.6972,3497,7071,11190.32,2626.03,3157.95,0.234670,0.282204,671.43,0.1359,NULL,NULL,NULL,NULL,NULL,NULL,NULL,NULL,NULL,NULL,NULL,NULL,NULL,NULL,NULL
18139,2023,IN,Rush,6,Nonmetro,"Nonmetro - Urban population of 5,000 to 20,000, adjacent to a metro area",3,0,0,15.1362,0,3.4676,1982,4044,12117.37,2518.38,3621.31,0.207832,0.298853,605.45,0.1408,NULL,NULL,NULL,NULL,NULL,NULL,NULL,NULL,NULL,NULL,NULL,NULL,NULL,NULL,NULL
18141,2023,IN,St. Joseph,2,Metro,"Metro - Counties in metro areas of 250,000 to 1 million population",72,1,0,32.3015,8,9.2550,22290,54922,10665.13,2562.48,2000.39,0.240267,0.187564,539.57,0.1747,NULL,NULL,NULL,NULL,NULL,NULL,NULL,NULL,NULL,NULL,NULL,NULL,NULL,NULL,NULL
18143,2023,IN,Scott,6,Nonmetro,"Nonmetro - Urban population of 5,000 to 20,000, adjacent to a metro area",8,0,0,30.5694,2,14.8708,2617,5928,13030.35,3418.73,2675.93,0.262367,0.205361,683.99,0.1625,NULL,NULL,NULL,NULL,NULL,NULL,NULL,NULL,NULL,NULL,NULL,NULL,NULL,NULL,NULL
18145,2023,IN,Shelby,1,Metro,Metro - Counties in metro areas of 1 million population or more,9,0,0,21.7549,1,7.3093,4137,10506,12691.41,2771.18,3356.95,0.218351,0.264506,747.40,0.1636,NULL,NULL,NULL,NULL,NULL,NULL,NULL,NULL,NULL,NULL,NULL,NULL,NULL,NULL,NULL
18147,2023,IN,Spencer,8,Nonmetro,"Nonmetro - Urban population of fewer than 5,000, adjacent to a metro area",5,0,0,18.7477,0,3.9021,2667,5105,10727.86,2253.01,2552.08,0.210015,0.237893,490.06,0.1740,NULL,NULL,NULL,NULL,NULL,NULL,NULL,NULL,NULL,NULL,NULL,NULL,NULL,NULL,NULL
18149,2023,IN,Starke,8,Nonmetro,"Nonmetro - Urban population of fewer than 5,000, adjacent to a metro area",4,0,0,13.2979,1,5.6292,3008,6291,11379.04,2857.10,2704.21,0.251084,0.237648,649.60,0.1886,NULL,NULL,NULL,NULL,NULL,NULL,NULL,NULL,NULL,NULL,NULL,NULL,NULL,NULL,NULL
18151,2023,IN,Steuben,7,Nonmetro,"Nonmetro - Urban population of 5,000 to 20,000, not adjacent to a metro area",6,0,0,19.5185,0,4.6302,3074,9111,10332.02,2345.99,2859.52,0.227060,0.276763,618.74,0.1786,NULL,NULL,NULL,NULL,NULL,NULL,NULL,NULL,NULL,NULL,NULL,NULL,NULL,NULL,NULL
18153,2023,IN,Sullivan,3,Metro,"Metro - Counties in metro areas of fewer than 250,000 population",3,0,0,11.7279,0,2.2850,2558,4839,12881.44,2865.75,3612.99,0.222471,0.280480,659.89,0.1784,NULL,NULL,NULL,NULL,NULL,NULL,NULL,NULL,NULL,NULL,NULL,NULL,NULL,NULL,NULL
18155,2023,IN,Switzerland,8,Nonmetro,"Nonmetro - Urban population of fewer than 5,000, adjacent to a metro area",1,0,0,9.6525,0,2.6152,1036,2286,10434.85,2943.29,2497.23,0.282063,0.239316,528.96,0.2213,NULL,NULL,NULL,NULL,NULL,NULL,NULL,NULL,NULL,NULL,NULL,NULL,NULL,NULL,NULL
18157,2023,IN,Tippecanoe,3,Metro,"Metro - Counties in metro areas of fewer than 250,000 population",49,1,0,34.7789,4,8.1217,14089,28405,11450.43,2702.50,2326.50,0.236017,0.203180,576.48,0.1798,NULL,NULL,NULL,NULL,NULL,NULL,NULL,NULL,NULL,NULL,NULL,NULL,NULL,NULL,NULL
18159,2023,IN,Tipton,1,Metro,Metro - Counties in metro areas of 1 million population or more,3,0,0,15.7812,1,7.1493,1901,3929,12524.72,2648.47,3244.42,0.211459,0.259041,692.79,0.2075,NULL,NULL,NULL,NULL,NULL,NULL,NULL,NULL,NULL,NULL,NULL,NULL,NULL,NULL,NULL
18161,2023,IN,Union,8,Nonmetro,"Nonmetro - Urban population of fewer than 5,000, adjacent to a metro area",0,0,0,0.0000,0,0.0000,977,1831,11723.34,2897.46,3043.87,0.247153,0.259642,623.34,0.1155,NULL,NULL,NULL,NULL,NULL,NULL,NULL,NULL,NULL,NULL,NULL,NULL,NULL,NULL,NULL
18163,2023,IN,Vanderburgh,2,Metro,"Metro - Counties in metro areas of 250,000 to 1 million population",59,2,0,30.4453,5,7.8351,19379,40891,12544.93,2855.83,2935.12,0.227648,0.233969,566.44,0.1702,NULL,NULL,NULL,NULL,NULL,NULL,NULL,NULL,NULL,NULL,NULL,NULL,NULL,NULL,NULL
18165,2023,IN,Vermillion,3,Metro,"Metro - Counties in metro areas of fewer than 250,000 population",2,0,0,9.4787,0,2.5774,2110,4091,12533.32,2890.73,3665.23,0.230644,0.292439,659.72,0.2137,NULL,NULL,NULL,NULL,NULL,NULL,NULL,NULL,NULL,NULL,NULL,NULL,NULL,NULL,NULL
18167,2023,IN,Vigo,3,Metro,"Metro - Counties in metro areas of fewer than 250,000 population",31,0,0,26.1957,6,10.5502,11834,23842,13212.65,3258.04,3198.99,0.246585,0.242116,650.16,0.1826,NULL,NULL,NULL,NULL,NULL,NULL,NULL,NULL,NULL,NULL,NULL,NULL,NULL,NULL,NULL
18169,2023,IN,Wabash,6,Nonmetro,"Nonmetro - Urban population of 5,000 to 20,000, adjacent to a metro area",7,0,0,20.3785,0,4.2791,3435,8502,11699.43,2753.50,2685.86,0.235353,0.229572,615.14,0.1588,NULL,NULL,NULL,NULL,NULL,NULL,NULL,NULL,NULL,NULL,NULL,NULL,NULL,NULL,NULL
18171,2023,IN,Warren,3,Metro,"Metro - Counties in metro areas of fewer than 250,000 population",NULL,NULL,NULL,NULL,NULL,NULL,1147,2079,11533.03,2651.41,2657.79,0.229897,0.230450,673.06,0.2008,NULL,NULL,NULL,NULL,NULL,NULL,NULL,NULL,NULL,NULL,NULL,NULL,NULL,NULL,NULL
18173,2023,IN,Warrick,2,Metro,"Metro - Counties in metro areas of 250,000 to 1 million population",14,0,0,19.0062,1,3.8741,7366,14932,13597.84,2919.24,3230.79,0.214684,0.237596,544.53,0.1669,NULL,NULL,NULL,NULL,NULL,NULL,NULL,NULL,NULL,NULL,NULL,NULL,NULL,NULL,NULL
18175,2023,IN,Washington,1,Metro,Metro - Counties in metro areas of 1 million population or more,6,0,0,19.7109,0,4.0940,3044,6763,12240.37,2784.08,2733.37,0.227451,0.223308,591.33,0.1859,NULL,NULL,NULL,NULL,NULL,NULL,NULL,NULL,NULL,NULL,NULL,NULL,NULL,NULL,NULL
18177,2023,IN,Wayne,5,Nonmetro,"Nonmetro - Urban population of 20,000 or more, not adjacent to a metro area",19,0,0,19.7587,3,7.2048,9616,16893,12147.36,3055.46,2848.23,0.251533,0.234473,620.53,0.1873,NULL,NULL,NULL,NULL,NULL,NULL,NULL,NULL,NULL,NULL,NULL,NULL,NULL,NULL,NULL
18179,2023,IN,Wells,2,Metro,"Metro - Counties in metro areas of 250,000 to 1 million population",3,0,0,11.1773,0,1.2237,2684,6733,10461.50,2660.04,2231.42,0.254269,0.213298,566.32,0.1846,NULL,NULL,NULL,NULL,NULL,NULL,NULL,NULL,NULL,NULL,NULL,NULL,NULL,NULL,NULL
18181,2023,IN,White,6,Nonmetro,"Nonmetro - Urban population of 5,000 to 20,000, adjacent to a metro area",7,0,0,19.6906,1,5.1592,3555,6511,12171.99,2861.86,3130.64,0.235118,0.257200,695.36,0.1624,NULL,NULL,NULL,NULL,NULL,NULL,NULL,NULL,NULL,NULL,NULL,NULL,NULL,NULL,NULL
18183,2023,IN,Whitley,2,Metro,"Metro - Counties in metro areas of 250,000 to 1 million population",7,0,0,29.9658,0,6.4047,2336,8292,10864.28,2662.58,2801.64,0.245077,0.257876,582.19,0.1525,NULL,NULL,NULL,NULL,NULL,NULL,NULL,NULL,NULL,NULL,NULL,NULL,NULL,NULL,NULL
19000,2023,IA,UNKNOWN,NULL,NULL,NULL,NULL,NULL,NULL,NULL,NULL,NULL,NULL,NULL,NULL,NULL,NULL,NULL,NULL,NULL,NULL,NULL,NULL,NULL,NULL,NULL,NULL,NULL,NULL,NULL,NULL,NULL,NULL,NULL,NULL,NULL
19001,2023,IA,Adair,8,Nonmetro,"Nonmetro - Urban population of fewer than 5,000, adjacent to a metro area",4,0,0,30.1887,0,4.4652,1325,1988,12861.56,2211.88,5121.50,0.171976,0.398202,551.70,0.1223,NULL,NULL,NULL,NULL,NULL,NULL,NULL,NULL,NULL,NULL,NULL,NULL,NULL,NULL,NULL
19003,2023,IA,Adams,9,Nonmetro,"Nonmetro - Urban population of fewer than 5,000, not adjacent to a metro area",2,0,0,22.4215,0,1.2575,892,1111,12695.69,2420.61,4645.97,0.190664,0.365949,635.65,0.1375,NULL,NULL,NULL,NULL,NULL,NULL,NULL,NULL,NULL,NULL,NULL,NULL,NULL,NULL,NULL
19005,2023,IA,Allamakee,8,Nonmetro,"Nonmetro - Urban population of fewer than 5,000, adjacent to a metro area",6,0,0,22.9973,1,5.1720,2609,3767,9056.78,1866.96,3937.30,0.206139,0.434735,573.02,0.1641,NULL,NULL,NULL,NULL,NULL,NULL,NULL,NULL,NULL,NULL,NULL,NULL,NULL,NULL,NULL
19007,2023,IA,Appanoose,7,Nonmetro,"Nonmetro - Urban population of 5,000 to 20,000, not adjacent to a metro area",5,0,0,25.4194,1,9.0327,1967,3564,11608.94,1797.56,4199.59,0.154843,0.361755,660.90,0.1424,NULL,NULL,NULL,NULL,NULL,NULL,NULL,NULL,NULL,NULL,NULL,NULL,NULL,NULL,NULL
19009,2023,IA,Audubon,9,Nonmetro,"Nonmetro - Urban population of fewer than 5,000, not adjacent to a metro area",6,1,0,47.5813,2,19.5111,1261,1654,12229.77,2211.48,4422.47,0.180828,0.361615,556.70,0.1414,NULL,NULL,NULL,NULL,NULL,NULL,NULL,NULL,NULL,NULL,NULL,NULL,NULL,NULL,NULL
19011,2023,IA,Benton,2,Metro,"Metro - Counties in metro areas of 250,000 to 1 million population",10,0,0,29.1460,1,4.7558,3431,6017,9819.28,2045.23,2660.88,0.208287,0.270985,530.17,0.1507,NULL,NULL,NULL,NULL,NULL,NULL,NULL,NULL,NULL,NULL,NULL,NULL,NULL,NULL,NULL
19013,2023,IA,Black Hawk,3,Metro,"Metro - Counties in metro areas of fewer than 250,000 population",40,0,0,30.3998,0,4.2423,13158,29116,10389.52,2365.69,3322.50,0.227700,0.319793,538.68,0.1482,NULL,NULL,NULL,NULL,NULL,NULL,NULL,NULL,NULL,NULL,NULL,NULL,NULL,NULL,NULL
19015,2023,IA,Boone,3,Metro,"Metro - Counties in metro areas of fewer than 250,000 population",11,1,0,28.6011,1,6.1443,3846,6448,10117.95,1943.54,2902.55,0.192088,0.286871,538.74,0.1328,NULL,NULL,NULL,NULL,NULL,NULL,NULL,NULL,NULL,NULL,NULL,NULL,NULL,NULL,NULL
19017,2023,IA,Bremer,3,Metro,"Metro - Counties in metro areas of fewer than 250,000 population",10,0,0,27.4801,1,3.8394,3639,5981,10610.33,2089.31,3513.53,0.196913,0.331142,526.79,0.1339,NULL,NULL,NULL,NULL,NULL,NULL,NULL,NULL,NULL,NULL,NULL,NULL,NULL,NULL,NULL
19019,2023,IA,Buchanan,6,Nonmetro,"Nonmetro - Urban population of 5,000 to 20,000, adjacent to a metro area",4,0,0,15.5039,0,0.8894,2580,4824,12053.33,2889.54,3855.19,0.239730,0.319844,626.36,0.1779,NULL,NULL,NULL,NULL,NULL,NULL,NULL,NULL,NULL,NULL,NULL,NULL,NULL,NULL,NULL
19021,2023,IA,Buena Vista,7,Nonmetro,"Nonmetro - Urban population of 5,000 to 20,000, not adjacent to a metro area",9,0,0,32.2004,0,2.5756,2795,3934,10164.17,2032.17,3556.80,0.199935,0.349935,469.05,0.1370,NULL,NULL,NULL,NULL,NULL,NULL,NULL,NULL,NULL,NULL,NULL,NULL,NULL,NULL,NULL
19023,2023,IA,Butler,8,Nonmetro,"Nonmetro - Urban population of fewer than 5,000, adjacent to a metro area",5,0,0,19.2160,0,1.5606,2602,4056,12191.28,2556.47,4396.36,0.209697,0.360615,509.22,0.1194,NULL,NULL,NULL,NULL,NULL,NULL,NULL,NULL,NULL,NULL,NULL,NULL,NULL,NULL,NULL
19025,2023,IA,Calhoun,9,Nonmetro,"Nonmetro - Urban population of fewer than 5,000, not adjacent to a metro area",6,0,0,30.4878,0,4.3781,1968,2767,11288.07,2006.97,3580.43,0.177796,0.317187,484.25,0.1356,NULL,NULL,NULL,NULL,NULL,NULL,NULL,NULL,NULL,NULL,NULL,NULL,NULL,NULL,NULL
19027,2023,IA,Carroll,7,Nonmetro,"Nonmetro - Urban population of 5,000 to 20,000, not adjacent to a metro area",12,0,0,30.9677,0,1.4547,3875,5397,9643.08,1927.94,3233.23,0.199930,0.335290,452.65,0.1301,NULL,NULL,NULL,NULL,NULL,NULL,NULL,NULL,NULL,NULL,NULL,NULL,NULL,NULL,NULL
19029,2023,IA,Cass,6,Nonmetro,"Nonmetro - Urban population of 5,000 to 20,000, adjacent to a metro area",6,0,0,21.8261,1,5.5501,2749,3922,12183.30,2298.07,4323.44,0.188625,0.354866,573.66,0.1147,NULL,NULL,NULL,NULL,NULL,NULL,NULL,NULL,NULL,NULL,NULL,NULL,NULL,NULL,NULL
19031,2023,IA,Cedar,8,Nonmetro,"Nonmetro - Urban population of fewer than 5,000, adjacent to a metro area",4,0,0,15.9046,0,1.9867,2515,4482,9775.47,2172.10,2607.61,0.222199,0.266750,432.21,0.1227,NULL,NULL,NULL,NULL,NULL,NULL,NULL,NULL,NULL,NULL,NULL,NULL,NULL,NULL,NULL
19033,2023,IA,Cerro Gordo,5,Nonmetro,"Nonmetro - Urban population of 20,000 or more, not adjacent to a metro area",23,0,0,27.9397,1,5.6069,8232,12144,10638.91,2547.45,3489.96,0.239447,0.328037,528.30,0.1430,NULL,NULL,NULL,NULL,NULL,NULL,NULL,NULL,NULL,NULL,NULL,NULL,NULL,NULL,NULL
19035,2023,IA,Cherokee,9,Nonmetro,"Nonmetro - Urban population of fewer than 5,000, not adjacent to a metro area",5,0,0,21.0084,0,1.3234,2380,3300,10925.27,2057.98,3715.99,0.188369,0.340128,567.23,0.1198,NULL,NULL,NULL,NULL,NULL,NULL,NULL,NULL,NULL,NULL,NULL,NULL,NULL,NULL,NULL
19037,2023,IA,Chickasaw,8,Nonmetro,"Nonmetro - Urban population of fewer than 5,000, adjacent to a metro area",4,0,0,18.6220,0,2.2755,2148,3084,11515.56,2324.99,4404.54,0.201900,0.382486,527.93,0.1512,NULL,NULL,NULL,NULL,NULL,NULL,NULL,NULL,NULL,NULL,NULL,NULL,NULL,NULL,NULL
19039,2023,IA,Clarke,6,Nonmetro,"Nonmetro - Urban population of 5,000 to 20,000, adjacent to a metro area",4,0,0,33.2502,0,9.6792,1203,2252,11268.71,1899.80,3341.64,0.168591,0.296541,546.97,0.0899,NULL,NULL,NULL,NULL,NULL,NULL,NULL,NULL,NULL,NULL,NULL,NULL,NULL,NULL,NULL
19041,2023,IA,Clay,7,Nonmetro,"Nonmetro - Urban population of 5,000 to 20,000, not adjacent to a metro area",6,0,0,17.8518,0,1.6400,3361,4427,9782.05,2086.03,3683.34,0.213251,0.376541,524.25,0.1501,NULL,NULL,NULL,NULL,NULL,NULL,NULL,NULL,NULL,NULL,NULL,NULL,NULL,NULL,NULL
19043,2023,IA,Clayton,8,Nonmetro,"Nonmetro - Urban population of fewer than 5,000, adjacent to a metro area",10,0,0,32.6797,1,4.6859,3060,5104,10249.58,1741.98,3615.45,0.169956,0.352741,592.81,0.1422,NULL,NULL,NULL,NULL,NULL,NULL,NULL,NULL,NULL,NULL,NULL,NULL,NULL,NULL,NULL
19045,2023,IA,Clinton,4,Nonmetro,"Nonmetro - Urban population of 20,000 or more, adjacent to a metro area",19,2,0,30.2548,4,10.8122,6280,11766,10147.34,2240.31,3178.38,0.220778,0.313223,622.93,0.1646,NULL,NULL,NULL,NULL,NULL,NULL,NULL,NULL,NULL,NULL,NULL,NULL,NULL,NULL,NULL
19047,2023,IA,Crawford,7,Nonmetro,"Nonmetro - Urban population of 5,000 to 20,000, not adjacent to a metro area",4,0,0,16.0707,0,1.9214,2489,3567,11769.38,2250.06,4083.49,0.191179,0.346959,462.84,0.1447,NULL,NULL,NULL,NULL,NULL,NULL,NULL,NULL,NULL,NULL,NULL,NULL,NULL,NULL,NULL
19049,2023,IA,Dallas,2,Metro,"Metro - Counties in metro areas of 250,000 to 1 million population",12,1,0,14.1443,1,1.5325,8484,15457,10219.87,2215.15,1874.69,0.216749,0.183436,421.97,0.1467,NULL,NULL,NULL,NULL,NULL,NULL,NULL,NULL,NULL,NULL,NULL,NULL,NULL,NULL,NULL
19051,2023,IA,Davis,9,Nonmetro,"Nonmetro - Urban population of fewer than 5,000, not adjacent to a metro area",5,0,0,42.2654,0,4.0099,1183,1872,12572.80,2305.20,4223.00,0.183348,0.335884,712.60,0.1374,NULL,NULL,NULL,NULL,NULL,NULL,NULL,NULL,NULL,NULL,NULL,NULL,NULL,NULL,NULL
19053,2023,IA,Decatur,9,Nonmetro,"Nonmetro - Urban population of fewer than 5,000, not adjacent to a metro area",5,0,0,41.4594,0,6.3470,1206,1944,10539.52,1662.79,3824.00,0.157767,0.362825,618.57,0.1587,NULL,NULL,NULL,NULL,NULL,NULL,NULL,NULL,NULL,NULL,NULL,NULL,NULL,NULL,NULL
19055,2023,IA,Delaware,8,Nonmetro,"Nonmetro - Urban population of fewer than 5,000, adjacent to a metro area",7,0,0,27.1528,1,4.3564,2578,4330,9832.81,1671.77,3295.70,0.170020,0.335174,508.15,0.1214,NULL,NULL,NULL,NULL,NULL,NULL,NULL,NULL,NULL,NULL,NULL,NULL,NULL,NULL,NULL
19057,2023,IA,Des Moines,5,Nonmetro,"Nonmetro - Urban population of 20,000 or more, not adjacent to a metro area",11,1,0,16.5017,1,3.6713,6666,10312,10824.20,2514.75,3910.95,0.232327,0.361315,681.37,0.1549,NULL,NULL,NULL,NULL,NULL,NULL,NULL,NULL,NULL,NULL,NULL,NULL,NULL,NULL,NULL
19059,2023,IA,Dickinson,7,Nonmetro,"Nonmetro - Urban population of 5,000 to 20,000, not adjacent to a metro area",6,0,0,13.1492,0,0.2957,4563,5854,9495.21,1984.82,3645.04,0.209034,0.383882,556.43,0.1622,NULL,NULL,NULL,NULL,NULL,NULL,NULL,NULL,NULL,NULL,NULL,NULL,NULL,NULL,NULL
19061,2023,IA,Dubuque,3,Metro,"Metro - Counties in metro areas of fewer than 250,000 population",32,1,0,38.7222,2,1.8943,8264,23120,8983.54,2492.91,1611.27,0.277498,0.179358,598.62,0.1577,NULL,NULL,NULL,NULL,NULL,NULL,NULL,NULL,NULL,NULL,NULL,NULL,NULL,NULL,NULL
19063,2023,IA,Emmet,7,Nonmetro,"Nonmetro - Urban population of 5,000 to 20,000, not adjacent to a metro area",5,0,0,26.0010,1,7.2481,1923,2522,10189.46,1947.89,4167.86,0.191167,0.409036,599.06,0.1129,NULL,NULL,NULL,NULL,NULL,NULL,NULL,NULL,NULL,NULL,NULL,NULL,NULL,NULL,NULL
19065,2023,IA,Fayette,6,Nonmetro,"Nonmetro - Urban population of 5,000 to 20,000, adjacent to a metro area",11,0,0,31.8103,2,7.9249,3458,5401,11536.70,2066.90,4104.67,0.179159,0.355792,540.78,0.1204,NULL,NULL,NULL,NULL,NULL,NULL,NULL,NULL,NULL,NULL,NULL,NULL,NULL,NULL,NULL
19067,2023,IA,Floyd,7,Nonmetro,"Nonmetro - Urban population of 5,000 to 20,000, not adjacent to a metro area",4,1,0,14.0449,2,8.0154,2848,4165,11724.92,2343.18,3713.87,0.199846,0.316750,574.44,0.1321,NULL,NULL,NULL,NULL,NULL,NULL,NULL,NULL,NULL,NULL,NULL,NULL,NULL,NULL,NULL
19069,2023,IA,Franklin,9,Nonmetro,"Nonmetro - Urban population of fewer than 5,000, not adjacent to a metro area",4,0,0,21.3106,0,2.4427,1877,2561,11995.05,2529.01,4319.23,0.210838,0.360084,557.27,0.1385,NULL,NULL,NULL,NULL,NULL,NULL,NULL,NULL,NULL,NULL,NULL,NULL,NULL,NULL,NULL
19071,2023,IA,Fremont,8,Nonmetro,"Nonmetro - Urban population of fewer than 5,000, adjacent to a metro area",4,0,0,30.7220,0,3.9482,1302,1944,14962.96,2067.95,4585.82,0.138205,0.306478,504.61,0.1682,NULL,NULL,NULL,NULL,NULL,NULL,NULL,NULL,NULL,NULL,NULL,NULL,NULL,NULL,NULL
19073,2023,IA,Greene,8,Nonmetro,"Nonmetro - Urban population of fewer than 5,000, adjacent to a metro area",3,0,0,19.8675,0,3.0608,1510,2547,12934.01,2326.85,3347.10,0.179902,0.258783,463.58,0.1511,NULL,NULL,NULL,NULL,NULL,NULL,NULL,NULL,NULL,NULL,NULL,NULL,NULL,NULL,NULL
19075,2023,IA,Grundy,3,Metro,"Metro - Counties in metro areas of fewer than 250,000 population",6,0,0,31.6957,1,8.2984,1893,3141,11633.70,1883.43,3706.21,0.161894,0.318575,536.71,0.1286,NULL,NULL,NULL,NULL,NULL,NULL,NULL,NULL,NULL,NULL,NULL,NULL,NULL,NULL,NULL
19077,2023,IA,Guthrie,2,Metro,"Metro - Counties in metro areas of 250,000 to 1 million population",4,0,0,21.7037,0,2.0959,1843,3084,11516.57,2045.07,3138.06,0.177576,0.272482,427.02,0.1285,NULL,NULL,NULL,NULL,NULL,NULL,NULL,NULL,NULL,NULL,NULL,NULL,NULL,NULL,NULL
19079,2023,IA,Hamilton,6,Nonmetro,"Nonmetro - Urban population of 5,000 to 20,000, adjacent to a metro area",5,0,0,20.0884,0,2.1286,2489,3648,11386.89,2315.51,2725.00,0.203349,0.239310,549.62,0.1189,NULL,NULL,NULL,NULL,NULL,NULL,NULL,NULL,NULL,NULL,NULL,NULL,NULL,NULL,NULL
19081,2023,IA,Hancock,9,Nonmetro,"Nonmetro - Urban population of fewer than 5,000, not adjacent to a metro area",3,0,0,14.3472,1,6.0827,2091,2820,11286.85,2039.81,4411.57,0.180724,0.390859,516.50,0.1202,NULL,NULL,NULL,NULL,NULL,NULL,NULL,NULL,NULL,NULL,NULL,NULL,NULL,NULL,NULL
19083,2023,IA,Hardin,6,Nonmetro,"Nonmetro - Urban population of 5,000 to 20,000, adjacent to a metro area",8,0,0,26.8276,0,3.8918,2982,4559,11532.95,2078.40,4058.44,0.180214,0.351900,562.04,0.1335,NULL,NULL,NULL,NULL,NULL,NULL,NULL,NULL,NULL,NULL,NULL,NULL,NULL,NULL,NULL
19085,2023,IA,Harrison,2,Metro,"Metro - Counties in metro areas of 250,000 to 1 million population",7,1,0,29.9145,2,11.2856,2340,3672,11458.10,2473.59,3278.84,0.215881,0.286159,549.15,0.1634,NULL,NULL,NULL,NULL,NULL,NULL,NULL,NULL,NULL,NULL,NULL,NULL,NULL,NULL,NULL
19087,2023,IA,Henry,6,Nonmetro,"Nonmetro - Urban population of 5,000 to 20,000, adjacent to a metro area",8,1,0,23.8949,2,8.1675,3348,4793,10873.80,1809.79,3906.08,0.166436,0.359219,569.59,0.1368,NULL,NULL,NULL,NULL,NULL,NULL,NULL,NULL,NULL,NULL,NULL,NULL,NULL,NULL,NULL
19089,2023,IA,Howard,8,Nonmetro,"Nonmetro - Urban population of fewer than 5,000, adjacent to a metro area",5,0,0,25.8933,1,6.6718,1931,2441,10856.43,1889.36,4277.88,0.174031,0.394041,581.05,0.1672,NULL,NULL,NULL,NULL,NULL,NULL,NULL,NULL,NULL,NULL,NULL,NULL,NULL,NULL,NULL
19091,2023,IA,Humboldt,7,Nonmetro,"Nonmetro - Urban population of 5,000 to 20,000, not adjacent to a metro area",3,0,0,16.4024,0,1.7037,1829,2480,10978.69,2098.49,3318.69,0.191142,0.302285,612.36,0.1517,NULL,NULL,NULL,NULL,NULL,NULL,NULL,NULL,NULL,NULL,NULL,NULL,NULL,NULL,NULL
19093,2023,IA,Ida,8,Nonmetro,"Nonmetro - Urban population of fewer than 5,000, adjacent to a metro area",4,0,0,30.1659,0,2.0563,1326,1805,13175.85,2383.97,3664.04,0.180935,0.278088,544.49,0.1368,NULL,NULL,NULL,NULL,NULL,NULL,NULL,NULL,NULL,NULL,NULL,NULL,NULL,NULL,NULL
19095,2023,IA,Iowa,8,Nonmetro,"Nonmetro - Urban population of fewer than 5,000, adjacent to a metro area",15,0,0,61.9067,3,16.4177,2423,4065,10253.15,2029.29,3205.58,0.197919,0.312643,543.13,0.1751,NULL,NULL,NULL,NULL,NULL,NULL,NULL,NULL,NULL,NULL,NULL,NULL,NULL,NULL,NULL
19097,2023,IA,Jackson,6,Nonmetro,"Nonmetro - Urban population of 5,000 to 20,000, adjacent to a metro area",9,0,0,34.7356,3,15.2424,2591,5371,10205.57,2189.92,3197.25,0.214581,0.313285,546.51,0.1016,NULL,NULL,NULL,NULL,NULL,NULL,NULL,NULL,NULL,NULL,NULL,NULL,NULL,NULL,NULL
19099,2023,IA,Jasper,2,Metro,"Metro - Counties in metro areas of 250,000 to 1 million population",10,0,0,20.3169,2,7.0741,4922,9017,9753.99,2287.65,2512.84,0.234535,0.257622,483.95,0.0999,NULL,NULL,NULL,NULL,NULL,NULL,NULL,NULL,NULL,NULL,NULL,NULL,NULL,NULL,NULL
19101,2023,IA,Jefferson,7,Nonmetro,"Nonmetro - Urban population of 5,000 to 20,000, not adjacent to a metro area",7,0,0,27.1423,2,12.5224,2579,4948,10231.33,1745.34,3204.41,0.170588,0.313196,561.07,0.1379,NULL,NULL,NULL,NULL,NULL,NULL,NULL,NULL,NULL,NULL,NULL,NULL,NULL,NULL,NULL
19103,2023,IA,Johnson,3,Metro,"Metro - Counties in metro areas of fewer than 250,000 population",53,0,0,38.3169,4,3.6928,13832,24764,9725.43,2040.35,3055.88,0.209795,0.314215,522.19,0.1522,NULL,NULL,NULL,NULL,NULL,NULL,NULL,NULL,NULL,NULL,NULL,NULL,NULL,NULL,NULL
19105,2023,IA,Jones,2,Metro,"Metro - Counties in metro areas of 250,000 to 1 million population",11,1,0,41.0754,1,9.8936,2678,5076,10765.77,2313.70,3360.25,0.214913,0.312124,594.85,0.1616,NULL,NULL,NULL,NULL,NULL,NULL,NULL,NULL,NULL,NULL,NULL,NULL,NULL,NULL,NULL
19107,2023,IA,Keokuk,8,Nonmetro,"Nonmetro - Urban population of fewer than 5,000, adjacent to a metro area",4,0,0,25.1099,0,2.8258,1593,2672,11218.51,2321.83,3441.80,0.206964,0.306797,599.50,0.1514,NULL,NULL,NULL,NULL,NULL,NULL,NULL,NULL,NULL,NULL,NULL,NULL,NULL,NULL,NULL
19109,2023,IA,Kossuth,7,Nonmetro,"Nonmetro - Urban population of 5,000 to 20,000, not adjacent to a metro area",3,0,0,9.3429,0,1.0921,3211,4151,10942.30,2485.98,3642.90,0.227190,0.332919,511.37,0.1586,NULL,NULL,NULL,NULL,NULL,NULL,NULL,NULL,NULL,NULL,NULL,NULL,NULL,NULL,NULL
19111,2023,IA,Lee,7,Nonmetro,"Nonmetro - Urban population of 5,000 to 20,000, not adjacent to a metro area",11,1,0,16.7402,3,6.1847,6571,9060,10807.31,2806.81,3191.90,0.259714,0.295346,683.91,0.1646,NULL,NULL,NULL,NULL,NULL,NULL,NULL,NULL,NULL,NULL,NULL,NULL,NULL,NULL,NULL
19113,2023,IA,Linn,2,Metro,"Metro - Counties in metro areas of 250,000 to 1 million population",70,2,0,31.2542,5,5.7169,22397,47152,10431.33,2318.27,2834.41,0.222241,0.271721,594.28,0.1607,NULL,NULL,NULL,NULL,NULL,NULL,NULL,NULL,NULL,NULL,NULL,NULL,NULL,NULL,NULL
19115,2023,IA,Louisa,8,Nonmetro,"Nonmetro - Urban population of fewer than 5,000, adjacent to a metro area",2,0,0,13.3511,0,1.8898,1498,2581,9657.18,2008.55,3439.83,0.207985,0.356194,520.69,0.1667,NULL,NULL,NULL,NULL,NULL,NULL,NULL,NULL,NULL,NULL,NULL,NULL,NULL,NULL,NULL
19117,2023,IA,Lucas,8,Nonmetro,"Nonmetro - Urban population of fewer than 5,000, adjacent to a metro area",2,0,0,14.8588,0,1.9222,1346,2305,11234.04,2112.35,3640.14,0.188031,0.324028,509.66,0.1659,NULL,NULL,NULL,NULL,NULL,NULL,NULL,NULL,NULL,NULL,NULL,NULL,NULL,NULL,NULL
19119,2023,IA,Lyon,8,Nonmetro,"Nonmetro - Urban population of fewer than 5,000, adjacent to a metro area",1,0,0,5.3619,0,0.4382,1865,2578,10805.20,2194.18,3859.98,0.203067,0.357234,447.19,0.1753,NULL,NULL,NULL,NULL,NULL,NULL,NULL,NULL,NULL,NULL,NULL,NULL,NULL,NULL,NULL
19121,2023,IA,Madison,2,Metro,"Metro - Counties in metro areas of 250,000 to 1 million population",7,0,0,36.2694,0,5.3507,1930,3701,11445.91,2244.28,2684.36,0.196077,0.234526,508.81,0.1633,NULL,NULL,NULL,NULL,NULL,NULL,NULL,NULL,NULL,NULL,NULL,NULL,NULL,NULL,NULL
19123,2023,IA,Mahaska,7,Nonmetro,"Nonmetro - Urban population of 5,000 to 20,000, not adjacent to a metro area",8,1,0,28.5103,1,8.5956,2806,5007,9961.27,2055.30,3868.72,0.206329,0.388376,579.83,0.1414,NULL,NULL,NULL,NULL,NULL,NULL,NULL,NULL,NULL,NULL,NULL,NULL,NULL,NULL,NULL
19125,2023,IA,Marion,6,Nonmetro,"Nonmetro - Urban population of 5,000 to 20,000, adjacent to a metro area",13,0,0,26.7986,0,3.4635,4851,7938,10935.70,1964.00,4540.17,0.179595,0.415170,573.90,0.1270,NULL,NULL,NULL,NULL,NULL,NULL,NULL,NULL,NULL,NULL,NULL,NULL,NULL,NULL,NULL
19127,2023,IA,Marshall,4,Nonmetro,"Nonmetro - Urban population of 20,000 or more, adjacent to a metro area",9,1,0,17.8324,2,6.6574,5047,9118,9789.90,2218.08,1992.04,0.226568,0.203479,524.27,0.1367,NULL,NULL,NULL,NULL,NULL,NULL,NULL,NULL,NULL,NULL,NULL,NULL,NULL,NULL,NULL
19129,2023,IA,Mills,2,Metro,"Metro - Counties in metro areas of 250,000 to 1 million population",10,0,0,46.1255,1,10.7064,2168,3534,12074.14,2981.50,2414.67,0.246933,0.199987,559.04,0.1656,NULL,NULL,NULL,NULL,NULL,NULL,NULL,NULL,NULL,NULL,NULL,NULL,NULL,NULL,NULL
19131,2023,IA,Mitchell,9,Nonmetro,"Nonmetro - Urban population of fewer than 5,000, not adjacent to a metro area",5,1,0,23.6518,2,10.6872,2114,2650,10789.89,2200.04,3448.05,0.203898,0.319563,450.33,0.1379,NULL,NULL,NULL,NULL,NULL,NULL,NULL,NULL,NULL,NULL,NULL,NULL,NULL,NULL,NULL
19133,2023,IA,Monona,8,Nonmetro,"Nonmetro - Urban population of fewer than 5,000, adjacent to a metro area",8,0,0,54.2005,0,10.2686,1476,2509,11757.24,2047.62,3767.19,0.174158,0.320414,510.84,0.1316,NULL,NULL,NULL,NULL,NULL,NULL,NULL,NULL,NULL,NULL,NULL,NULL,NULL,NULL,NULL
19135,2023,IA,Monroe,9,Nonmetro,"Nonmetro - Urban population of fewer than 5,000, not adjacent to a metro area",1,0,0,8.7413,0,0.8920,1144,1932,12114.94,1835.38,4741.35,0.151497,0.391364,615.38,0.0892,NULL,NULL,NULL,NULL,NULL,NULL,NULL,NULL,NULL,NULL,NULL,NULL,NULL,NULL,NULL
19137,2023,IA,Montgomery,6,Nonmetro,"Nonmetro - Urban population of 5,000 to 20,000, adjacent to a metro area",4,1,0,20.6612,1,7.5206,1936,2892,12047.23,2241.49,5244.11,0.186059,0.435296,647.73,0.1582,NULL,NULL,NULL,NULL,NULL,NULL,NULL,NULL,NULL,NULL,NULL,NULL,NULL,NULL,NULL
19139,2023,IA,Muscatine,4,Nonmetro,"Nonmetro - Urban population of 20,000 or more, adjacent to a metro area",12,0,0,24.0048,0,2.9817,4999,9489,10031.69,2374.43,2639.76,0.236693,0.263142,578.32,0.1574,NULL,NULL,NULL,NULL,NULL,NULL,NULL,NULL,NULL,NULL,NULL,NULL,NULL,NULL,NULL
19141,2023,IA,O'Brien,7,Nonmetro,"Nonmetro - Urban population of 5,000 to 20,000, not adjacent to a metro area",10,0,0,35.9066,0,2.3044,2785,3605,10430.37,2185.76,3458.66,0.209557,0.331595,559.78,0.1491,NULL,NULL,NULL,NULL,NULL,NULL,NULL,NULL,NULL,NULL,NULL,NULL,NULL,NULL,NULL
19143,2023,IA,Osceola,9,Nonmetro,"Nonmetro - Urban population of fewer than 5,000, not adjacent to a metro area",3,0,0,25.4237,0,1.9862,1180,1540,10311.59,2198.33,4226.79,0.213190,0.409907,455.08,0.1310,NULL,NULL,NULL,NULL,NULL,NULL,NULL,NULL,NULL,NULL,NULL,NULL,NULL,NULL,NULL
19145,2023,IA,Page,6,Nonmetro,"Nonmetro - Urban population of 5,000 to 20,000, adjacent to a metro area",10,1,0,32.8947,1,6.7471,3040,4238,13818.48,2485.35,5123.80,0.179857,0.370793,657.57,0.1773,NULL,NULL,NULL,NULL,NULL,NULL,NULL,NULL,NULL,NULL,NULL,NULL,NULL,NULL,NULL
19147,2023,IA,Palo Alto,9,Nonmetro,"Nonmetro - Urban population of fewer than 5,000, not adjacent to a metro area",7,1,0,35.9712,1,7.4270,1946,2453,11194.32,2141.65,3765.40,0.191316,0.336367,577.08,0.1483,NULL,NULL,NULL,NULL,NULL,NULL,NULL,NULL,NULL,NULL,NULL,NULL,NULL,NULL,NULL
19149,2023,IA,Plymouth,6,Nonmetro,"Nonmetro - Urban population of 5,000 to 20,000, adjacent to a metro area",10,1,0,26.2881,2,6.7186,3804,5894,10799.49,2154.63,3685.64,0.199512,0.341279,463.20,0.1228,NULL,NULL,NULL,NULL,NULL,NULL,NULL,NULL,NULL,NULL,NULL,NULL,NULL,NULL,NULL
19151,2023,IA,Pocahontas,9,Nonmetro,"Nonmetro - Urban population of fewer than 5,000, not adjacent to a metro area",3,0,0,21.2314,0,2.8603,1413,1987,12193.58,2014.59,3985.39,0.165217,0.326843,632.70,0.1268,NULL,NULL,NULL,NULL,NULL,NULL,NULL,NULL,NULL,NULL,NULL,NULL,NULL,NULL,NULL
19153,2023,IA,Polk,2,Metro,"Metro - Counties in metro areas of 250,000 to 1 million population",154,2,0,35.9586,11,6.0885,42827,88103,10289.45,2329.01,1704.73,0.226349,0.165677,431.69,0.1401,NULL,NULL,NULL,NULL,NULL,NULL,NULL,NULL,NULL,NULL,NULL,NULL,NULL,NULL,NULL
19155,2023,IA,Pottawattamie,2,Metro,"Metro - Counties in metro areas of 250,000 to 1 million population",28,1,0,26.2960,3,6.3804,10648,21973,11007.98,2704.80,2481.74,0.245713,0.225449,572.60,0.1826,NULL,NULL,NULL,NULL,NULL,NULL,NULL,NULL,NULL,NULL,NULL,NULL,NULL,NULL,NULL
19157,2023,IA,Poweshiek,6,Nonmetro,"Nonmetro - Urban population of 5,000 to 20,000, adjacent to a metro area",10,0,0,34.0599,1,6.9596,2936,4665,10138.33,2010.96,2241.10,0.198352,0.221052,534.06,0.1179,NULL,NULL,NULL,NULL,NULL,NULL,NULL,NULL,NULL,NULL,NULL,NULL,NULL,NULL,NULL
19159,2023,IA,Ringgold,9,Nonmetro,"Nonmetro - Urban population of fewer than 5,000, not adjacent to a metro area",2,0,0,19.7824,0,2.5410,1011,1369,13523.65,1511.35,6760.82,0.111756,0.499926,581.60,0.1097,NULL,NULL,NULL,NULL,NULL,NULL,NULL,NULL,NULL,NULL,NULL,NULL,NULL,NULL,NULL
19161,2023,IA,Sac,9,Nonmetro,"Nonmetro - Urban population of fewer than 5,000, not adjacent to a metro area",5,0,0,23.0947,1,6.1814,2165,2762,12314.34,2146.93,4717.15,0.174344,0.383062,515.94,0.0990,NULL,NULL,NULL,NULL,NULL,NULL,NULL,NULL,NULL,NULL,NULL,NULL,NULL,NULL,NULL
19163,2023,IA,Scott,2,Metro,"Metro - Counties in metro areas of 250,000 to 1 million population",37,0,0,21.3503,1,3.9959,17330,37119,11323.30,2712.77,2728.55,0.239574,0.240968,579.11,0.1822,NULL,NULL,NULL,NULL,NULL,NULL,NULL,NULL,NULL,NULL,NULL,NULL,NULL,NULL,NULL
19165,2023,IA,Shelby,8,Nonmetro,"Nonmetro - Urban population of fewer than 5,000, adjacent to a metro area",5,1,0,21.1685,1,6.0742,2362,3336,12801.52,2499.03,4343.79,0.195214,0.339318,629.97,0.1667,NULL,NULL,NULL,NULL,NULL,NULL,NULL,NULL,NULL,NULL,NULL,NULL,NULL,NULL,NULL
19167,2023,IA,Sioux,6,Nonmetro,"Nonmetro - Urban population of 5,000 to 20,000, adjacent to a metro area",14,0,0,27.3331,0,0.8781,5122,6713,11294.63,2038.29,5112.03,0.180465,0.452607,542.37,0.1222,NULL,NULL,NULL,NULL,NULL,NULL,NULL,NULL,NULL,NULL,NULL,NULL,NULL,NULL,NULL
19169,2023,IA,Story,3,Metro,"Metro - Counties in metro areas of fewer than 250,000 population",17,0,0,16.9137,1,0.9169,10051,15841,10117.61,2122.23,2093.07,0.209756,0.206874,512.69,0.1203,NULL,NULL,NULL,NULL,NULL,NULL,NULL,NULL,NULL,NULL,NULL,NULL,NULL,NULL,NULL
19171,2023,IA,Tama,6,Nonmetro,"Nonmetro - Urban population of 5,000 to 20,000, adjacent to a metro area",6,0,0,24.9066,0,3.0088,2409,4250,11055.52,2505.03,2698.73,0.226586,0.244107,581.15,0.1670,NULL,NULL,NULL,NULL,NULL,NULL,NULL,NULL,NULL,NULL,NULL,NULL,NULL,NULL,NULL
19173,2023,IA,Taylor,9,Nonmetro,"Nonmetro - Urban population of fewer than 5,000, not adjacent to a metro area",2,0,0,15.0489,0,1.6978,1329,1629,14063.36,2823.46,5664.39,0.200767,0.402776,593.68,0.1447,NULL,NULL,NULL,NULL,NULL,NULL,NULL,NULL,NULL,NULL,NULL,NULL,NULL,NULL,NULL
19175,2023,IA,Union,6,Nonmetro,"Nonmetro - Urban population of 5,000 to 20,000, adjacent to a metro area",5,0,0,23.8436,0,3.6823,2097,3161,12364.46,2105.58,5718.13,0.170293,0.462465,592.75,0.1101,NULL,NULL,NULL,NULL,NULL,NULL,NULL,NULL,NULL,NULL,NULL,NULL,NULL,NULL,NULL
19177,2023,IA,Van Buren,9,Nonmetro,"Nonmetro - Urban population of fewer than 5,000, not adjacent to a metro area",3,0,0,24.1352,2,17.0731,1243,1981,11597.11,1872.39,4868.41,0.161453,0.419795,679.00,0.1232,NULL,NULL,NULL,NULL,NULL,NULL,NULL,NULL,NULL,NULL,NULL,NULL,NULL,NULL,NULL
19179,2023,IA,Wapello,5,Nonmetro,"Nonmetro - Urban population of 20,000 or more, not adjacent to a metro area",12,0,0,29.7471,0,6.3416,4034,8135,10904.57,2290.61,3134.25,0.210060,0.287425,524.29,0.1407,NULL,NULL,NULL,NULL,NULL,NULL,NULL,NULL,NULL,NULL,NULL,NULL,NULL,NULL,NULL
19181,2023,IA,Warren,2,Metro,"Metro - Counties in metro areas of 250,000 to 1 million population",7,0,0,12.2893,0,1.3003,5696,11054,10760.08,2536.55,1883.68,0.235737,0.175062,392.56,0.1264,NULL,NULL,NULL,NULL,NULL,NULL,NULL,NULL,NULL,NULL,NULL,NULL,NULL,NULL,NULL
19183,2023,IA,Washington,3,Metro,"Metro - Counties in metro areas of fewer than 250,000 population",14,2,0,41.3101,2,9.7561,3389,5476,10667.17,2030.91,3237.73,0.190389,0.303523,593.69,0.1229,NULL,NULL,NULL,NULL,NULL,NULL,NULL,NULL,NULL,NULL,NULL,NULL,NULL,NULL,NULL
19185,2023,IA,Wayne,9,Nonmetro,"Nonmetro - Urban population of fewer than 5,000, not adjacent to a metro area",3,0,0,30.6435,0,4.3738,979,1698,12430.25,2224.50,4089.33,0.178959,0.328982,677.22,0.1613,NULL,NULL,NULL,NULL,NULL,NULL,NULL,NULL,NULL,NULL,NULL,NULL,NULL,NULL,NULL
19187,2023,IA,Webster,5,Nonmetro,"Nonmetro - Urban population of 20,000 or more, not adjacent to a metro area",13,0,0,24.9952,0,4.4353,5201,8622,9930.07,2161.81,2250.23,0.217703,0.226608,479.72,0.1381,NULL,NULL,NULL,NULL,NULL,NULL,NULL,NULL,NULL,NULL,NULL,NULL,NULL,NULL,NULL
19189,2023,IA,Winnebago,9,Nonmetro,"Nonmetro - Urban population of fewer than 5,000, not adjacent to a metro area",5,0,0,24.4978,0,2.6255,2041,2818,10367.71,2481.35,3386.94,0.239334,0.326682,513.96,0.1229,NULL,NULL,NULL,NULL,NULL,NULL,NULL,NULL,NULL,NULL,NULL,NULL,NULL,NULL,NULL
19191,2023,IA,Winneshiek,7,Nonmetro,"Nonmetro - Urban population of 5,000 to 20,000, not adjacent to a metro area",6,1,0,15.3767,1,1.9431,3902,5356,9206.26,1898.54,3913.71,0.206223,0.425114,638.13,0.1281,NULL,NULL,NULL,NULL,NULL,NULL,NULL,NULL,NULL,NULL,NULL,NULL,NULL,NULL,NULL
19193,2023,IA,Woodbury,3,Metro,"Metro - Counties in metro areas of fewer than 250,000 population",30,0,0,30.8008,3,9.1870,9740,20401,11228.14,2888.88,1940.18,0.257289,0.172796,517.76,0.1856,NULL,NULL,NULL,NULL,NULL,NULL,NULL,NULL,NULL,NULL,NULL,NULL,NULL,NULL,NULL
19195,2023,IA,Worth,9,Nonmetro,"Nonmetro - Urban population of fewer than 5,000, not adjacent to a metro area",1,0,0,7.4129,0,0.7684,1349,1923,9842.94,2264.37,3655.87,0.230050,0.371421,503.34,0.1519,NULL,NULL,NULL,NULL,NULL,NULL,NULL,NULL,NULL,NULL,NULL,NULL,NULL,NULL,NULL
19197,2023,IA,Wright,9,Nonmetro,"Nonmetro - Urban population of fewer than 5,000, not adjacent to a metro area",5,0,0,21.4869,0,3.5400,2327,3250,11314.96,2551.79,3218.97,0.225524,0.284488,558.23,0.1330,NULL,NULL,NULL,NULL,NULL,NULL,NULL,NULL,NULL,NULL,NULL,NULL,NULL,NULL,NULL
20000,2023,KS,UNKNOWN,NULL,NULL,NULL,NULL,NULL,NULL,NULL,NULL,NULL,NULL,NULL,NULL,NULL,NULL,NULL,NULL,NULL,NULL,NULL,NULL,NULL,NULL,NULL,NULL,NULL,NULL,NULL,NULL,NULL,NULL,NULL,NULL,NULL
20001,2023,KS,Allen,7,Nonmetro,"Nonmetro - Urban population of 5,000 to 20,000, not adjacent to a metro area",7,1,0,32.5430,1,10.3946,2151,3314,14051.76,2783.50,3979.98,0.198089,0.283237,685.26,0.1488,NULL,NULL,NULL,NULL,NULL,NULL,NULL,NULL,NULL,NULL,NULL,NULL,NULL,NULL,NULL
20003,2023,KS,Anderson,8,Nonmetro,"Nonmetro - Urban population of fewer than 5,000, adjacent to a metro area",3,0,0,22.8833,0,4.2150,1311,2011,14677.26,2854.54,4307.55,0.194487,0.293485,667.43,0.1993,NULL,NULL,NULL,NULL,NULL,NULL,NULL,NULL,NULL,NULL,NULL,NULL,NULL,NULL,NULL
20005,2023,KS,Atchison,6,Nonmetro,"Nonmetro - Urban population of 5,000 to 20,000, adjacent to a metro area",6,1,0,25.8065,2,11.2133,2325,3718,11722.11,2534.37,3409.98,0.216204,0.290902,608.60,0.1471,NULL,NULL,NULL,NULL,NULL,NULL,NULL,NULL,NULL,NULL,NULL,NULL,NULL,NULL,NULL
20007,2023,KS,Barber,9,Nonmetro,"Nonmetro - Urban population of fewer than 5,000, not adjacent to a metro area",4,0,0,39.3701,0,3.0065,1016,1280,13818.04,2968.06,3262.59,0.214796,0.236111,517.72,0.1737,NULL,NULL,NULL,NULL,NULL,NULL,NULL,NULL,NULL,NULL,NULL,NULL,NULL,NULL,NULL
20009,2023,KS,Barton,7,Nonmetro,"Nonmetro - Urban population of 5,000 to 20,000, not adjacent to a metro area",10,1,0,20.6186,1,3.6086,4850,6164,13884.30,2632.75,3044.36,0.189621,0.219266,674.85,0.1735,NULL,NULL,NULL,NULL,NULL,NULL,NULL,NULL,NULL,NULL,NULL,NULL,NULL,NULL,NULL
20011,2023,KS,Bourbon,6,Nonmetro,"Nonmetro - Urban population of 5,000 to 20,000, adjacent to a metro area",6,0,0,32.0684,0,8.1450,1871,3489,11835.73,2257.17,2553.10,0.190708,0.215711,501.34,0.1186,NULL,NULL,NULL,NULL,NULL,NULL,NULL,NULL,NULL,NULL,NULL,NULL,NULL,NULL,NULL
20013,2023,KS,Brown,8,Nonmetro,"Nonmetro - Urban population of fewer than 5,000, adjacent to a metro area",6,0,0,31.3480,1,8.1891,1914,2601,12051.04,2591.84,4163.59,0.215072,0.345496,630.62,0.1658,NULL,NULL,NULL,NULL,NULL,NULL,NULL,NULL,NULL,NULL,NULL,NULL,NULL,NULL,NULL
20015,2023,KS,Butler,2,Metro,"Metro - Counties in metro areas of 250,000 to 1 million population",17,0,0,22.3979,0,3.3439,7590,13939,11068.38,2352.23,1695.20,0.212518,0.153157,535.70,0.1202,NULL,NULL,NULL,NULL,NULL,NULL,NULL,NULL,NULL,NULL,NULL,NULL,NULL,NULL,NULL
20017,2023,KS,Chase,8,Nonmetro,"Nonmetro - Urban population of fewer than 5,000, adjacent to a metro area",0,0,0,0.0000,0,0.0000,529,727,12009.82,2003.70,2331.27,0.166838,0.194114,531.19,NULL,NULL,NULL,NULL,NULL,NULL,NULL,NULL,NULL,NULL,NULL,NULL,NULL,NULL,NULL,NULL
20019,2023,KS,Chautauqua,9,Nonmetro,"Nonmetro - Urban population of fewer than 5,000, not adjacent to a metro area",3,0,0,42.0757,0,7.3132,713,1003,13168.54,2270.87,2773.97,0.172447,0.210651,622.72,NULL,NULL,NULL,NULL,NULL,NULL,NULL,NULL,NULL,NULL,NULL,NULL,NULL,NULL,NULL,NULL
20021,2023,KS,Cherokee,3,Metro,"Metro - Counties in metro areas of fewer than 250,000 population",10,0,0,38.1534,3,18.9279,2621,4908,12515.87,2588.80,3200.20,0.206841,0.255691,602.82,0.1399,NULL,NULL,NULL,NULL,NULL,NULL,NULL,NULL,NULL,NULL,NULL,NULL,NULL,NULL,NULL
20023,2023,KS,Cheyenne,9,Nonmetro,"Nonmetro - Urban population of fewer than 5,000, not adjacent to a metro area",1,0,0,15.3374,0,0.6531,652,814,14057.98,2520.86,5177.28,0.179319,0.368281,467.79,0.2132,NULL,NULL,NULL,NULL,NULL,NULL,NULL,NULL,NULL,NULL,NULL,NULL,NULL,NULL,NULL
20025,2023,KS,Clark,9,Nonmetro,"Nonmetro - Urban population of fewer than 5,000, not adjacent to a metro area",3,0,0,70.5882,0,1.6227,425,494,16606.37,2280.90,3094.36,0.137351,0.186336,665.88,0.1461,NULL,NULL,NULL,NULL,NULL,NULL,NULL,NULL,NULL,NULL,NULL,NULL,NULL,NULL,NULL
20027,2023,KS,Clay,8,Nonmetro,"Nonmetro - Urban population of fewer than 5,000, adjacent to a metro area",3,0,0,16.6389,0,0.6474,1803,2254,12698.53,2087.85,3577.45,0.164417,0.281722,585.14,0.1724,NULL,NULL,NULL,NULL,NULL,NULL,NULL,NULL,NULL,NULL,NULL,NULL,NULL,NULL,NULL
20029,2023,KS,Cloud,7,Nonmetro,"Nonmetro - Urban population of 5,000 to 20,000, not adjacent to a metro area",6,0,0,32.5027,0,3.8220,1846,2345,13365.09,2100.10,3713.08,0.157133,0.277819,553.09,0.1586,NULL,NULL,NULL,NULL,NULL,NULL,NULL,NULL,NULL,NULL,NULL,NULL,NULL,NULL,NULL
20031,2023,KS,Coffey,8,Nonmetro,"Nonmetro - Urban population of fewer than 5,000, adjacent to a metro area",4,0,0,25.7400,1,9.0918,1554,2240,11939.44,2553.28,3494.65,0.213853,0.292698,576.58,0.1522,NULL,NULL,NULL,NULL,NULL,NULL,NULL,NULL,NULL,NULL,NULL,NULL,NULL,NULL,NULL
20033,2023,KS,Comanche,9,Nonmetro,"Nonmetro - Urban population of fewer than 5,000, not adjacent to a metro area",1,0,0,21.7391,0,0.9058,460,520,14040.28,2464.63,3856.25,0.175540,0.274656,506.52,0.1429,NULL,NULL,NULL,NULL,NULL,NULL,NULL,NULL,NULL,NULL,NULL,NULL,NULL,NULL,NULL
20035,2023,KS,Cowley,4,Nonmetro,"Nonmetro - Urban population of 20,000 or more, adjacent to a metro area",17,2,0,34.0886,3,11.4715,4987,7911,10444.51,2065.04,2051.99,0.197715,0.196466,579.11,0.1423,NULL,NULL,NULL,NULL,NULL,NULL,NULL,NULL,NULL,NULL,NULL,NULL,NULL,NULL,NULL
20037,2023,KS,Crawford,4,Nonmetro,"Nonmetro - Urban population of 20,000 or more, adjacent to a metro area",13,2,0,28.3224,3,11.6696,4590,7968,14037.05,2765.15,3705.98,0.196989,0.264014,541.61,0.1448,NULL,NULL,NULL,NULL,NULL,NULL,NULL,NULL,NULL,NULL,NULL,NULL,NULL,NULL,NULL
20039,2023,KS,Decatur,9,Nonmetro,"Nonmetro - Urban population of fewer than 5,000, not adjacent to a metro area",3,0,0,42.2535,0,0.1778,710,883,13354.77,2404.96,4631.96,0.180082,0.346839,404.23,0.1597,NULL,NULL,NULL,NULL,NULL,NULL,NULL,NULL,NULL,NULL,NULL,NULL,NULL,NULL,NULL
20041,2023,KS,Dickinson,6,Nonmetro,"Nonmetro - Urban population of 5,000 to 20,000, adjacent to a metro area",9,1,0,25.0487,3,9.8280,3593,4811,12817.64,2425.99,2912.27,0.189270,0.227208,621.76,0.1467,NULL,NULL,NULL,NULL,NULL,NULL,NULL,NULL,NULL,NULL,NULL,NULL,NULL,NULL,NULL
20043,2023,KS,Doniphan,3,Metro,"Metro - Counties in metro areas of fewer than 250,000 population",2,0,0,15.0830,1,8.3308,1326,1848,12422.76,2907.55,3823.11,0.234050,0.307750,572.40,0.1797,NULL,NULL,NULL,NULL,NULL,NULL,NULL,NULL,NULL,NULL,NULL,NULL,NULL,NULL,NULL
20045,2023,KS,Douglas,3,Metro,"Metro - Counties in metro areas of fewer than 250,000 population",36,2,0,28.7402,6,5.5903,12526,20752,11156.00,2276.64,2926.88,0.204073,0.262359,457.53,0.1383,NULL,NULL,NULL,NULL,NULL,NULL,NULL,NULL,NULL,NULL,NULL,NULL,NULL,NULL,NULL
20047,2023,KS,Edwards,9,Nonmetro,"Nonmetro - Urban population of fewer than 5,000, not adjacent to a metro area",1,0,0,15.1286,0,0.1136,661,791,14395.38,2560.94,3839.28,0.177900,0.266702,538.58,0.1207,NULL,NULL,NULL,NULL,NULL,NULL,NULL,NULL,NULL,NULL,NULL,NULL,NULL,NULL,NULL
20049,2023,KS,Elk,8,Nonmetro,"Nonmetro - Urban population of fewer than 5,000, adjacent to a metro area",1,0,0,18.5529,0,4.2876,539,807,12798.95,2575.07,2209.44,0.201194,0.172627,547.31,0.2566,NULL,NULL,NULL,NULL,NULL,NULL,NULL,NULL,NULL,NULL,NULL,NULL,NULL,NULL,NULL
20051,2023,KS,Ellis,5,Nonmetro,"Nonmetro - Urban population of 20,000 or more, not adjacent to a metro area",10,1,0,20.0361,2,2.7500,4991,6039,11549.71,2800.31,3795.78,0.242457,0.328647,637.55,0.1657,NULL,NULL,NULL,NULL,NULL,NULL,NULL,NULL,NULL,NULL,NULL,NULL,NULL,NULL,NULL
20053,2023,KS,Ellsworth,9,Nonmetro,"Nonmetro - Urban population of fewer than 5,000, not adjacent to a metro area",2,0,0,15.8856,0,0.4654,1259,1594,13241.53,2148.61,3549.95,0.162263,0.268092,610.01,0.1696,NULL,NULL,NULL,NULL,NULL,NULL,NULL,NULL,NULL,NULL,NULL,NULL,NULL,NULL,NULL
20055,2023,KS,Finney,5,Nonmetro,"Nonmetro - Urban population of 20,000 or more, not adjacent to a metro area",10,1,0,25.7400,1,2.8858,3885,5326,10802.89,2648.27,2480.87,0.245145,0.229649,722.01,0.1762,NULL,NULL,NULL,NULL,NULL,NULL,NULL,NULL,NULL,NULL,NULL,NULL,NULL,NULL,NULL
20057,2023,KS,Ford,5,Nonmetro,"Nonmetro - Urban population of 20,000 or more, not adjacent to a metro area",6,0,0,16.9492,0,0.7854,3540,4565,9507.80,2191.76,1711.14,0.230522,0.179972,504.80,0.1278,NULL,NULL,NULL,NULL,NULL,NULL,NULL,NULL,NULL,NULL,NULL,NULL,NULL,NULL,NULL
20059,2023,KS,Franklin,6,Nonmetro,"Nonmetro - Urban population of 5,000 to 20,000, adjacent to a metro area",7,0,0,18.6766,0,2.3215,3748,6055,12680.91,3350.01,2980.61,0.264177,0.235047,664.62,0.1679,NULL,NULL,NULL,NULL,NULL,NULL,NULL,NULL,NULL,NULL,NULL,NULL,NULL,NULL,NULL
20061,2023,KS,Geary,3,Metro,"Metro - Counties in metro areas of fewer than 250,000 population",8,1,0,27.1278,1,6.9781,2949,4564,10933.12,2346.69,2118.71,0.214640,0.193788,554.76,0.1581,NULL,NULL,NULL,NULL,NULL,NULL,NULL,NULL,NULL,NULL,NULL,NULL,NULL,NULL,NULL
20063,2023,KS,Gove,9,Nonmetro,"Nonmetro - Urban population of fewer than 5,000, not adjacent to a metro area",1,0,0,16.4474,0,0.6745,608,723,18183.61,3708.05,4773.49,0.203923,0.262516,486.84,0.1098,NULL,NULL,NULL,NULL,NULL,NULL,NULL,NULL,NULL,NULL,NULL,NULL,NULL,NULL,NULL
20065,2023,KS,Graham,9,Nonmetro,"Nonmetro - Urban population of fewer than 5,000, not adjacent to a metro area",4,0,0,62.2084,0,0.0966,643,760,13781.01,3051.70,4330.97,0.221442,0.314271,590.98,0.1558,NULL,NULL,NULL,NULL,NULL,NULL,NULL,NULL,NULL,NULL,NULL,NULL,NULL,NULL,NULL
20067,2023,KS,Grant,7,Nonmetro,"Nonmetro - Urban population of 5,000 to 20,000, not adjacent to a metro area",2,0,0,21.5517,0,1.8473,928,1243,11491.50,2862.49,2241.55,0.249096,0.195062,721.98,0.1545,NULL,NULL,NULL,NULL,NULL,NULL,NULL,NULL,NULL,NULL,NULL,NULL,NULL,NULL,NULL
20069,2023,KS,Gray,9,Nonmetro,"Nonmetro - Urban population of fewer than 5,000, not adjacent to a metro area",6,0,0,61.0998,0,-0.8837,982,1188,8894.40,2205.56,1967.11,0.247972,0.221163,431.77,0.1007,NULL,NULL,NULL,NULL,NULL,NULL,NULL,NULL,NULL,NULL,NULL,NULL,NULL,NULL,NULL
20071,2023,KS,Greeley,9,Nonmetro,"Nonmetro - Urban population of fewer than 5,000, not adjacent to a metro area",1,0,0,36.7647,0,0.7935,272,309,17433.33,3484.75,3370.55,0.199890,0.193339,805.15,0.1395,NULL,NULL,NULL,NULL,NULL,NULL,NULL,NULL,NULL,NULL,NULL,NULL,NULL,NULL,NULL
20073,2023,KS,Greenwood,8,Nonmetro,"Nonmetro - Urban population of fewer than 5,000, adjacent to a metro area",2,0,0,16.0514,0,3.6981,1246,1866,12625.40,2443.88,3547.83,0.193569,0.281007,614.77,0.1008,NULL,NULL,NULL,NULL,NULL,NULL,NULL,NULL,NULL,NULL,NULL,NULL,NULL,NULL,NULL
20075,2023,KS,Hamilton,9,Nonmetro,"Nonmetro - Urban population of fewer than 5,000, not adjacent to a metro area",1,0,0,28.2486,0,0.3156,354,432,24463.43,3293.70,3518.46,0.134638,0.143825,635.59,0.1633,NULL,NULL,NULL,NULL,NULL,NULL,NULL,NULL,NULL,NULL,NULL,NULL,NULL,NULL,NULL
20077,2023,KS,Harper,8,Nonmetro,"Nonmetro - Urban population of fewer than 5,000, adjacent to a metro area",4,0,0,36.3967,0,5.6983,1099,1500,14188.32,2835.28,3484.30,0.199832,0.245575,615.10,0.1228,NULL,NULL,NULL,NULL,NULL,NULL,NULL,NULL,NULL,NULL,NULL,NULL,NULL,NULL,NULL
20079,2023,KS,Harvey,2,Metro,"Metro - Counties in metro areas of 250,000 to 1 million population",15,0,0,29.5043,2,6.6371,5084,8538,11709.85,2487.29,2035.42,0.212410,0.173821,553.89,0.1342,NULL,NULL,NULL,NULL,NULL,NULL,NULL,NULL,NULL,NULL,NULL,NULL,NULL,NULL,NULL
20081,2023,KS,Haskell,9,Nonmetro,"Nonmetro - Urban population of fewer than 5,000, not adjacent to a metro area",1,0,0,19.1205,0,0.8390,523,668,14419.78,2817.86,2898.50,0.195416,0.201009,627.15,0.2018,NULL,NULL,NULL,NULL,NULL,NULL,NULL,NULL,NULL,NULL,NULL,NULL,NULL,NULL,NULL
20083,2023,KS,Hodgeman,9,Nonmetro,"Nonmetro - Urban population of fewer than 5,000, not adjacent to a metro area",2,0,0,53.9084,0,4.1572,371,442,16642.55,3316.64,3994.25,0.199287,0.240002,460.92,0.1864,NULL,NULL,NULL,NULL,NULL,NULL,NULL,NULL,NULL,NULL,NULL,NULL,NULL,NULL,NULL
20085,2023,KS,Jackson,3,Metro,"Metro - Counties in metro areas of fewer than 250,000 population",2,0,0,10.4657,0,1.3166,1911,3131,12291.32,2683.33,4601.62,0.218311,0.374380,555.21,0.1470,NULL,NULL,NULL,NULL,NULL,NULL,NULL,NULL,NULL,NULL,NULL,NULL,NULL,NULL,NULL
20087,2023,KS,Jefferson,3,Metro,"Metro - Counties in metro areas of fewer than 250,000 population",7,0,0,25.6035,0,2.7650,2734,4616,11713.44,2827.15,3044.24,0.241359,0.259893,450.62,0.1353,NULL,NULL,NULL,NULL,NULL,NULL,NULL,NULL,NULL,NULL,NULL,NULL,NULL,NULL,NULL
20089,2023,KS,Jewell,9,Nonmetro,"Nonmetro - Urban population of fewer than 5,000, not adjacent to a metro area",1,0,0,12.9534,0,0.4690,772,954,18198.27,3324.64,4204.09,0.182690,0.231016,584.20,0.1471,NULL,NULL,NULL,NULL,NULL,NULL,NULL,NULL,NULL,NULL,NULL,NULL,NULL,NULL,NULL
20091,2023,KS,Johnson,1,Metro,Metro - Counties in metro areas of 1 million population or more,171,0,0,30.1003,12,2.5950,56810,115200,12344.46,2778.65,2913.88,0.225093,0.236048,552.39,0.1654,NULL,NULL,NULL,NULL,NULL,NULL,NULL,NULL,NULL,NULL,NULL,NULL,NULL,NULL,NULL
20093,2023,KS,Kearny,9,Nonmetro,"Nonmetro - Urban population of fewer than 5,000, not adjacent to a metro area",3,1,0,56.0748,1,22.1765,535,676,11071.08,2316.32,2362.74,0.209223,0.213415,585.05,0.1652,NULL,NULL,NULL,NULL,NULL,NULL,NULL,NULL,NULL,NULL,NULL,NULL,NULL,NULL,NULL
20095,2023,KS,Kingman,8,Nonmetro,"Nonmetro - Urban population of fewer than 5,000, adjacent to a metro area",2,0,0,13.1579,0,1.2955,1520,2047,14010.63,2727.50,3016.52,0.194674,0.215302,567.76,0.1060,NULL,NULL,NULL,NULL,NULL,NULL,NULL,NULL,NULL,NULL,NULL,NULL,NULL,NULL,NULL
20097,2023,KS,Kiowa,9,Nonmetro,"Nonmetro - Urban population of fewer than 5,000, not adjacent to a metro area",1,0,0,19.4175,0,0.4422,515,638,14186.49,2483.68,2745.18,0.175074,0.193507,619.42,0.1028,NULL,NULL,NULL,NULL,NULL,NULL,NULL,NULL,NULL,NULL,NULL,NULL,NULL,NULL,NULL
20099,2023,KS,Labette,7,Nonmetro,"Nonmetro - Urban population of 5,000 to 20,000, not adjacent to a metro area",12,0,0,39.5127,0,9.8318,3037,5164,10305.00,2249.08,2443.22,0.218251,0.237091,600.26,0.1481,NULL,NULL,NULL,NULL,NULL,NULL,NULL,NULL,NULL,NULL,NULL,NULL,NULL,NULL,NULL
20101,2023,KS,Lane,9,Nonmetro,"Nonmetro - Urban population of fewer than 5,000, not adjacent to a metro area",2,0,0,49.6278,0,-0.3722,403,453,15084.38,2860.96,3492.48,0.189664,0.231530,553.35,0.1512,NULL,NULL,NULL,NULL,NULL,NULL,NULL,NULL,NULL,NULL,NULL,NULL,NULL,NULL,NULL
20103,2023,KS,Leavenworth,1,Metro,Metro - Counties in metro areas of 1 million population or more,20,0,0,22.4744,1,3.2708,8899,15967,11551.12,2802.10,2657.05,0.242583,0.230025,527.48,0.1799,NULL,NULL,NULL,NULL,NULL,NULL,NULL,NULL,NULL,NULL,NULL,NULL,NULL,NULL,NULL
20105,2023,KS,Lincoln,9,Nonmetro,"Nonmetro - Urban population of fewer than 5,000, not adjacent to a metro area",1,0,0,13.8122,0,0.3532,724,906,15794.49,2375.46,2903.23,0.150398,0.183813,548.34,0.1481,NULL,NULL,NULL,NULL,NULL,NULL,NULL,NULL,NULL,NULL,NULL,NULL,NULL,NULL,NULL
20107,2023,KS,Linn,1,Metro,Metro - Counties in metro areas of 1 million population or more,7,0,0,57.5185,1,20.2977,1217,2656,10597.95,2452.82,2294.26,0.231443,0.216481,494.66,0.1445,NULL,NULL,NULL,NULL,NULL,NULL,NULL,NULL,NULL,NULL,NULL,NULL,NULL,NULL,NULL
20109,2023,KS,Logan,9,Nonmetro,"Nonmetro - Urban population of fewer than 5,000, not adjacent to a metro area",2,0,0,33.8409,0,0.4519,591,705,16770.62,3476.60,4922.90,0.207303,0.293543,595.60,0.2061,NULL,NULL,NULL,NULL,NULL,NULL,NULL,NULL,NULL,NULL,NULL,NULL,NULL,NULL,NULL
20111,2023,KS,Lyon,4,Nonmetro,"Nonmetro - Urban population of 20,000 or more, adjacent to a metro area",10,0,0,22.2916,0,2.4227,4486,6715,12098.49,2427.06,3114.95,0.200609,0.257466,640.21,0.1398,NULL,NULL,NULL,NULL,NULL,NULL,NULL,NULL,NULL,NULL,NULL,NULL,NULL,NULL,NULL
20113,2023,KS,McPherson,7,Nonmetro,"Nonmetro - Urban population of 5,000 to 20,000, not adjacent to a metro area",10,0,0,18.6567,0,0.5210,5360,7386,12186.82,2553.78,2344.03,0.209553,0.192341,528.17,0.1246,NULL,NULL,NULL,NULL,NULL,NULL,NULL,NULL,NULL,NULL,NULL,NULL,NULL,NULL,NULL
20115,2023,KS,Marion,8,Nonmetro,"Nonmetro - Urban population of fewer than 5,000, adjacent to a metro area",7,0,0,29.0095,1,7.5809,2413,3266,11568.80,2166.17,2774.66,0.187242,0.239840,523.83,0.1176,NULL,NULL,NULL,NULL,NULL,NULL,NULL,NULL,NULL,NULL,NULL,NULL,NULL,NULL,NULL
20117,2023,KS,Marshall,8,Nonmetro,"Nonmetro - Urban population of fewer than 5,000, adjacent to a metro area",4,0,0,18.5874,0,0.4797,2152,2782,11893.12,2391.78,3032.02,0.201106,0.254939,509.76,0.1114,NULL,NULL,NULL,NULL,NULL,NULL,NULL,NULL,NULL,NULL,NULL,NULL,NULL,NULL,NULL
20119,2023,KS,Meade,9,Nonmetro,"Nonmetro - Urban population of fewer than 5,000, not adjacent to a metro area",3,0,0,43.6047,0,2.3959,688,852,13843.29,3501.29,3400.06,0.252923,0.245611,636.63,0.1060,NULL,NULL,NULL,NULL,NULL,NULL,NULL,NULL,NULL,NULL,NULL,NULL,NULL,NULL,NULL
20121,2023,KS,Miami,1,Metro,Metro - Counties in metro areas of 1 million population or more,10,0,0,25.5558,1,5.3220,3913,7664,12021.71,2798.18,3135.43,0.232761,0.260814,618.71,0.1300,NULL,NULL,NULL,NULL,NULL,NULL,NULL,NULL,NULL,NULL,NULL,NULL,NULL,NULL,NULL
20123,2023,KS,Mitchell,9,Nonmetro,"Nonmetro - Urban population of fewer than 5,000, not adjacent to a metro area",4,0,0,28.2486,1,7.7007,1416,1707,15248.19,2830.00,3321.77,0.185596,0.217847,580.51,0.1546,NULL,NULL,NULL,NULL,NULL,NULL,NULL,NULL,NULL,NULL,NULL,NULL,NULL,NULL,NULL
20125,2023,KS,Montgomery,7,Nonmetro,"Nonmetro - Urban population of 5,000 to 20,000, not adjacent to a metro area",17,1,0,37.6356,1,12.1498,4517,8059,11909.65,2453.60,2704.11,0.206018,0.227052,591.32,0.1315,NULL,NULL,NULL,NULL,NULL,NULL,NULL,NULL,NULL,NULL,NULL,NULL,NULL,NULL,NULL
20127,2023,KS,Morris,8,Nonmetro,"Nonmetro - Urban population of fewer than 5,000, adjacent to a metro area",3,0,0,25.6630,1,10.4885,1169,1560,11490.85,2354.11,3589.00,0.204868,0.312335,607.36,0.1126,NULL,NULL,NULL,NULL,NULL,NULL,NULL,NULL,NULL,NULL,NULL,NULL,NULL,NULL,NULL
20129,2023,KS,Morton,9,Nonmetro,"Nonmetro - Urban population of fewer than 5,000, not adjacent to a metro area",NULL,NULL,NULL,NULL,NULL,NULL,465,593,12572.72,3121.20,2261.84,0.248252,0.179901,619.35,0.1818,NULL,NULL,NULL,NULL,NULL,NULL,NULL,NULL,NULL,NULL,NULL,NULL,NULL,NULL,NULL
20131,2023,KS,Nemaha,9,Nonmetro,"Nonmetro - Urban population of fewer than 5,000, not adjacent to a metro area",5,0,0,23.8777,0,0.4035,2094,2460,13429.70,2284.10,4845.82,0.170078,0.360829,501.43,0.1435,NULL,NULL,NULL,NULL,NULL,NULL,NULL,NULL,NULL,NULL,NULL,NULL,NULL,NULL,NULL
20133,2023,KS,Neosho,7,Nonmetro,"Nonmetro - Urban population of 5,000 to 20,000, not adjacent to a metro area",10,1,0,39.4633,2,14.8782,2534,3876,12194.74,2979.69,3075.27,0.244342,0.252180,712.71,0.1592,NULL,NULL,NULL,NULL,NULL,NULL,NULL,NULL,NULL,NULL,NULL,NULL,NULL,NULL,NULL
20135,2023,KS,Ness,9,Nonmetro,"Nonmetro - Urban population of fewer than 5,000, not adjacent to a metro area",1,0,0,14.1243,0,0.7015,708,852,19985.99,2654.97,5298.06,0.132842,0.265089,574.86,0.1337,NULL,NULL,NULL,NULL,NULL,NULL,NULL,NULL,NULL,NULL,NULL,NULL,NULL,NULL,NULL
20137,2023,KS,Norton,9,Nonmetro,"Nonmetro - Urban population of fewer than 5,000, not adjacent to a metro area",3,0,0,30.5188,0,2.5598,983,1242,12523.78,2506.39,4496.01,0.200130,0.358998,579.86,0.1646,NULL,NULL,NULL,NULL,NULL,NULL,NULL,NULL,NULL,NULL,NULL,NULL,NULL,NULL,NULL
20139,2023,KS,Osage,3,Metro,"Metro - Counties in metro areas of fewer than 250,000 population",4,0,0,14.8258,0,2.4227,2698,4357,10960.05,2894.24,2768.06,0.264072,0.252559,495.92,0.1664,NULL,NULL,NULL,NULL,NULL,NULL,NULL,NULL,NULL,NULL,NULL,NULL,NULL,NULL,NULL
20141,2023,KS,Osborne,9,Nonmetro,"Nonmetro - Urban population of fewer than 5,000, not adjacent to a metro area",4,0,0,46.6200,0,1.8773,858,1060,15376.20,2928.95,3642.33,0.190486,0.236881,562.94,0.1811,NULL,NULL,NULL,NULL,NULL,NULL,NULL,NULL,NULL,NULL,NULL,NULL,NULL,NULL,NULL
20143,2023,KS,Ottawa,9,Nonmetro,"Nonmetro - Urban population of fewer than 5,000, not adjacent to a metro area",1,0,0,8.4746,0,0.6621,1180,1497,13159.40,2244.94,2329.28,0.170596,0.177005,479.66,0.0806,NULL,NULL,NULL,NULL,NULL,NULL,NULL,NULL,NULL,NULL,NULL,NULL,NULL,NULL,NULL
20145,2023,KS,Pawnee,9,Nonmetro,"Nonmetro - Urban population of fewer than 5,000, not adjacent to a metro area",3,0,0,24.0192,0,1.7144,1249,1592,15290.05,2672.46,3572.18,0.174784,0.233628,655.72,0.1506,NULL,NULL,NULL,NULL,NULL,NULL,NULL,NULL,NULL,NULL,NULL,NULL,NULL,NULL,NULL
20147,2023,KS,Phillips,9,Nonmetro,"Nonmetro - Urban population of fewer than 5,000, not adjacent to a metro area",2,0,0,15.9363,0,1.2950,1255,1531,13973.88,2446.86,4348.83,0.175102,0.311211,577.69,0.1338,NULL,NULL,NULL,NULL,NULL,NULL,NULL,NULL,NULL,NULL,NULL,NULL,NULL,NULL,NULL
20149,2023,KS,Pottawatomie,3,Metro,"Metro - Counties in metro areas of fewer than 250,000 population",7,0,0,20.6673,0,-0.0981,3387,4903,14304.59,2322.73,3128.16,0.162377,0.218682,483.61,0.1458,NULL,NULL,NULL,NULL,NULL,NULL,NULL,NULL,NULL,NULL,NULL,NULL,NULL,NULL,NULL
20151,2023,KS,Pratt,7,Nonmetro,"Nonmetro - Urban population of 5,000 to 20,000, not adjacent to a metro area",7,0,0,38.4404,1,7.7656,1821,2285,12198.82,2979.66,2095.49,0.244258,0.171778,590.88,0.0872,NULL,NULL,NULL,NULL,NULL,NULL,NULL,NULL,NULL,NULL,NULL,NULL,NULL,NULL,NULL
20153,2023,KS,Rawlins,9,Nonmetro,"Nonmetro - Urban population of fewer than 5,000, not adjacent to a metro area",1,0,0,15.5521,0,0.4464,643,740,16648.89,2574.56,4587.43,0.154639,0.275540,597.20,0.1419,NULL,NULL,NULL,NULL,NULL,NULL,NULL,NULL,NULL,NULL,NULL,NULL,NULL,NULL,NULL
20155,2023,KS,Reno,4,Nonmetro,"Nonmetro - Urban population of 20,000 or more, adjacent to a metro area",36,2,0,34.9209,3,7.7894,10309,15448,11498.51,2551.20,1880.30,0.221872,0.163526,497.62,0.1221,NULL,NULL,NULL,NULL,NULL,NULL,NULL,NULL,NULL,NULL,NULL,NULL,NULL,NULL,NULL
20157,2023,KS,Republic,9,Nonmetro,"Nonmetro - Urban population of fewer than 5,000, not adjacent to a metro area",3,0,0,24.4300,0,1.0473,1228,1480,13972.09,3411.73,4024.71,0.244182,0.288054,486.16,0.1672,NULL,NULL,NULL,NULL,NULL,NULL,NULL,NULL,NULL,NULL,NULL,NULL,NULL,NULL,NULL
20159,2023,KS,Rice,9,Nonmetro,"Nonmetro - Urban population of fewer than 5,000, not adjacent to a metro area",5,0,0,28.4414,1,7.8016,1758,2246,13584.57,2992.27,2734.57,0.220270,0.201300,536.41,0.1768,NULL,NULL,NULL,NULL,NULL,NULL,NULL,NULL,NULL,NULL,NULL,NULL,NULL,NULL,NULL
20161,2023,KS,Riley,3,Metro,"Metro - Counties in metro areas of fewer than 250,000 population",18,0,0,26.9582,0,0.2043,6677,9266,12906.99,2371.29,2303.26,0.183721,0.178451,475.66,0.1346,NULL,NULL,NULL,NULL,NULL,NULL,NULL,NULL,NULL,NULL,NULL,NULL,NULL,NULL,NULL
20163,2023,KS,Rooks,9,Nonmetro,"Nonmetro - Urban population of fewer than 5,000, not adjacent to a metro area",3,0,0,26.1780,0,0.4048,1146,1386,12349.79,2690.66,4309.78,0.217871,0.348976,524.43,0.2070,NULL,NULL,NULL,NULL,NULL,NULL,NULL,NULL,NULL,NULL,NULL,NULL,NULL,NULL,NULL
20165,2023,KS,Rush,9,Nonmetro,"Nonmetro - Urban population of fewer than 5,000, not adjacent to a metro area",3,0,0,38.0711,0,0.7577,788,934,12523.42,2132.77,3691.40,0.170303,0.294760,500.00,0.0968,NULL,NULL,NULL,NULL,NULL,NULL,NULL,NULL,NULL,NULL,NULL,NULL,NULL,NULL,NULL
20167,2023,KS,Russell,9,Nonmetro,"Nonmetro - Urban population of fewer than 5,000, not adjacent to a metro area",2,0,0,12.8700,0,1.2892,1554,1987,13186.37,2874.68,3714.47,0.218004,0.281690,659.59,0.1971,NULL,NULL,NULL,NULL,NULL,NULL,NULL,NULL,NULL,NULL,NULL,NULL,NULL,NULL,NULL
20169,2023,KS,Saline,5,Nonmetro,"Nonmetro - Urban population of 20,000 or more, not adjacent to a metro area",15,0,0,16.8011,0,1.6756,8928,12635,11699.51,2287.21,2134.31,0.195496,0.182427,559.59,0.1098,NULL,NULL,NULL,NULL,NULL,NULL,NULL,NULL,NULL,NULL,NULL,NULL,NULL,NULL,NULL
20171,2023,KS,Scott,9,Nonmetro,"Nonmetro - Urban population of fewer than 5,000, not adjacent to a metro area",1,0,0,10.8696,0,0.4854,920,1077,16540.45,3072.80,3819.70,0.185775,0.230931,755.43,0.1993,NULL,NULL,NULL,NULL,NULL,NULL,NULL,NULL,NULL,NULL,NULL,NULL,NULL,NULL,NULL
20173,2023,KS,Sedgwick,2,Metro,"Metro - Counties in metro areas of 250,000 to 1 million population",145,3,0,28.6590,10,6.1616,50595,101737,12197.15,2699.00,1414.38,0.221281,0.115960,524.97,0.1572,NULL,NULL,NULL,NULL,NULL,NULL,NULL,NULL,NULL,NULL,NULL,NULL,NULL,NULL,NULL
20175,2023,KS,Seward,7,Nonmetro,"Nonmetro - Urban population of 5,000 to 20,000, not adjacent to a metro area",4,0,0,21.1864,0,2.2739,1888,2616,10931.19,3206.15,1590.00,0.293303,0.145455,735.17,0.1393,NULL,NULL,NULL,NULL,NULL,NULL,NULL,NULL,NULL,NULL,NULL,NULL,NULL,NULL,NULL
20177,2023,KS,Shawnee,3,Metro,"Metro - Counties in metro areas of fewer than 250,000 population",45,0,0,17.4791,6,4.4739,25745,42525,12022.90,2802.60,3245.13,0.233105,0.269912,546.75,0.1662,NULL,NULL,NULL,NULL,NULL,NULL,NULL,NULL,NULL,NULL,NULL,NULL,NULL,NULL,NULL
20179,2023,KS,Sheridan,9,Nonmetro,"Nonmetro - Urban population of fewer than 5,000, not adjacent to a metro area",1,0,0,17.2117,0,-0.2708,581,652,17848.40,3598.99,4584.20,0.201642,0.256841,523.24,0.1264,NULL,NULL,NULL,NULL,NULL,NULL,NULL,NULL,NULL,NULL,NULL,NULL,NULL,NULL,NULL
20181,2023,KS,Sherman,9,Nonmetro,"Nonmetro - Urban population of fewer than 5,000, not adjacent to a metro area",2,0,0,17.1674,0,0.6248,1165,1438,14609.15,3436.77,4190.95,0.235248,0.286872,719.31,0.1802,NULL,NULL,NULL,NULL,NULL,NULL,NULL,NULL,NULL,NULL,NULL,NULL,NULL,NULL,NULL
20183,2023,KS,Smith,9,Nonmetro,"Nonmetro - Urban population of fewer than 5,000, not adjacent to a metro area",5,0,0,50.3525,0,3.5798,993,1224,13944.56,2600.99,4217.80,0.186524,0.302469,508.56,0.2274,NULL,NULL,NULL,NULL,NULL,NULL,NULL,NULL,NULL,NULL,NULL,NULL,NULL,NULL,NULL
20185,2023,KS,Stafford,9,Nonmetro,"Nonmetro - Urban population of fewer than 5,000, not adjacent to a metro area",2,0,0,24.0385,1,13.0131,832,1074,19970.14,2648.16,2879.55,0.132606,0.144193,661.06,0.1839,NULL,NULL,NULL,NULL,NULL,NULL,NULL,NULL,NULL,NULL,NULL,NULL,NULL,NULL,NULL
20187,2023,KS,Stanton,9,Nonmetro,"Nonmetro - Urban population of fewer than 5,000, not adjacent to a metro area",1,0,0,30.3951,0,-1.0514,329,379,17759.48,2730.03,4226.05,0.153722,0.237960,720.36,0.1529,NULL,NULL,NULL,NULL,NULL,NULL,NULL,NULL,NULL,NULL,NULL,NULL,NULL,NULL,NULL
20189,2023,KS,Stevens,9,Nonmetro,"Nonmetro - Urban population of fewer than 5,000, not adjacent to a metro area",2,0,0,27.6243,0,1.3085,724,922,13965.94,2710.39,3002.24,0.194071,0.214969,592.54,0.1294,NULL,NULL,NULL,NULL,NULL,NULL,NULL,NULL,NULL,NULL,NULL,NULL,NULL,NULL,NULL
20191,2023,KS,Sumner,2,Metro,"Metro - Counties in metro areas of 250,000 to 1 million population",6,0,0,19.4363,0,3.7254,3087,5537,12266.43,2799.17,1798.78,0.228198,0.146643,633.62,0.1570,NULL,NULL,NULL,NULL,NULL,NULL,NULL,NULL,NULL,NULL,NULL,NULL,NULL,NULL,NULL
20193,2023,KS,Thomas,7,Nonmetro,"Nonmetro - Urban population of 5,000 to 20,000, not adjacent to a metro area",6,0,0,41.8994,1,6.1596,1432,1707,15792.20,3206.32,4706.84,0.203032,0.298048,653.63,0.1667,NULL,NULL,NULL,NULL,NULL,NULL,NULL,NULL,NULL,NULL,NULL,NULL,NULL,NULL,NULL
20195,2023,KS,Trego,9,Nonmetro,"Nonmetro - Urban population of fewer than 5,000, not adjacent to a metro area",2,0,0,26.4201,0,-0.3896,757,877,13642.38,2084.33,5254.40,0.152783,0.385153,513.87,0.1042,NULL,NULL,NULL,NULL,NULL,NULL,NULL,NULL,NULL,NULL,NULL,NULL,NULL,NULL,NULL
20197,2023,KS,Wabaunsee,3,Metro,"Metro - Counties in metro areas of fewer than 250,000 population",NULL,NULL,NULL,NULL,NULL,NULL,1208,1771,11186.73,2102.65,2994.62,0.187959,0.267694,511.59,0.1408,NULL,NULL,NULL,NULL,NULL,NULL,NULL,NULL,NULL,NULL,NULL,NULL,NULL,NULL,NULL
20199,2023,KS,Wallace,9,Nonmetro,"Nonmetro - Urban population of fewer than 5,000, not adjacent to a metro area",NULL,NULL,NULL,NULL,NULL,NULL,333,376,12006.70,2006.98,3138.16,0.167155,0.261367,555.56,NULL,NULL,NULL,NULL,NULL,NULL,NULL,NULL,NULL,NULL,NULL,NULL,NULL,NULL,NULL,NULL
20201,2023,KS,Washington,9,Nonmetro,"Nonmetro - Urban population of fewer than 5,000, not adjacent to a metro area",4,0,0,32.3887,0,2.8029,1235,1507,14308.64,1953.95,4691.08,0.136557,0.327849,476.11,0.1270,NULL,NULL,NULL,NULL,NULL,NULL,NULL,NULL,NULL,NULL,NULL,NULL,NULL,NULL,NULL
20203,2023,KS,Wichita,9,Nonmetro,"Nonmetro - Urban population of fewer than 5,000, not adjacent to a metro area",NULL,NULL,NULL,NULL,NULL,NULL,391,462,16117.54,2187.84,4097.98,0.135743,0.254256,416.88,NULL,NULL,NULL,NULL,NULL,NULL,NULL,NULL,NULL,NULL,NULL,NULL,NULL,NULL,NULL,NULL
20205,2023,KS,Wilson,9,Nonmetro,"Nonmetro - Urban population of fewer than 5,000, not adjacent to a metro area",2,0,0,12.1581,0,2.7197,1645,2439,13966.63,2544.17,3463.07,0.182161,0.247953,579.33,0.1210,NULL,NULL,NULL,NULL,NULL,NULL,NULL,NULL,NULL,NULL,NULL,NULL,NULL,NULL,NULL
20207,2023,KS,Woodson,9,Nonmetro,"Nonmetro - Urban population of fewer than 5,000, not adjacent to a metro area",2,0,0,33.1675,0,6.6423,603,901,10878.85,2072.87,3183.42,0.190541,0.292625,480.93,0.1183,NULL,NULL,NULL,NULL,NULL,NULL,NULL,NULL,NULL,NULL,NULL,NULL,NULL,NULL,NULL
20209,2023,KS,Wyandotte,1,Metro,Metro - Counties in metro areas of 1 million population or more,47,2,0,56.0993,7,22.0857,8378,26407,13713.93,3716.09,3039.55,0.270972,0.221640,716.16,0.1900,NULL,NULL,NULL,NULL,NULL,NULL,NULL,NULL,NULL,NULL,NULL,NULL,NULL,NULL,NULL
21000,2023,KY,UNKNOWN,NULL,NULL,NULL,NULL,NULL,NULL,NULL,NULL,NULL,NULL,NULL,NULL,NULL,NULL,NULL,NULL,NULL,NULL,NULL,NULL,NULL,NULL,NULL,NULL,NULL,NULL,NULL,NULL,NULL,NULL,NULL,NULL,NULL
21001,2023,KY,Adair,7,Nonmetro,"Nonmetro - Urban population of 5,000 to 20,000, not adjacent to a metro area",11,0,0,50.6679,1,17.5882,2171,4742,11902.24,2984.69,2605.44,0.250767,0.218903,814.37,0.1856,NULL,NULL,NULL,NULL,NULL,NULL,NULL,NULL,NULL,NULL,NULL,NULL,NULL,NULL,NULL
21003,2023,KY,Allen,3,Metro,"Metro - Counties in metro areas of fewer than 250,000 population",7,0,0,32.4525,0,7.7959,2157,4991,12043.78,2759.43,2430.15,0.229117,0.201776,636.53,0.1608,NULL,NULL,NULL,NULL,NULL,NULL,NULL,NULL,NULL,NULL,NULL,NULL,NULL,NULL,NULL
21005,2023,KY,Anderson,6,Nonmetro,"Nonmetro - Urban population of 5,000 to 20,000, adjacent to a metro area",6,0,0,33.9175,1,11.9684,1769,5321,10663.05,2746.79,2216.84,0.257599,0.207899,557.94,0.1658,NULL,NULL,NULL,NULL,NULL,NULL,NULL,NULL,NULL,NULL,NULL,NULL,NULL,NULL,NULL
21007,2023,KY,Ballard,3,Metro,"Metro - Counties in metro areas of fewer than 250,000 population",2,0,0,17.6056,0,3.8125,1136,2223,11867.95,3031.31,2507.50,0.255420,0.211283,543.13,0.1971,NULL,NULL,NULL,NULL,NULL,NULL,NULL,NULL,NULL,NULL,NULL,NULL,NULL,NULL,NULL
21009,2023,KY,Barren,6,Nonmetro,"Nonmetro - Urban population of 5,000 to 20,000, adjacent to a metro area",27,2,0,55.4643,6,23.9564,4868,11031,11818.43,2951.87,2143.83,0.249768,0.181397,588.95,0.1848,NULL,NULL,NULL,NULL,NULL,NULL,NULL,NULL,NULL,NULL,NULL,NULL,NULL,NULL,NULL
21011,2023,KY,Bath,8,Nonmetro,"Nonmetro - Urban population of fewer than 5,000, adjacent to a metro area",9,0,0,97.7199,1,45.1229,921,3125,12199.59,3238.04,2261.22,0.265422,0.185352,682.95,0.1832,NULL,NULL,NULL,NULL,NULL,NULL,NULL,NULL,NULL,NULL,NULL,NULL,NULL,NULL,NULL
21013,2023,KY,Bell,7,Nonmetro,"Nonmetro - Urban population of 5,000 to 20,000, not adjacent to a metro area",34,0,0,136.7659,1,64.8548,2486,6811,11941.67,2537.58,1988.22,0.212498,0.166494,558.33,0.1503,NULL,NULL,NULL,NULL,NULL,NULL,NULL,NULL,NULL,NULL,NULL,NULL,NULL,NULL,NULL
21015,2023,KY,Boone,1,Metro,Metro - Counties in metro areas of 1 million population or more,31,1,0,34.3719,3,6.8751,9019,24868,13296.68,3454.43,3110.83,0.259796,0.233955,631.00,0.1946,NULL,NULL,NULL,NULL,NULL,NULL,NULL,NULL,NULL,NULL,NULL,NULL,NULL,NULL,NULL
21017,2023,KY,Bourbon,2,Metro,"Metro - Counties in metro areas of 250,000 to 1 million population",11,0,0,63.1458,5,38.1249,1742,4896,11384.22,3011.59,2166.83,0.264541,0.190336,676.23,0.1829,NULL,NULL,NULL,NULL,NULL,NULL,NULL,NULL,NULL,NULL,NULL,NULL,NULL,NULL,NULL
21019,2023,KY,Boyd,2,Metro,"Metro - Counties in metro areas of 250,000 to 1 million population",25,0,0,53.9025,4,25.6311,4638,12463,12754.37,3351.91,3274.18,0.262805,0.256710,706.77,0.1855,NULL,NULL,NULL,NULL,NULL,NULL,NULL,NULL,NULL,NULL,NULL,NULL,NULL,NULL,NULL
21021,2023,KY,Boyle,7,Nonmetro,"Nonmetro - Urban population of 5,000 to 20,000, not adjacent to a metro area",11,0,0,35.1662,1,12.1988,3128,7564,11357.14,2500.29,2822.04,0.220151,0.248482,590.79,0.1690,NULL,NULL,NULL,NULL,NULL,NULL,NULL,NULL,NULL,NULL,NULL,NULL,NULL,NULL,NULL
21023,2023,KY,Bracken,1,Metro,Metro - Counties in metro areas of 1 million population or more,3,0,0,35.9281,0,10.0660,835,2189,12442.88,3471.44,2782.07,0.278990,0.223587,622.75,0.2314,NULL,NULL,NULL,NULL,NULL,NULL,NULL,NULL,NULL,NULL,NULL,NULL,NULL,NULL,NULL
21025,2023,KY,Breathitt,9,Nonmetro,"Nonmetro - Urban population of fewer than 5,000, not adjacent to a metro area",5,0,0,53.2481,0,28.2231,939,3467,12820.75,4045.36,1854.62,0.315532,0.144658,937.17,0.3209,NULL,NULL,NULL,NULL,NULL,NULL,NULL,NULL,NULL,NULL,NULL,NULL,NULL,NULL,NULL
21027,2023,KY,Breckinridge,8,Nonmetro,"Nonmetro - Urban population of fewer than 5,000, adjacent to a metro area",4,0,0,15.7853,0,3.9720,2534,5384,10576.57,2409.56,2956.31,0.227821,0.279515,507.89,0.1673,NULL,NULL,NULL,NULL,NULL,NULL,NULL,NULL,NULL,NULL,NULL,NULL,NULL,NULL,NULL
21029,2023,KY,Bullitt,1,Metro,Metro - Counties in metro areas of 1 million population or more,14,0,0,19.0243,1,4.4421,7359,18066,12591.68,3288.61,2935.36,0.261173,0.233119,584.18,0.1836,NULL,NULL,NULL,NULL,NULL,NULL,NULL,NULL,NULL,NULL,NULL,NULL,NULL,NULL,NULL
21031,2023,KY,Butler,3,Metro,"Metro - Counties in metro areas of fewer than 250,000 population",5,0,0,43.1779,1,20.3859,1158,3120,10443.35,2769.18,2104.13,0.265162,0.201480,498.27,0.1275,NULL,NULL,NULL,NULL,NULL,NULL,NULL,NULL,NULL,NULL,NULL,NULL,NULL,NULL,NULL
21033,2023,KY,Caldwell,7,Nonmetro,"Nonmetro - Urban population of 5,000 to 20,000, not adjacent to a metro area",11,0,0,65.9472,0,19.4749,1668,3521,11357.37,2645.68,2636.52,0.232948,0.232142,643.88,0.1805,NULL,NULL,NULL,NULL,NULL,NULL,NULL,NULL,NULL,NULL,NULL,NULL,NULL,NULL,NULL
21035,2023,KY,Calloway,7,Nonmetro,"Nonmetro - Urban population of 5,000 to 20,000, not adjacent to a metro area",25,0,0,62.9882,2,17.2262,3969,8755,10915.35,2619.35,2701.14,0.239969,0.247463,569.66,0.2007,NULL,NULL,NULL,NULL,NULL,NULL,NULL,NULL,NULL,NULL,NULL,NULL,NULL,NULL,NULL
21037,2023,KY,Campbell,1,Metro,Metro - Counties in metro areas of 1 million population or more,18,0,0,25.2207,0,3.8557,7137,19366,12106.38,3228.29,2812.26,0.266660,0.232296,564.80,0.2038,NULL,NULL,NULL,NULL,NULL,NULL,NULL,NULL,NULL,NULL,NULL,NULL,NULL,NULL,NULL
21039,2023,KY,Carlisle,3,Metro,"Metro - Counties in metro areas of fewer than 250,000 population",5,0,0,88.4956,1,42.1457,565,1291,10700.48,2538.69,2009.34,0.237250,0.187780,484.96,0.1570,NULL,NULL,NULL,NULL,NULL,NULL,NULL,NULL,NULL,NULL,NULL,NULL,NULL,NULL,NULL
21041,2023,KY,Carroll,6,Nonmetro,"Nonmetro - Urban population of 5,000 to 20,000, adjacent to a metro area",7,1,0,84.1346,2,46.2271,832,2483,11580.91,3069.02,2533.55,0.265007,0.218770,664.66,0.1684,NULL,NULL,NULL,NULL,NULL,NULL,NULL,NULL,NULL,NULL,NULL,NULL,NULL,NULL,NULL
21043,2023,KY,Carter,2,Metro,"Metro - Counties in metro areas of 250,000 to 1 million population",12,1,0,48.0384,3,26.4608,2498,7266,11192.82,3325.54,2437.31,0.297114,0.217757,615.69,0.2481,NULL,NULL,NULL,NULL,NULL,NULL,NULL,NULL,NULL,NULL,NULL,NULL,NULL,NULL,NULL
21045,2023,KY,Casey,9,Nonmetro,"Nonmetro - Urban population of fewer than 5,000, not adjacent to a metro area",7,0,0,39.2597,0,13.6093,1783,4163,12981.70,3090.69,2629.74,0.238081,0.202573,715.09,0.1639,NULL,NULL,NULL,NULL,NULL,NULL,NULL,NULL,NULL,NULL,NULL,NULL,NULL,NULL,NULL
21047,2023,KY,Christian,2,Metro,"Metro - Counties in metro areas of 250,000 to 1 million population",27,2,0,49.7512,5,22.5773,5427,12331,11296.32,2654.30,2537.48,0.234970,0.224629,625.94,0.2064,NULL,NULL,NULL,NULL,NULL,NULL,NULL,NULL,NULL,NULL,NULL,NULL,NULL,NULL,NULL
21049,2023,KY,Clark,2,Metro,"Metro - Counties in metro areas of 250,000 to 1 million population",16,1,0,53.7815,4,25.6059,2975,8911,11007.62,2579.89,2378.87,0.234373,0.216111,667.23,0.1817,NULL,NULL,NULL,NULL,NULL,NULL,NULL,NULL,NULL,NULL,NULL,NULL,NULL,NULL,NULL
21051,2023,KY,Clay,9,Nonmetro,"Nonmetro - Urban population of fewer than 5,000, not adjacent to a metro area",22,0,0,206.1856,2,123.1291,1067,4953,12543.41,3553.26,2319.51,0.283277,0.184919,814.43,0.2151,NULL,NULL,NULL,NULL,NULL,NULL,NULL,NULL,NULL,NULL,NULL,NULL,NULL,NULL,NULL
21053,2023,KY,Clinton,9,Nonmetro,"Nonmetro - Urban population of fewer than 5,000, not adjacent to a metro area",7,0,0,56.9106,0,16.2602,1230,2637,13355.44,3493.99,2651.04,0.261615,0.198499,705.69,0.2257,NULL,NULL,NULL,NULL,NULL,NULL,NULL,NULL,NULL,NULL,NULL,NULL,NULL,NULL,NULL
21055,2023,KY,Crittenden,8,Nonmetro,"Nonmetro - Urban population of fewer than 5,000, adjacent to a metro area",4,0,0,36.9686,0,11.6521,1082,2279,13545.40,3045.21,3719.81,0.224815,0.274618,771.72,0.1803,NULL,NULL,NULL,NULL,NULL,NULL,NULL,NULL,NULL,NULL,NULL,NULL,NULL,NULL,NULL
21057,2023,KY,Cumberland,9,Nonmetro,"Nonmetro - Urban population of fewer than 5,000, not adjacent to a metro area",3,0,0,34.4432,0,9.4015,871,1967,13040.73,2769.75,3279.72,0.212392,0.251498,964.41,0.1220,NULL,NULL,NULL,NULL,NULL,NULL,NULL,NULL,NULL,NULL,NULL,NULL,NULL,NULL,NULL
21059,2023,KY,Daviess,3,Metro,"Metro - Counties in metro areas of fewer than 250,000 population",46,2,0,41.9631,5,13.3976,10962,24108,11482.92,2620.97,2927.34,0.228249,0.254930,528.01,0.1620,NULL,NULL,NULL,NULL,NULL,NULL,NULL,NULL,NULL,NULL,NULL,NULL,NULL,NULL,NULL
21061,2023,KY,Edmonson,3,Metro,"Metro - Counties in metro areas of fewer than 250,000 population",6,1,0,45.9418,2,24.0600,1306,3068,11835.93,3076.58,1686.98,0.259936,0.142530,544.41,0.1703,NULL,NULL,NULL,NULL,NULL,NULL,NULL,NULL,NULL,NULL,NULL,NULL,NULL,NULL,NULL
21063,2023,KY,Elliott,8,Nonmetro,"Nonmetro - Urban population of fewer than 5,000, adjacent to a metro area",2,0,0,56.8182,0,26.6523,352,1418,13333.94,3484.70,3172.92,0.261341,0.237958,687.50,0.1702,NULL,NULL,NULL,NULL,NULL,NULL,NULL,NULL,NULL,NULL,NULL,NULL,NULL,NULL,NULL
21065,2023,KY,Estill,8,Nonmetro,"Nonmetro - Urban population of fewer than 5,000, adjacent to a metro area",8,0,0,59.8355,1,30.4237,1337,3817,12292.58,3276.44,2697.52,0.266538,0.219443,833.96,0.1710,NULL,NULL,NULL,NULL,NULL,NULL,NULL,NULL,NULL,NULL,NULL,NULL,NULL,NULL,NULL
21067,2023,KY,Fayette,2,Metro,"Metro - Counties in metro areas of 250,000 to 1 million population",124,6,0,61.2255,19,17.8299,20253,55820,11686.87,2819.59,2310.24,0.241261,0.197678,597.15,0.1950,NULL,NULL,NULL,NULL,NULL,NULL,NULL,NULL,NULL,NULL,NULL,NULL,NULL,NULL,NULL
21069,2023,KY,Fleming,9,Nonmetro,"Nonmetro - Urban population of fewer than 5,000, not adjacent to a metro area",8,0,0,61.8238,0,23.3067,1294,3771,11221.02,2484.47,2196.17,0.221412,0.195719,710.97,0.1846,NULL,NULL,NULL,NULL,NULL,NULL,NULL,NULL,NULL,NULL,NULL,NULL,NULL,NULL,NULL
21071,2023,KY,Floyd,7,Nonmetro,"Nonmetro - Urban population of 5,000 to 20,000, not adjacent to a metro area",37,1,0,116.0966,5,69.3335,3187,10450,11339.06,3405.01,2582.96,0.300290,0.227793,735.17,0.2087,NULL,NULL,NULL,NULL,NULL,NULL,NULL,NULL,NULL,NULL,NULL,NULL,NULL,NULL,NULL
21073,2023,KY,Franklin,4,Nonmetro,"Nonmetro - Urban population of 20,000 or more, adjacent to a metro area",13,0,0,24.3583,0,6.5963,5337,15220,15294.68,4594.15,1824.29,0.300376,0.119276,1019.49,0.2193,NULL,NULL,NULL,NULL,NULL,NULL,NULL,NULL,NULL,NULL,NULL,NULL,NULL,NULL,NULL
21075,2023,KY,Fulton,9,Nonmetro,"Nonmetro - Urban population of fewer than 5,000, not adjacent to a metro area",5,0,0,67.2043,0,25.5376,744,1808,13820.07,3005.05,2553.03,0.217441,0.184734,670.70,0.1638,NULL,NULL,NULL,NULL,NULL,NULL,NULL,NULL,NULL,NULL,NULL,NULL,NULL,NULL,NULL
21077,2023,KY,Gallatin,1,Metro,Metro - Counties in metro areas of 1 million population or more,6,0,0,103.6269,1,40.0137,579,1790,11703.91,3309.88,2391.59,0.282801,0.204341,521.59,0.1837,NULL,NULL,NULL,NULL,NULL,NULL,NULL,NULL,NULL,NULL,NULL,NULL,NULL,NULL,NULL
21079,2023,KY,Garrard,8,Nonmetro,"Nonmetro - Urban population of fewer than 5,000, adjacent to a metro area",4,0,0,24.2718,1,11.9868,1648,4386,11926.90,2822.78,2642.94,0.236673,0.221595,625.00,0.1943,NULL,NULL,NULL,NULL,NULL,NULL,NULL,NULL,NULL,NULL,NULL,NULL,NULL,NULL,NULL
21081,2023,KY,Grant,1,Metro,Metro - Counties in metro areas of 1 million population or more,8,0,0,49.1099,0,14.9365,1629,5496,13327.29,3901.61,2869.84,0.292753,0.215336,737.88,0.2197,NULL,NULL,NULL,NULL,NULL,NULL,NULL,NULL,NULL,NULL,NULL,NULL,NULL,NULL,NULL
21083,2023,KY,Graves,6,Nonmetro,"Nonmetro - Urban population of 5,000 to 20,000, adjacent to a metro area",15,0,0,39.4633,1,13.4507,3801,9119,11491.37,2891.87,2810.24,0.251656,0.244552,669.82,0.1730,NULL,NULL,NULL,NULL,NULL,NULL,NULL,NULL,NULL,NULL,NULL,NULL,NULL,NULL,NULL
21085,2023,KY,Grayson,6,Nonmetro,"Nonmetro - Urban population of 5,000 to 20,000, adjacent to a metro area",10,0,0,32.8407,0,9.3665,3045,6895,12461.78,3247.27,3060.45,0.260578,0.245587,744.50,0.1884,NULL,NULL,NULL,NULL,NULL,NULL,NULL,NULL,NULL,NULL,NULL,NULL,NULL,NULL,NULL
21087,2023,KY,Green,8,Nonmetro,"Nonmetro - Urban population of fewer than 5,000, adjacent to a metro area",8,0,0,62.1601,0,18.9636,1287,3071,15933.11,2555.82,3008.60,0.160409,0.188827,746.70,0.1260,NULL,NULL,NULL,NULL,NULL,NULL,NULL,NULL,NULL,NULL,NULL,NULL,NULL,NULL,NULL
21089,2023,KY,Greenup,2,Metro,"Metro - Counties in metro areas of 250,000 to 1 million population",11,0,0,28.0255,2,13.3604,3925,9953,12838.34,3473.33,3354.57,0.270544,0.261293,704.97,0.1711,NULL,NULL,NULL,NULL,NULL,NULL,NULL,NULL,NULL,NULL,NULL,NULL,NULL,NULL,NULL
21091,2023,KY,Hancock,8,Nonmetro,"Nonmetro - Urban population of fewer than 5,000, adjacent to a metro area",1,0,0,8.6881,0,1.9405,1151,2187,11180.72,2675.84,2862.27,0.239326,0.256001,557.78,0.1776,NULL,NULL,NULL,NULL,NULL,NULL,NULL,NULL,NULL,NULL,NULL,NULL,NULL,NULL,NULL
21093,2023,KY,Hardin,3,Metro,"Metro - Counties in metro areas of fewer than 250,000 population",40,1,0,35.0478,6,10.6383,11413,23061,11151.70,2616.68,2710.64,0.234644,0.243070,566.72,0.1881,NULL,NULL,NULL,NULL,NULL,NULL,NULL,NULL,NULL,NULL,NULL,NULL,NULL,NULL,NULL
21095,2023,KY,Harlan,7,Nonmetro,"Nonmetro - Urban population of 5,000 to 20,000, not adjacent to a metro area",13,2,0,51.6899,2,28.7110,2515,7438,11610.21,3472.58,2040.34,0.299097,0.175737,628.23,0.2050,NULL,NULL,NULL,NULL,NULL,NULL,NULL,NULL,NULL,NULL,NULL,NULL,NULL,NULL,NULL
21097,2023,KY,Harrison,6,Nonmetro,"Nonmetro - Urban population of 5,000 to 20,000, adjacent to a metro area",8,0,0,39.1007,0,7.5051,2046,4811,10913.77,2642.72,2364.48,0.242145,0.216651,618.28,0.1701,NULL,NULL,NULL,NULL,NULL,NULL,NULL,NULL,NULL,NULL,NULL,NULL,NULL,NULL,NULL
21099,2023,KY,Hart,8,Nonmetro,"Nonmetro - Urban population of fewer than 5,000, adjacent to a metro area",4,0,0,20.6718,0,5.6737,1935,4627,10098.42,2254.46,2217.82,0.223249,0.219620,557.62,0.1732,NULL,NULL,NULL,NULL,NULL,NULL,NULL,NULL,NULL,NULL,NULL,NULL,NULL,NULL,NULL
21101,2023,KY,Henderson,4,Nonmetro,"Nonmetro - Urban population of 20,000 or more, adjacent to a metro area",15,1,0,34.3328,4,15.6349,4369,11077,12625.67,2946.61,2946.65,0.233382,0.233386,743.88,0.2075,NULL,NULL,NULL,NULL,NULL,NULL,NULL,NULL,NULL,NULL,NULL,NULL,NULL,NULL,NULL
21103,2023,KY,Henry,1,Metro,Metro - Counties in metro areas of 1 million population or more,7,0,0,48.9168,0,10.7904,1431,4035,12344.47,3187.41,3262.95,0.258205,0.264325,654.09,0.1333,NULL,NULL,NULL,NULL,NULL,NULL,NULL,NULL,NULL,NULL,NULL,NULL,NULL,NULL,NULL
21105,2023,KY,Hickman,8,Nonmetro,"Nonmetro - Urban population of fewer than 5,000, adjacent to a metro area",2,0,0,33.3333,0,11.8741,600,1283,14525.84,3196.22,3351.55,0.220037,0.230730,665.00,0.1469,NULL,NULL,NULL,NULL,NULL,NULL,NULL,NULL,NULL,NULL,NULL,NULL,NULL,NULL,NULL
21107,2023,KY,Hopkins,5,Nonmetro,"Nonmetro - Urban population of 20,000 or more, not adjacent to a metro area",22,0,0,44.5795,0,13.9772,4935,11531,11284.29,2658.23,2616.95,0.235569,0.231911,612.16,0.1657,NULL,NULL,NULL,NULL,NULL,NULL,NULL,NULL,NULL,NULL,NULL,NULL,NULL,NULL,NULL
21109,2023,KY,Jackson,9,Nonmetro,"Nonmetro - Urban population of fewer than 5,000, not adjacent to a metro area",8,0,0,77.2947,1,41.5074,1035,3420,10584.10,3405.72,1734.20,0.321777,0.163850,632.85,0.1799,NULL,NULL,NULL,NULL,NULL,NULL,NULL,NULL,NULL,NULL,NULL,NULL,NULL,NULL,NULL
21111,2023,KY,Jefferson,1,Metro,Metro - Counties in metro areas of 1 million population or more,278,9,0,41.7468,37,11.9282,66592,163022,12246.09,2940.69,2821.79,0.240133,0.230424,584.30,0.1837,NULL,NULL,NULL,NULL,NULL,NULL,NULL,NULL,NULL,NULL,NULL,NULL,NULL,NULL,NULL
21113,2023,KY,Jessamine,2,Metro,"Metro - Counties in metro areas of 250,000 to 1 million population",16,1,0,39.6138,2,11.0599,4039,11220,11079.26,2589.78,2120.18,0.233750,0.191365,605.84,0.1801,NULL,NULL,NULL,NULL,NULL,NULL,NULL,NULL,NULL,NULL,NULL,NULL,NULL,NULL,NULL
21115,2023,KY,Johnson,7,Nonmetro,"Nonmetro - Urban population of 5,000 to 20,000, not adjacent to a metro area",18,1,0,86.7470,3,46.9486,2075,6260,11394.98,3148.78,2346.18,0.276330,0.205896,753.25,0.1897,NULL,NULL,NULL,NULL,NULL,NULL,NULL,NULL,NULL,NULL,NULL,NULL,NULL,NULL,NULL
21117,2023,KY,Kenton,1,Metro,Metro - Counties in metro areas of 1 million population or more,34,0,0,29.6193,4,8.4940,11479,32765,12951.21,3242.23,2927.52,0.250342,0.226042,602.58,0.1919,NULL,NULL,NULL,NULL,NULL,NULL,NULL,NULL,NULL,NULL,NULL,NULL,NULL,NULL,NULL
21119,2023,KY,Knott,9,Nonmetro,"Nonmetro - Urban population of fewer than 5,000, not adjacent to a metro area",8,1,0,64.0512,2,37.7007,1249,3933,10833.86,3343.15,1978.91,0.308583,0.182660,546.04,0.1931,NULL,NULL,NULL,NULL,NULL,NULL,NULL,NULL,NULL,NULL,NULL,NULL,NULL,NULL,NULL
21121,2023,KY,Knox,7,Nonmetro,"Nonmetro - Urban population of 5,000 to 20,000, not adjacent to a metro area",14,1,0,56.0897,2,31.8571,2496,7911,9814.84,2369.44,1865.07,0.241414,0.190026,522.44,0.1497,NULL,NULL,NULL,NULL,NULL,NULL,NULL,NULL,NULL,NULL,NULL,NULL,NULL,NULL,NULL
21123,2023,KY,Larue,3,Metro,"Metro - Counties in metro areas of fewer than 250,000 population",4,0,0,25.0470,0,6.8817,1597,3664,11452.01,3038.28,2841.19,0.265305,0.248095,556.67,0.1608,NULL,NULL,NULL,NULL,NULL,NULL,NULL,NULL,NULL,NULL,NULL,NULL,NULL,NULL,NULL
21125,2023,KY,Laurel,5,Nonmetro,"Nonmetro - Urban population of 20,000 or more, not adjacent to a metro area",19,0,0,36.8646,1,16.7326,5154,14847,11519.73,3071.91,2479.70,0.266665,0.215257,647.07,0.1783,NULL,NULL,NULL,NULL,NULL,NULL,NULL,NULL,NULL,NULL,NULL,NULL,NULL,NULL,NULL
21127,2023,KY,Lawrence,2,Metro,"Metro - Counties in metro areas of 250,000 to 1 million population",6,0,0,40.5954,0,17.3306,1478,4195,10865.95,3173.65,2232.16,0.292073,0.205427,822.06,0.2063,NULL,NULL,NULL,NULL,NULL,NULL,NULL,NULL,NULL,NULL,NULL,NULL,NULL,NULL,NULL
21129,2023,KY,Lee,9,Nonmetro,"Nonmetro - Urban population of fewer than 5,000, not adjacent to a metro area",4,0,0,75.9013,1,50.1944,527,1852,11986.23,3390.94,2197.30,0.282903,0.183319,662.24,0.2197,NULL,NULL,NULL,NULL,NULL,NULL,NULL,NULL,NULL,NULL,NULL,NULL,NULL,NULL,NULL
21131,2023,KY,Leslie,9,Nonmetro,"Nonmetro - Urban population of fewer than 5,000, not adjacent to a metro area",5,1,0,68.3060,1,43.1646,732,2933,12858.73,3665.65,2051.74,0.285071,0.159560,613.39,0.2071,NULL,NULL,NULL,NULL,NULL,NULL,NULL,NULL,NULL,NULL,NULL,NULL,NULL,NULL,NULL
21133,2023,KY,Letcher,9,Nonmetro,"Nonmetro - Urban population of fewer than 5,000, not adjacent to a metro area",17,1,0,91.4962,1,50.4284,1858,6190,11745.42,3697.39,2256.24,0.314794,0.192095,632.40,0.2089,NULL,NULL,NULL,NULL,NULL,NULL,NULL,NULL,NULL,NULL,NULL,NULL,NULL,NULL,NULL
21135,2023,KY,Lewis,8,Nonmetro,"Nonmetro - Urban population of fewer than 5,000, adjacent to a metro area",6,0,0,52.4017,1,27.5878,1145,3408,11655.69,2841.00,3009.00,0.243744,0.258157,571.18,0.1784,NULL,NULL,NULL,NULL,NULL,NULL,NULL,NULL,NULL,NULL,NULL,NULL,NULL,NULL,NULL
21137,2023,KY,Lincoln,9,Nonmetro,"Nonmetro - Urban population of fewer than 5,000, not adjacent to a metro area",4,0,0,16.0321,0,5.4891,2495,6353,10544.66,2156.22,2412.41,0.204485,0.228780,652.91,0.1573,NULL,NULL,NULL,NULL,NULL,NULL,NULL,NULL,NULL,NULL,NULL,NULL,NULL,NULL,NULL
21139,2023,KY,Livingston,3,Metro,"Metro - Counties in metro areas of fewer than 250,000 population",4,0,0,29.0909,0,6.8068,1375,2771,12168.25,2517.04,3257.95,0.206853,0.267742,626.18,0.1620,NULL,NULL,NULL,NULL,NULL,NULL,NULL,NULL,NULL,NULL,NULL,NULL,NULL,NULL,NULL
21141,2023,KY,Logan,6,Nonmetro,"Nonmetro - Urban population of 5,000 to 20,000, adjacent to a metro area",8,0,0,25.3888,0,6.3139,3151,6751,12154.39,3023.32,2005.29,0.248743,0.164985,659.47,0.1935,NULL,NULL,NULL,NULL,NULL,NULL,NULL,NULL,NULL,NULL,NULL,NULL,NULL,NULL,NULL
21143,2023,KY,Lyon,8,Nonmetro,"Nonmetro - Urban population of fewer than 5,000, adjacent to a metro area",2,0,0,16.3666,0,3.6277,1222,2533,10565.48,2335.49,2455.05,0.221049,0.232365,537.64,0.1800,NULL,NULL,NULL,NULL,NULL,NULL,NULL,NULL,NULL,NULL,NULL,NULL,NULL,NULL,NULL
21145,2023,KY,McCracken,3,Metro,"Metro - Counties in metro areas of fewer than 250,000 population",39,1,0,45.6300,2,11.5632,8547,17599,11307.10,2729.09,2417.90,0.241361,0.213839,575.99,0.1663,NULL,NULL,NULL,NULL,NULL,NULL,NULL,NULL,NULL,NULL,NULL,NULL,NULL,NULL,NULL
21147,2023,KY,McCreary,9,Nonmetro,"Nonmetro - Urban population of fewer than 5,000, not adjacent to a metro area",7,0,0,51.2445,0,24.0283,1366,4035,11016.14,2632.54,2033.78,0.238971,0.184618,614.20,0.2000,NULL,NULL,NULL,NULL,NULL,NULL,NULL,NULL,NULL,NULL,NULL,NULL,NULL,NULL,NULL
21149,2023,KY,McLean,3,Metro,"Metro - Counties in metro areas of fewer than 250,000 population",4,0,0,38.0228,0,11.5327,1052,2515,10602.83,2675.07,2392.52,0.252298,0.225649,557.03,0.1719,NULL,NULL,NULL,NULL,NULL,NULL,NULL,NULL,NULL,NULL,NULL,NULL,NULL,NULL,NULL
21151,2023,KY,Madison,4,Nonmetro,"Nonmetro - Urban population of 20,000 or more, adjacent to a metro area",37,2,0,56.3509,4,18.0011,6566,19122,11323.53,2560.87,2507.86,0.226155,0.221473,683.06,0.1833,NULL,NULL,NULL,NULL,NULL,NULL,NULL,NULL,NULL,NULL,NULL,NULL,NULL,NULL,NULL
21153,2023,KY,Magoffin,9,Nonmetro,"Nonmetro - Urban population of fewer than 5,000, not adjacent to a metro area",7,0,0,78.5634,0,41.2301,891,3357,10077.21,2378.74,2218.51,0.236051,0.220151,650.95,0.1271,NULL,NULL,NULL,NULL,NULL,NULL,NULL,NULL,NULL,NULL,NULL,NULL,NULL,NULL,NULL
21155,2023,KY,Marion,6,Nonmetro,"Nonmetro - Urban population of 5,000 to 20,000, adjacent to a metro area",8,0,0,37.7181,1,12.0583,2121,4615,10824.88,2821.11,2580.04,0.260614,0.238344,660.07,0.1538,NULL,NULL,NULL,NULL,NULL,NULL,NULL,NULL,NULL,NULL,NULL,NULL,NULL,NULL,NULL
21157,2023,KY,Marshall,8,Nonmetro,"Nonmetro - Urban population of fewer than 5,000, adjacent to a metro area",12,0,0,25.3700,0,4.6946,4730,9273,12128.22,3055.88,2850.91,0.251964,0.235064,600.42,0.1753,NULL,NULL,NULL,NULL,NULL,NULL,NULL,NULL,NULL,NULL,NULL,NULL,NULL,NULL,NULL
21159,2023,KY,Martin,8,Nonmetro,"Nonmetro - Urban population of fewer than 5,000, adjacent to a metro area",9,0,0,99.7783,0,50.8918,902,2797,11055.87,3057.52,2294.80,0.276552,0.207564,821.51,0.2587,NULL,NULL,NULL,NULL,NULL,NULL,NULL,NULL,NULL,NULL,NULL,NULL,NULL,NULL,NULL
21161,2023,KY,Mason,6,Nonmetro,"Nonmetro - Urban population of 5,000 to 20,000, adjacent to a metro area",12,1,0,73.4844,2,33.8647,1633,4360,12128.06,3123.78,2348.88,0.257566,0.193673,717.70,0.1507,NULL,NULL,NULL,NULL,NULL,NULL,NULL,NULL,NULL,NULL,NULL,NULL,NULL,NULL,NULL
21163,2023,KY,Meade,1,Metro,Metro - Counties in metro areas of 1 million population or more,6,0,0,22.0588,1,8.3639,2720,6061,11740.30,2867.98,3278.90,0.244285,0.279286,532.35,0.1880,NULL,NULL,NULL,NULL,NULL,NULL,NULL,NULL,NULL,NULL,NULL,NULL,NULL,NULL,NULL
21165,2023,KY,Menifee,9,Nonmetro,"Nonmetro - Urban population of fewer than 5,000, not adjacent to a metro area",2,0,0,39.0625,0,17.6492,512,1856,9996.60,2757.70,2158.42,0.275864,0.215915,687.50,0.1636,NULL,NULL,NULL,NULL,NULL,NULL,NULL,NULL,NULL,NULL,NULL,NULL,NULL,NULL,NULL
21167,2023,KY,Mercer,6,Nonmetro,"Nonmetro - Urban population of 5,000 to 20,000, adjacent to a metro area",8,0,0,36.3471,1,13.6640,2201,5838,10777.42,2492.72,2608.10,0.231291,0.241997,600.18,0.1362,NULL,NULL,NULL,NULL,NULL,NULL,NULL,NULL,NULL,NULL,NULL,NULL,NULL,NULL,NULL
21169,2023,KY,Metcalfe,9,Nonmetro,"Nonmetro - Urban population of fewer than 5,000, not adjacent to a metro area",4,0,0,37.6294,0,11.9225,1063,2787,11086.83,2876.79,2180.24,0.259478,0.196651,668.86,0.2471,NULL,NULL,NULL,NULL,NULL,NULL,NULL,NULL,NULL,NULL,NULL,NULL,NULL,NULL,NULL
21171,2023,KY,Monroe,8,Nonmetro,"Nonmetro - Urban population of fewer than 5,000, adjacent to a metro area",7,0,0,54.9020,1,21.5501,1275,2821,10920.29,2878.08,2051.87,0.263553,0.187895,541.18,0.2005,NULL,NULL,NULL,NULL,NULL,NULL,NULL,NULL,NULL,NULL,NULL,NULL,NULL,NULL,NULL
21173,2023,KY,Montgomery,6,Nonmetro,"Nonmetro - Urban population of 5,000 to 20,000, adjacent to a metro area",13,0,0,59.9078,1,23.2554,2170,6455,12093.84,3307.29,2538.80,0.273469,0.209925,739.63,0.1835,NULL,NULL,NULL,NULL,NULL,NULL,NULL,NULL,NULL,NULL,NULL,NULL,NULL,NULL,NULL
21175,2023,KY,Morgan,9,Nonmetro,"Nonmetro - Urban population of fewer than 5,000, not adjacent to a metro area",4,0,0,45.5063,0,21.0863,879,3248,10929.52,2805.83,2606.62,0.256720,0.238494,726.96,0.2000,NULL,NULL,NULL,NULL,NULL,NULL,NULL,NULL,NULL,NULL,NULL,NULL,NULL,NULL,NULL
21177,2023,KY,Muhlenberg,6,Nonmetro,"Nonmetro - Urban population of 5,000 to 20,000, adjacent to a metro area",12,0,0,38.3632,0,13.6464,3128,8030,12048.45,3230.19,3054.24,0.268100,0.253497,645.46,0.1604,NULL,NULL,NULL,NULL,NULL,NULL,NULL,NULL,NULL,NULL,NULL,NULL,NULL,NULL,NULL
21179,2023,KY,Nelson,1,Metro,Metro - Counties in metro areas of 1 million population or more,17,2,0,30.9598,3,9.0197,5491,11292,11626.51,2973.26,3041.10,0.255731,0.261566,611.55,0.1882,NULL,NULL,NULL,NULL,NULL,NULL,NULL,NULL,NULL,NULL,NULL,NULL,NULL,NULL,NULL
21181,2023,KY,Nicholas,8,Nonmetro,"Nonmetro - Urban population of fewer than 5,000, adjacent to a metro area",5,0,0,74.8503,1,39.1360,668,1797,11624.31,2866.07,2264.57,0.246558,0.194813,619.76,NULL,NULL,NULL,NULL,NULL,NULL,NULL,NULL,NULL,NULL,NULL,NULL,NULL,NULL,NULL,NULL
21183,2023,KY,Ohio,6,Nonmetro,"Nonmetro - Urban population of 5,000 to 20,000, adjacent to a metro area",9,0,0,39.4218,1,16.7525,2283,5953,12052.47,2488.67,3502.82,0.206486,0.290631,735.00,0.1677,NULL,NULL,NULL,NULL,NULL,NULL,NULL,NULL,NULL,NULL,NULL,NULL,NULL,NULL,NULL
21185,2023,KY,Oldham,1,Metro,Metro - Counties in metro areas of 1 million population or more,13,2,0,22.9398,4,7.4732,5667,11797,11205.25,2215.65,3222.95,0.197733,0.287629,511.56,0.1695,NULL,NULL,NULL,NULL,NULL,NULL,NULL,NULL,NULL,NULL,NULL,NULL,NULL,NULL,NULL
21187,2023,KY,Owen,8,Nonmetro,"Nonmetro - Urban population of fewer than 5,000, adjacent to a metro area",4,0,0,45.6100,0,14.1635,877,2544,10348.90,2672.78,2307.93,0.258267,0.223012,595.21,0.1697,NULL,NULL,NULL,NULL,NULL,NULL,NULL,NULL,NULL,NULL,NULL,NULL,NULL,NULL,NULL
21189,2023,KY,Owsley,9,Nonmetro,"Nonmetro - Urban population of fewer than 5,000, not adjacent to a metro area",5,1,0,140.0560,1,85.5601,357,1192,13119.80,3515.43,1738.40,0.267948,0.132502,809.52,0.2178,NULL,NULL,NULL,NULL,NULL,NULL,NULL,NULL,NULL,NULL,NULL,NULL,NULL,NULL,NULL
21191,2023,KY,Pendleton,1,Metro,Metro - Counties in metro areas of 1 million population or more,3,0,0,26.0191,0,7.0917,1153,3516,12062.03,3031.12,3396.51,0.251294,0.281587,572.42,0.1867,NULL,NULL,NULL,NULL,NULL,NULL,NULL,NULL,NULL,NULL,NULL,NULL,NULL,NULL,NULL
21193,2023,KY,Perry,7,Nonmetro,"Nonmetro - Urban population of 5,000 to 20,000, not adjacent to a metro area",32,2,0,133.8912,7,77.3173,2390,7091,11657.63,3589.99,2044.98,0.307952,0.175420,587.03,0.2249,NULL,NULL,NULL,NULL,NULL,NULL,NULL,NULL,NULL,NULL,NULL,NULL,NULL,NULL,NULL
21195,2023,KY,Pike,7,Nonmetro,"Nonmetro - Urban population of 5,000 to 20,000, not adjacent to a metro area",52,2,0,92.8737,8,52.6617,5599,16807,12435.52,3815.06,2852.66,0.306787,0.229396,741.03,0.2493,NULL,NULL,NULL,NULL,NULL,NULL,NULL,NULL,NULL,NULL,NULL,NULL,NULL,NULL,NULL
21197,2023,KY,Powell,8,Nonmetro,"Nonmetro - Urban population of fewer than 5,000, adjacent to a metro area",6,0,0,58.2524,1,29.7461,1030,3351,10292.11,2852.65,2125.11,0.277169,0.206480,628.16,0.2322,NULL,NULL,NULL,NULL,NULL,NULL,NULL,NULL,NULL,NULL,NULL,NULL,NULL,NULL,NULL
21199,2023,KY,Pulaski,5,Nonmetro,"Nonmetro - Urban population of 20,000 or more, not adjacent to a metro area",30,2,0,42.3370,6,19.6054,7086,18394,11194.32,2701.09,1896.94,0.241291,0.169456,605.00,0.1885,NULL,NULL,NULL,NULL,NULL,NULL,NULL,NULL,NULL,NULL,NULL,NULL,NULL,NULL,NULL
21201,2023,KY,Robertson,8,Nonmetro,"Nonmetro - Urban population of fewer than 5,000, adjacent to a metro area",NULL,NULL,NULL,NULL,NULL,NULL,249,618,11366.81,2693.55,2952.42,0.236966,0.259740,594.38,NULL,NULL,NULL,NULL,NULL,NULL,NULL,NULL,NULL,NULL,NULL,NULL,NULL,NULL,NULL,NULL
21203,2023,KY,Rockcastle,9,Nonmetro,"Nonmetro - Urban population of fewer than 5,000, not adjacent to a metro area",8,0,0,51.5132,0,20.8384,1553,4313,10829.16,2277.51,2596.05,0.210313,0.239728,724.40,0.1196,NULL,NULL,NULL,NULL,NULL,NULL,NULL,NULL,NULL,NULL,NULL,NULL,NULL,NULL,NULL
21205,2023,KY,Rowan,6,Nonmetro,"Nonmetro - Urban population of 5,000 to 20,000, adjacent to a metro area",11,1,0,74.5763,2,37.7966,1475,5186,10982.01,3276.50,2387.40,0.298352,0.217392,818.98,0.1958,NULL,NULL,NULL,NULL,NULL,NULL,NULL,NULL,NULL,NULL,NULL,NULL,NULL,NULL,NULL
21207,2023,KY,Russell,9,Nonmetro,"Nonmetro - Urban population of fewer than 5,000, not adjacent to a metro area",10,0,0,46.5549,0,14.0768,2148,4996,11693.17,2515.23,2414.60,0.215102,0.206497,706.70,0.1763,NULL,NULL,NULL,NULL,NULL,NULL,NULL,NULL,NULL,NULL,NULL,NULL,NULL,NULL,NULL
21209,2023,KY,Scott,2,Metro,"Metro - Counties in metro areas of 250,000 to 1 million population",17,2,0,45.6989,4,14.8640,3720,10084,9970.33,2372.41,2165.53,0.237947,0.217197,598.92,0.2023,NULL,NULL,NULL,NULL,NULL,NULL,NULL,NULL,NULL,NULL,NULL,NULL,NULL,NULL,NULL
21211,2023,KY,Shelby,1,Metro,Metro - Counties in metro areas of 1 million population or more,12,0,0,27.9395,1,5.7666,4295,10063,11141.29,2789.61,2690.08,0.250385,0.241451,569.97,0.1576,NULL,NULL,NULL,NULL,NULL,NULL,NULL,NULL,NULL,NULL,NULL,NULL,NULL,NULL,NULL
21213,2023,KY,Simpson,6,Nonmetro,"Nonmetro - Urban population of 5,000 to 20,000, adjacent to a metro area",8,0,0,40.6918,0,11.0182,1966,4488,12310.96,2937.26,1944.61,0.238589,0.157958,664.80,0.1771,NULL,NULL,NULL,NULL,NULL,NULL,NULL,NULL,NULL,NULL,NULL,NULL,NULL,NULL,NULL
21215,2023,KY,Spencer,1,Metro,Metro - Counties in metro areas of 1 million population or more,3,0,0,17.0648,1,7.0397,1758,4185,11219.55,2823.79,2660.29,0.251685,0.237112,539.82,0.1818,NULL,NULL,NULL,NULL,NULL,NULL,NULL,NULL,NULL,NULL,NULL,NULL,NULL,NULL,NULL
21217,2023,KY,Taylor,7,Nonmetro,"Nonmetro - Urban population of 5,000 to 20,000, not adjacent to a metro area",14,1,0,46.0829,3,19.4679,3038,6576,12934.64,2762.43,3037.38,0.213568,0.234825,756.75,0.1631,NULL,NULL,NULL,NULL,NULL,NULL,NULL,NULL,NULL,NULL,NULL,NULL,NULL,NULL,NULL
21219,2023,KY,Todd,8,Nonmetro,"Nonmetro - Urban population of fewer than 5,000, adjacent to a metro area",2,0,0,15.6495,1,10.0878,1278,2687,11401.81,3135.66,1969.96,0.275014,0.172776,657.28,0.2096,NULL,NULL,NULL,NULL,NULL,NULL,NULL,NULL,NULL,NULL,NULL,NULL,NULL,NULL,NULL
21221,2023,KY,Trigg,2,Metro,"Metro - Counties in metro areas of 250,000 to 1 million population",2,0,0,9.6108,0,2.1896,2081,4185,11658.22,2527.21,2827.14,0.216775,0.242502,639.12,0.1570,NULL,NULL,NULL,NULL,NULL,NULL,NULL,NULL,NULL,NULL,NULL,NULL,NULL,NULL,NULL
21223,2023,KY,Trimble,8,Nonmetro,"Nonmetro - Urban population of fewer than 5,000, adjacent to a metro area",3,0,0,39.3185,1,21.8817,763,2134,10661.13,2973.75,2379.24,0.278934,0.223170,610.75,0.1724,NULL,NULL,NULL,NULL,NULL,NULL,NULL,NULL,NULL,NULL,NULL,NULL,NULL,NULL,NULL
21225,2023,KY,Union,8,Nonmetro,"Nonmetro - Urban population of fewer than 5,000, adjacent to a metro area",10,1,0,73.7463,3,37.0394,1356,3413,14010.21,3381.39,3078.02,0.241352,0.219698,778.76,0.2024,NULL,NULL,NULL,NULL,NULL,NULL,NULL,NULL,NULL,NULL,NULL,NULL,NULL,NULL,NULL
21227,2023,KY,Warren,3,Metro,"Metro - Counties in metro areas of fewer than 250,000 population",44,0,0,42.5244,4,10.8538,10347,23887,11950.94,2941.35,1943.63,0.246119,0.162634,573.02,0.1725,NULL,NULL,NULL,NULL,NULL,NULL,NULL,NULL,NULL,NULL,NULL,NULL,NULL,NULL,NULL
21229,2023,KY,Washington,8,Nonmetro,"Nonmetro - Urban population of fewer than 5,000, adjacent to a metro area",6,2,0,43.1034,2,20.8812,1392,3015,10809.37,2500.90,2387.07,0.231364,0.220833,635.06,0.1867,NULL,NULL,NULL,NULL,NULL,NULL,NULL,NULL,NULL,NULL,NULL,NULL,NULL,NULL,NULL
21231,2023,KY,Wayne,7,Nonmetro,"Nonmetro - Urban population of 5,000 to 20,000, not adjacent to a metro area",12,1,0,59.5829,2,31.0441,2014,5465,10580.58,2123.99,2052.09,0.200744,0.193949,690.67,0.1456,NULL,NULL,NULL,NULL,NULL,NULL,NULL,NULL,NULL,NULL,NULL,NULL,NULL,NULL,NULL
21233,2023,KY,Webster,9,Nonmetro,"Nonmetro - Urban population of fewer than 5,000, not adjacent to a metro area",6,0,0,44.5104,1,17.8437,1348,3297,12156.37,3071.63,2256.89,0.252677,0.185655,658.01,0.1582,NULL,NULL,NULL,NULL,NULL,NULL,NULL,NULL,NULL,NULL,NULL,NULL,NULL,NULL,NULL
21235,2023,KY,Whitley,7,Nonmetro,"Nonmetro - Urban population of 5,000 to 20,000, not adjacent to a metro area",34,0,0,101.0702,2,44.6627,3364,9329,11288.48,2798.65,2357.63,0.247921,0.208853,690.25,0.1593,NULL,NULL,NULL,NULL,NULL,NULL,NULL,NULL,NULL,NULL,NULL,NULL,NULL,NULL,NULL
21237,2023,KY,Wolfe,9,Nonmetro,"Nonmetro - Urban population of fewer than 5,000, not adjacent to a metro area",4,1,0,71.5564,1,45.0546,559,2014,12703.82,2932.23,2702.03,0.230815,0.212694,1087.66,0.2284,NULL,NULL,NULL,NULL,NULL,NULL,NULL,NULL,NULL,NULL,NULL,NULL,NULL,NULL,NULL
21239,2023,KY,Woodford,2,Metro,"Metro - Counties in metro areas of 250,000 to 1 million population",8,0,0,32.4807,0,4.0413,2463,6636,10611.81,2524.05,2021.40,0.237853,0.190486,555.42,0.1748,NULL,NULL,NULL,NULL,NULL,NULL,NULL,NULL,NULL,NULL,NULL,NULL,NULL,NULL,NULL
22000,2023,LA,UNKNOWN,NULL,NULL,NULL,NULL,NULL,NULL,NULL,NULL,NULL,NULL,NULL,NULL,NULL,NULL,NULL,NULL,NULL,NULL,NULL,NULL,NULL,NULL,NULL,NULL,NULL,NULL,NULL,NULL,NULL,NULL,NULL,NULL,NULL
22001,2023,LA,Acadia,2,Metro,"Metro - Counties in metro areas of 250,000 to 1 million population",30,1,0,41.9757,5,13.9016,7147,13173,14488.80,2969.94,2620.86,0.204982,0.180889,670.07,0.1695,NULL,NULL,NULL,NULL,NULL,NULL,NULL,NULL,NULL,NULL,NULL,NULL,NULL,NULL,NULL
22003,2023,LA,Allen,6,Nonmetro,"Nonmetro - Urban population of 5,000 to 20,000, adjacent to a metro area",13,1,0,52.9532,1,18.8913,2455,4830,14607.78,3010.10,2703.81,0.206061,0.185094,712.02,0.1456,NULL,NULL,NULL,NULL,NULL,NULL,NULL,NULL,NULL,NULL,NULL,NULL,NULL,NULL,NULL
22005,2023,LA,Ascension,2,Metro,"Metro - Counties in metro areas of 250,000 to 1 million population",45,1,0,87.4806,5,22.2703,5144,21199,12700.38,2409.02,2471.75,0.189681,0.194620,615.47,0.1763,NULL,NULL,NULL,NULL,NULL,NULL,NULL,NULL,NULL,NULL,NULL,NULL,NULL,NULL,NULL
22007,2023,LA,Assumption,2,Metro,"Metro - Counties in metro areas of 250,000 to 1 million population",1,0,0,5.4975,0,1.8991,1819,5343,13728.35,2516.68,2902.57,0.183320,0.211429,650.36,0.1677,NULL,NULL,NULL,NULL,NULL,NULL,NULL,NULL,NULL,NULL,NULL,NULL,NULL,NULL,NULL
22009,2023,LA,Avoyelles,6,Nonmetro,"Nonmetro - Urban population of 5,000 to 20,000, adjacent to a metro area",20,0,0,44.6628,1,15.9489,4478,9471,15123.37,3082.66,2507.31,0.203834,0.165790,683.56,0.1561,NULL,NULL,NULL,NULL,NULL,NULL,NULL,NULL,NULL,NULL,NULL,NULL,NULL,NULL,NULL
22011,2023,LA,Beauregard,6,Nonmetro,"Nonmetro - Urban population of 5,000 to 20,000, adjacent to a metro area",6,0,0,13.2538,0,2.7182,4527,7966,13849.60,3097.02,2904.83,0.223618,0.209741,732.05,0.1725,NULL,NULL,NULL,NULL,NULL,NULL,NULL,NULL,NULL,NULL,NULL,NULL,NULL,NULL,NULL
22013,2023,LA,Bienville,8,Nonmetro,"Nonmetro - Urban population of fewer than 5,000, adjacent to a metro area",4,0,0,24.9688,1,11.7704,1602,3582,19103.35,3402.83,3090.20,0.178127,0.161762,702.87,0.2020,NULL,NULL,NULL,NULL,NULL,NULL,NULL,NULL,NULL,NULL,NULL,NULL,NULL,NULL,NULL
22015,2023,LA,Bossier,2,Metro,"Metro - Counties in metro areas of 250,000 to 1 million population",37,8,0,29.8869,8,9.3951,12380,23889,15080.88,3078.87,2679.76,0.204157,0.177693,641.52,0.1681,NULL,NULL,NULL,NULL,NULL,NULL,NULL,NULL,NULL,NULL,NULL,NULL,NULL,NULL,NULL
22017,2023,LA,Caddo,2,Metro,"Metro - Counties in metro areas of 250,000 to 1 million population",83,9,0,36.0932,15,13.8681,22996,54071,15544.01,3380.46,2409.03,0.217477,0.154981,653.33,0.1934,NULL,NULL,NULL,NULL,NULL,NULL,NULL,NULL,NULL,NULL,NULL,NULL,NULL,NULL,NULL
22019,2023,LA,Calcasieu,2,Metro,"Metro - Counties in metro areas of 250,000 to 1 million population",80,3,0,40.3185,8,13.3209,19842,39504,12898.01,2832.63,2867.92,0.219618,0.222354,642.63,0.1716,NULL,NULL,NULL,NULL,NULL,NULL,NULL,NULL,NULL,NULL,NULL,NULL,NULL,NULL,NULL
22021,2023,LA,Caldwell,8,Nonmetro,"Nonmetro - Urban population of fewer than 5,000, adjacent to a metro area",4,0,0,35.0570,2,22.2365,1141,2436,15379.64,3805.94,2569.93,0.247466,0.167099,914.11,0.2220,NULL,NULL,NULL,NULL,NULL,NULL,NULL,NULL,NULL,NULL,NULL,NULL,NULL,NULL,NULL
22023,2023,LA,Cameron,2,Metro,"Metro - Counties in metro areas of 250,000 to 1 million population",1,0,0,15.2439,0,4.2185,656,1160,10820.74,2429.99,2397.35,0.224568,0.221551,524.39,0.1795,NULL,NULL,NULL,NULL,NULL,NULL,NULL,NULL,NULL,NULL,NULL,NULL,NULL,NULL,NULL
22025,2023,LA,Catahoula,9,Nonmetro,"Nonmetro - Urban population of fewer than 5,000, not adjacent to a metro area",10,0,0,82.2368,2,32.9757,1216,2496,13431.29,2815.80,2869.37,0.209645,0.213633,689.14,0.1698,NULL,NULL,NULL,NULL,NULL,NULL,NULL,NULL,NULL,NULL,NULL,NULL,NULL,NULL,NULL
22027,2023,LA,Claiborne,9,Nonmetro,"Nonmetro - Urban population of fewer than 5,000, not adjacent to a metro area",10,3,0,53.7924,3,24.8548,1859,3654,15657.78,3673.74,2322.50,0.234627,0.148329,695.54,0.1660,NULL,NULL,NULL,NULL,NULL,NULL,NULL,NULL,NULL,NULL,NULL,NULL,NULL,NULL,NULL
22029,2023,LA,Concordia,6,Nonmetro,"Nonmetro - Urban population of 5,000 to 20,000, adjacent to a metro area",10,0,0,45.5166,0,14.4800,2197,4455,15038.95,3096.93,2195.86,0.205927,0.146012,753.76,0.1981,NULL,NULL,NULL,NULL,NULL,NULL,NULL,NULL,NULL,NULL,NULL,NULL,NULL,NULL,NULL
22031,2023,LA,DeSoto,2,Metro,"Metro - Counties in metro areas of 250,000 to 1 million population",12,2,0,38.5109,3,17.0466,3116,6654,14761.12,3141.50,3217.56,0.212823,0.217975,648.27,0.1794,NULL,NULL,NULL,NULL,NULL,NULL,NULL,NULL,NULL,NULL,NULL,NULL,NULL,NULL,NULL
22033,2023,LA,East Baton Rouge,2,Metro,"Metro - Counties in metro areas of 250,000 to 1 million population",192,4,0,79.8735,20,25.7088,24038,83977,12790.49,2657.15,2277.04,0.207744,0.178026,535.53,0.1883,NULL,NULL,NULL,NULL,NULL,NULL,NULL,NULL,NULL,NULL,NULL,NULL,NULL,NULL,NULL
22035,2023,LA,East Carroll,8,Nonmetro,"Nonmetro - Urban population of fewer than 5,000, adjacent to a metro area",5,0,0,87.1080,0,30.0955,574,1405,17419.86,3818.59,2780.92,0.219209,0.159641,890.24,0.1746,NULL,NULL,NULL,NULL,NULL,NULL,NULL,NULL,NULL,NULL,NULL,NULL,NULL,NULL,NULL
22037,2023,LA,East Feliciana,2,Metro,"Metro - Counties in metro areas of 250,000 to 1 million population",6,0,0,38.7597,0,10.2697,1548,4707,13677.72,2999.77,2316.22,0.219318,0.169343,640.83,0.1627,NULL,NULL,NULL,NULL,NULL,NULL,NULL,NULL,NULL,NULL,NULL,NULL,NULL,NULL,NULL
22039,2023,LA,Evangeline,6,Nonmetro,"Nonmetro - Urban population of 5,000 to 20,000, adjacent to a metro area",22,0,0,55.0551,2,19.1033,3996,7479,15986.82,3675.23,2866.93,0.229891,0.179331,753.25,0.2016,NULL,NULL,NULL,NULL,NULL,NULL,NULL,NULL,NULL,NULL,NULL,NULL,NULL,NULL,NULL
22041,2023,LA,Franklin,6,Nonmetro,"Nonmetro - Urban population of 5,000 to 20,000, adjacent to a metro area",9,1,0,38.0068,1,13.2160,2368,4813,16480.29,3457.96,2496.67,0.209824,0.151494,832.77,0.1745,NULL,NULL,NULL,NULL,NULL,NULL,NULL,NULL,NULL,NULL,NULL,NULL,NULL,NULL,NULL
22043,2023,LA,Grant,3,Metro,"Metro - Counties in metro areas of fewer than 250,000 population",4,1,0,17.4902,1,7.2338,2287,4553,13369.27,3062.15,2490.81,0.229044,0.186309,557.50,0.1858,NULL,NULL,NULL,NULL,NULL,NULL,NULL,NULL,NULL,NULL,NULL,NULL,NULL,NULL,NULL
22045,2023,LA,Iberia,4,Nonmetro,"Nonmetro - Urban population of 20,000 or more, adjacent to a metro area",23,1,0,33.3720,2,11.1097,6892,15984,12874.57,2958.27,2230.30,0.229776,0.173233,707.78,0.1931,NULL,NULL,NULL,NULL,NULL,NULL,NULL,NULL,NULL,NULL,NULL,NULL,NULL,NULL,NULL
22047,2023,LA,Iberville,2,Metro,"Metro - Counties in metro areas of 250,000 to 1 million population",16,1,0,104.1667,3,47.6941,1536,6874,12930.35,2601.53,1923.52,0.201196,0.148760,630.86,0.1812,NULL,NULL,NULL,NULL,NULL,NULL,NULL,NULL,NULL,NULL,NULL,NULL,NULL,NULL,NULL
22049,2023,LA,Jackson,6,Nonmetro,"Nonmetro - Urban population of 5,000 to 20,000, adjacent to a metro area",7,1,0,35.0350,3,19.3364,1998,3832,15558.07,3293.35,2587.98,0.211681,0.166343,701.20,0.1345,NULL,NULL,NULL,NULL,NULL,NULL,NULL,NULL,NULL,NULL,NULL,NULL,NULL,NULL,NULL
22051,2023,LA,Jefferson,1,Metro,Metro - Counties in metro areas of 1 million population or more,205,8,0,98.7381,34,36.1260,20762,95478,12211.53,2669.89,3176.21,0.218637,0.260099,619.59,0.2005,NULL,NULL,NULL,NULL,NULL,NULL,NULL,NULL,NULL,NULL,NULL,NULL,NULL,NULL,NULL
22053,2023,LA,Jefferson Davis,2,Metro,"Metro - Counties in metro areas of 250,000 to 1 million population",21,0,0,50.5051,3,16.3819,4158,7182,14882.92,3217.68,2527.85,0.216200,0.169849,666.19,0.1915,NULL,NULL,NULL,NULL,NULL,NULL,NULL,NULL,NULL,NULL,NULL,NULL,NULL,NULL,NULL
22055,2023,LA,Lafayette,2,Metro,"Metro - Counties in metro areas of 250,000 to 1 million population",120,6,0,48.1986,16,10.2728,24897,46516,12586.54,2731.49,2406.75,0.217017,0.191216,598.31,0.1676,NULL,NULL,NULL,NULL,NULL,NULL,NULL,NULL,NULL,NULL,NULL,NULL,NULL,NULL,NULL
22057,2023,LA,Lafourche,3,Metro,"Metro - Counties in metro areas of fewer than 250,000 population",30,0,0,40.3117,1,12.1372,7442,20417,12834.42,2426.44,3406.62,0.189057,0.265428,585.19,0.1577,NULL,NULL,NULL,NULL,NULL,NULL,NULL,NULL,NULL,NULL,NULL,NULL,NULL,NULL,NULL
22059,2023,LA,LaSalle,8,Nonmetro,"Nonmetro - Urban population of fewer than 5,000, adjacent to a metro area",9,1,0,45.2489,3,20.2176,1989,3279,16930.52,3771.64,3615.95,0.222772,0.213576,877.33,0.1750,NULL,NULL,NULL,NULL,NULL,NULL,NULL,NULL,NULL,NULL,NULL,NULL,NULL,NULL,NULL
22061,2023,LA,Lincoln,4,Nonmetro,"Nonmetro - Urban population of 20,000 or more, adjacent to a metro area",22,1,0,55.9654,3,18.7543,3931,8210,15022.85,3073.16,2079.17,0.204566,0.138401,559.65,0.1632,NULL,NULL,NULL,NULL,NULL,NULL,NULL,NULL,NULL,NULL,NULL,NULL,NULL,NULL,NULL
22063,2023,LA,Livingston,2,Metro,"Metro - Counties in metro areas of 250,000 to 1 million population",42,1,0,63.7136,5,19.9887,6592,25149,13101.75,2776.04,2669.32,0.211883,0.203738,584.80,0.1593,NULL,NULL,NULL,NULL,NULL,NULL,NULL,NULL,NULL,NULL,NULL,NULL,NULL,NULL,NULL
22065,2023,LA,Madison,6,Nonmetro,"Nonmetro - Urban population of 5,000 to 20,000, adjacent to a metro area",3,0,0,29.9103,0,9.5851,1003,2138,17049.99,3678.29,2750.79,0.215736,0.161337,876.37,0.2420,NULL,NULL,NULL,NULL,NULL,NULL,NULL,NULL,NULL,NULL,NULL,NULL,NULL,NULL,NULL
22067,2023,LA,Morehouse,3,Metro,"Metro - Counties in metro areas of fewer than 250,000 population",16,3,0,54.8697,6,30.1539,2916,6854,15305.47,3452.27,2449.88,0.225558,0.160066,653.29,0.1779,NULL,NULL,NULL,NULL,NULL,NULL,NULL,NULL,NULL,NULL,NULL,NULL,NULL,NULL,NULL
22069,2023,LA,Natchitoches,6,Nonmetro,"Nonmetro - Urban population of 5,000 to 20,000, adjacent to a metro area",18,3,0,44.6983,4,19.5230,4027,8259,13704.94,2930.38,2871.33,0.213819,0.209511,625.78,0.1808,NULL,NULL,NULL,NULL,NULL,NULL,NULL,NULL,NULL,NULL,NULL,NULL,NULL,NULL,NULL
22071,2023,LA,Orleans,1,Metro,Metro - Counties in metro areas of 1 million population or more,129,0,0,80.2089,8,26.8320,16083,69874,12394.19,2868.67,3230.93,0.231453,0.260681,659.83,0.2006,NULL,NULL,NULL,NULL,NULL,NULL,NULL,NULL,NULL,NULL,NULL,NULL,NULL,NULL,NULL
22073,2023,LA,Ouachita,3,Metro,"Metro - Counties in metro areas of fewer than 250,000 population",93,10,0,66.6858,14,22.1286,13946,31358,14065.44,3246.58,2382.03,0.230820,0.169353,657.03,0.1780,NULL,NULL,NULL,NULL,NULL,NULL,NULL,NULL,NULL,NULL,NULL,NULL,NULL,NULL,NULL
22075,2023,LA,Plaquemines,1,Metro,Metro - Counties in metro areas of 1 million population or more,1,0,0,10.2564,0,2.8926,975,4105,11624.06,2614.18,2947.44,0.224894,0.253564,552.82,0.1585,NULL,NULL,NULL,NULL,NULL,NULL,NULL,NULL,NULL,NULL,NULL,NULL,NULL,NULL,NULL
22077,2023,LA,Pointe Coupee,2,Metro,"Metro - Counties in metro areas of 250,000 to 1 million population",13,1,0,76.2016,4,35.5144,1706,5564,12910.48,2763.21,2172.08,0.214028,0.168242,664.13,0.2099,NULL,NULL,NULL,NULL,NULL,NULL,NULL,NULL,NULL,NULL,NULL,NULL,NULL,NULL,NULL
22079,2023,LA,Rapides,3,Metro,"Metro - Counties in metro areas of fewer than 250,000 population",59,2,0,38.5445,5,10.9188,15307,29724,13931.89,3611.57,2270.98,0.259230,0.163006,648.20,0.1876,NULL,NULL,NULL,NULL,NULL,NULL,NULL,NULL,NULL,NULL,NULL,NULL,NULL,NULL,NULL
22081,2023,LA,Red River,8,Nonmetro,"Nonmetro - Urban population of fewer than 5,000, adjacent to a metro area",4,0,0,46.6744,0,13.8337,857,1884,19807.97,4453.30,3039.83,0.224824,0.153465,799.30,0.2288,NULL,NULL,NULL,NULL,NULL,NULL,NULL,NULL,NULL,NULL,NULL,NULL,NULL,NULL,NULL
22083,2023,LA,Richland,3,Metro,"Metro - Counties in metro areas of fewer than 250,000 population",13,1,0,60.8329,2,23.5321,2137,4871,16859.92,3450.54,3452.52,0.204659,0.204777,766.96,0.1951,NULL,NULL,NULL,NULL,NULL,NULL,NULL,NULL,NULL,NULL,NULL,NULL,NULL,NULL,NULL
22085,2023,LA,Sabine,8,Nonmetro,"Nonmetro - Urban population of fewer than 5,000, adjacent to a metro area",11,0,0,35.7027,1,11.6063,3081,5880,14269.27,3327.26,2695.78,0.233177,0.188922,669.91,0.1830,NULL,NULL,NULL,NULL,NULL,NULL,NULL,NULL,NULL,NULL,NULL,NULL,NULL,NULL,NULL
22087,2023,LA,St. Bernard,1,Metro,Metro - Counties in metro areas of 1 million population or more,17,1,0,97.3654,2,36.7838,1746,7543,14406.05,3944.86,3267.49,0.273834,0.226814,841.92,0.2766,NULL,NULL,NULL,NULL,NULL,NULL,NULL,NULL,NULL,NULL,NULL,NULL,NULL,NULL,NULL
22089,2023,LA,St. Charles,1,Metro,Metro - Counties in metro areas of 1 million population or more,15,0,0,75.6048,1,26.4302,1984,10308,12761.11,2358.34,4025.89,0.184807,0.315481,674.40,0.1868,NULL,NULL,NULL,NULL,NULL,NULL,NULL,NULL,NULL,NULL,NULL,NULL,NULL,NULL,NULL
22091,2023,LA,St. Helena,2,Metro,"Metro - Counties in metro areas of 250,000 to 1 million population",3,1,0,36.4520,1,22.9930,823,2859,13657.48,2712.71,2722.59,0.198624,0.199348,709.60,0.2000,NULL,NULL,NULL,NULL,NULL,NULL,NULL,NULL,NULL,NULL,NULL,NULL,NULL,NULL,NULL
22093,2023,LA,St. James,1,Metro,Metro - Counties in metro areas of 1 million population or more,5,0,0,39.7456,0,10.7937,1258,4916,14734.52,2772.83,2356.06,0.188186,0.159901,731.32,0.1688,NULL,NULL,NULL,NULL,NULL,NULL,NULL,NULL,NULL,NULL,NULL,NULL,NULL,NULL,NULL
22095,2023,LA,St. John the Baptist,1,Metro,Metro - Counties in metro areas of 1 million population or more,14,0,0,87.3908,1,40.6450,1602,8872,11316.64,2630.99,2537.60,0.232489,0.224236,817.73,0.2321,NULL,NULL,NULL,NULL,NULL,NULL,NULL,NULL,NULL,NULL,NULL,NULL,NULL,NULL,NULL
22097,2023,LA,St. Landry,4,Nonmetro,"Nonmetro - Urban population of 20,000 or more, adjacent to a metro area",46,3,0,47.6783,5,15.9175,9648,19981,13806.99,2963.45,2599.28,0.214634,0.188258,709.68,0.1671,NULL,NULL,NULL,NULL,NULL,NULL,NULL,NULL,NULL,NULL,NULL,NULL,NULL,NULL,NULL
22099,2023,LA,St. Martin,2,Metro,"Metro - Counties in metro areas of 250,000 to 1 million population",22,3,0,41.6904,4,16.6730,5277,11985,12772.07,2839.86,2457.19,0.222349,0.192388,614.93,0.1423,NULL,NULL,NULL,NULL,NULL,NULL,NULL,NULL,NULL,NULL,NULL,NULL,NULL,NULL,NULL
22101,2023,LA,St. Mary,4,Nonmetro,"Nonmetro - Urban population of 20,000 or more, adjacent to a metro area",27,1,0,70.2759,3,32.9276,3842,11642,13064.11,2713.15,2614.72,0.207680,0.200145,757.68,0.1528,NULL,NULL,NULL,NULL,NULL,NULL,NULL,NULL,NULL,NULL,NULL,NULL,NULL,NULL,NULL
22103,2023,LA,St. Tammany,2,Metro,"Metro - Counties in metro areas of 250,000 to 1 million population",117,3,0,61.4916,9,10.3213,19027,61207,13360.74,2757.15,3192.48,0.206362,0.238945,624.01,0.1870,NULL,NULL,NULL,NULL,NULL,NULL,NULL,NULL,NULL,NULL,NULL,NULL,NULL,NULL,NULL
22105,2023,LA,Tangipahoa,3,Metro,"Metro - Counties in metro areas of fewer than 250,000 population",51,0,0,58.0601,8,22.7853,8784,27175,15385.83,3544.40,2941.52,0.230368,0.191184,749.66,0.2091,NULL,NULL,NULL,NULL,NULL,NULL,NULL,NULL,NULL,NULL,NULL,NULL,NULL,NULL,NULL
22107,2023,LA,Tensas,9,Nonmetro,"Nonmetro - Urban population of fewer than 5,000, not adjacent to a metro area",3,0,0,54.9451,0,18.9739,546,1238,12302.02,2294.29,2308.46,0.186497,0.187649,549.45,0.1856,NULL,NULL,NULL,NULL,NULL,NULL,NULL,NULL,NULL,NULL,NULL,NULL,NULL,NULL,NULL
22109,2023,LA,Terrebonne,3,Metro,"Metro - Counties in metro areas of fewer than 250,000 population",46,3,0,54.8468,5,24.7749,8387,22452,13203.81,2703.31,2983.95,0.204737,0.225992,633.84,0.1795,NULL,NULL,NULL,NULL,NULL,NULL,NULL,NULL,NULL,NULL,NULL,NULL,NULL,NULL,NULL
22111,2023,LA,Union,3,Metro,"Metro - Counties in metro areas of fewer than 250,000 population",11,1,0,37.6197,3,14.6642,2924,5823,15215.84,3291.18,2848.87,0.216300,0.187231,737.35,0.1699,NULL,NULL,NULL,NULL,NULL,NULL,NULL,NULL,NULL,NULL,NULL,NULL,NULL,NULL,NULL
22113,2023,LA,Vermilion,2,Metro,"Metro - Counties in metro areas of 250,000 to 1 million population",27,2,0,41.1021,3,12.8967,6569,12681,12688.23,2597.35,2650.30,0.204705,0.208879,615.62,0.1456,NULL,NULL,NULL,NULL,NULL,NULL,NULL,NULL,NULL,NULL,NULL,NULL,NULL,NULL,NULL
22115,2023,LA,Vernon,4,Nonmetro,"Nonmetro - Urban population of 20,000 or more, adjacent to a metro area",11,0,0,22.0044,0,4.4465,4999,8353,14326.12,3048.83,2229.80,0.212816,0.155646,666.53,0.1809,NULL,NULL,NULL,NULL,NULL,NULL,NULL,NULL,NULL,NULL,NULL,NULL,NULL,NULL,NULL
22117,2023,LA,Washington,6,Nonmetro,"Nonmetro - Urban population of 5,000 to 20,000, adjacent to a metro area",22,0,0,54.0541,0,17.3874,4070,11305,17953.84,3357.67,2995.80,0.187017,0.166861,946.44,0.1829,NULL,NULL,NULL,NULL,NULL,NULL,NULL,NULL,NULL,NULL,NULL,NULL,NULL,NULL,NULL
22119,2023,LA,Webster,6,Nonmetro,"Nonmetro - Urban population of 5,000 to 20,000, adjacent to a metro area",19,0,0,40.9483,1,12.3360,4640,10057,14826.14,2909.25,2396.45,0.196224,0.161637,648.92,0.1854,NULL,NULL,NULL,NULL,NULL,NULL,NULL,NULL,NULL,NULL,NULL,NULL,NULL,NULL,NULL
22121,2023,LA,West Baton Rouge,2,Metro,"Metro - Counties in metro areas of 250,000 to 1 million population",11,1,0,86.8193,2,33.5964,1267,5293,12846.50,2607.39,2036.39,0.202965,0.158517,511.44,0.1494,NULL,NULL,NULL,NULL,NULL,NULL,NULL,NULL,NULL,NULL,NULL,NULL,NULL,NULL,NULL
22123,2023,LA,West Carroll,8,Nonmetro,"Nonmetro - Urban population of fewer than 5,000, adjacent to a metro area",7,0,0,50.0000,0,10.2047,1400,2795,14890.41,3506.92,3033.20,0.235515,0.203702,745.71,0.1931,NULL,NULL,NULL,NULL,NULL,NULL,NULL,NULL,NULL,NULL,NULL,NULL,NULL,NULL,NULL
22125,2023,LA,West Feliciana,2,Metro,"Metro - Counties in metro areas of 250,000 to 1 million population",5,1,0,52.6316,1,17.7276,950,2451,14485.57,2765.56,3382.23,0.190918,0.233490,518.95,0.0927,NULL,NULL,NULL,NULL,NULL,NULL,NULL,NULL,NULL,NULL,NULL,NULL,NULL,NULL,NULL
22127,2023,LA,Winn,8,Nonmetro,"Nonmetro - Urban population of fewer than 5,000, adjacent to a metro area",8,0,0,49.2308,1,17.4271,1625,3153,14878.19,3508.82,2797.19,0.235836,0.188006,790.77,0.1421,NULL,NULL,NULL,NULL,NULL,NULL,NULL,NULL,NULL,NULL,NULL,NULL,NULL,NULL,NULL
23000,2023,ME,UNKNOWN,NULL,NULL,NULL,NULL,NULL,NULL,NULL,NULL,NULL,NULL,NULL,NULL,NULL,NULL,NULL,NULL,NULL,NULL,NULL,NULL,NULL,NULL,NULL,NULL,NULL,NULL,NULL,NULL,NULL,NULL,NULL,NULL,NULL
23001,2023,ME,Androscoggin,3,Metro,"Metro - Counties in metro areas of fewer than 250,000 population",36,0,0,45.8248,2,17.5174,7856,27323,9761.19,2281.97,2524.82,0.233780,0.258659,724.54,0.1744,NULL,NULL,NULL,NULL,NULL,NULL,NULL,NULL,NULL,NULL,NULL,NULL,NULL,NULL,NULL
23003,2023,ME,Aroostook,7,Nonmetro,"Nonmetro - Urban population of 5,000 to 20,000, not adjacent to a metro area",49,1,0,50.8351,4,19.0509,9639,21828,9861.65,2255.45,3403.73,0.228709,0.345148,799.36,0.1422,NULL,NULL,NULL,NULL,NULL,NULL,NULL,NULL,NULL,NULL,NULL,NULL,NULL,NULL,NULL
23005,2023,ME,Cumberland,2,Metro,"Metro - Counties in metro areas of 250,000 to 1 million population",97,3,0,39.5241,8,11.4253,24542,75613,10506.75,2273.95,2277.45,0.216428,0.216761,648.24,0.1484,NULL,NULL,NULL,NULL,NULL,NULL,NULL,NULL,NULL,NULL,NULL,NULL,NULL,NULL,NULL
23007,2023,ME,Franklin,8,Nonmetro,"Nonmetro - Urban population of fewer than 5,000, adjacent to a metro area",12,0,0,47.3747,0,17.6864,2533,9079,9189.37,2115.52,2477.60,0.230214,0.269616,650.22,0.1482,NULL,NULL,NULL,NULL,NULL,NULL,NULL,NULL,NULL,NULL,NULL,NULL,NULL,NULL,NULL
23009,2023,ME,Hancock,8,Nonmetro,"Nonmetro - Urban population of fewer than 5,000, adjacent to a metro area",21,2,0,27.9033,2,9.0129,7526,17526,10532.15,2326.68,3770.59,0.220912,0.358008,631.01,0.1679,NULL,NULL,NULL,NULL,NULL,NULL,NULL,NULL,NULL,NULL,NULL,NULL,NULL,NULL,NULL
23011,2023,ME,Kennebec,4,Nonmetro,"Nonmetro - Urban population of 20,000 or more, adjacent to a metro area",50,0,0,45.1345,2,14.9192,11078,35266,8684.21,2056.37,2693.39,0.236794,0.310148,654.81,0.1396,NULL,NULL,NULL,NULL,NULL,NULL,NULL,NULL,NULL,NULL,NULL,NULL,NULL,NULL,NULL
23013,2023,ME,Knox,7,Nonmetro,"Nonmetro - Urban population of 5,000 to 20,000, not adjacent to a metro area",13,0,0,24.7525,0,5.5756,5252,13509,9352.90,2277.35,3040.05,0.243491,0.325038,695.93,0.1514,NULL,NULL,NULL,NULL,NULL,NULL,NULL,NULL,NULL,NULL,NULL,NULL,NULL,NULL,NULL
23015,2023,ME,Lincoln,8,Nonmetro,"Nonmetro - Urban population of fewer than 5,000, adjacent to a metro area",10,0,0,22.1877,1,6.9953,4507,12615,9461.41,1937.37,3042.35,0.204765,0.321554,749.06,0.1382,NULL,NULL,NULL,NULL,NULL,NULL,NULL,NULL,NULL,NULL,NULL,NULL,NULL,NULL,NULL
23017,2023,ME,Oxford,6,Nonmetro,"Nonmetro - Urban population of 5,000 to 20,000, adjacent to a metro area",14,0,0,22.7939,0,6.8685,6142,17885,10107.24,2106.28,3187.13,0.208393,0.315331,730.54,0.1656,NULL,NULL,NULL,NULL,NULL,NULL,NULL,NULL,NULL,NULL,NULL,NULL,NULL,NULL,NULL
23019,2023,ME,Penobscot,3,Metro,"Metro - Counties in metro areas of fewer than 250,000 population",61,0,0,39.5462,0,12.1194,15425,41110,9725.19,2474.24,2872.39,0.254416,0.295356,675.98,0.1670,NULL,NULL,NULL,NULL,NULL,NULL,NULL,NULL,NULL,NULL,NULL,NULL,NULL,NULL,NULL
23021,2023,ME,Piscataquis,8,Nonmetro,"Nonmetro - Urban population of fewer than 5,000, adjacent to a metro area",12,3,0,50.5902,3,25.7489,2372,6012,9297.56,1822.62,3521.51,0.196032,0.378756,701.94,0.1360,NULL,NULL,NULL,NULL,NULL,NULL,NULL,NULL,NULL,NULL,NULL,NULL,NULL,NULL,NULL
23023,2023,ME,Sagadahoc,2,Metro,"Metro - Counties in metro areas of 250,000 to 1 million population",7,0,0,17.4782,1,5.6857,4005,11061,9004.71,2186.08,2413.11,0.242771,0.267983,622.97,0.1712,NULL,NULL,NULL,NULL,NULL,NULL,NULL,NULL,NULL,NULL,NULL,NULL,NULL,NULL,NULL
23025,2023,ME,Somerset,6,Nonmetro,"Nonmetro - Urban population of 5,000 to 20,000, adjacent to a metro area",13,0,0,23.6450,1,10.2656,5498,15561,9794.54,2251.33,3623.00,0.229856,0.369900,814.66,0.1402,NULL,NULL,NULL,NULL,NULL,NULL,NULL,NULL,NULL,NULL,NULL,NULL,NULL,NULL,NULL
23027,2023,ME,Waldo,8,Nonmetro,"Nonmetro - Urban population of fewer than 5,000, adjacent to a metro area",10,0,0,21.7675,0,5.8995,4594,12668,9386.96,2127.63,3575.83,0.226658,0.380936,614.06,0.1500,NULL,NULL,NULL,NULL,NULL,NULL,NULL,NULL,NULL,NULL,NULL,NULL,NULL,NULL,NULL
23029,2023,ME,Washington,9,Nonmetro,"Nonmetro - Urban population of fewer than 5,000, not adjacent to a metro area",14,0,0,27.4187,0,8.3970,5106,10477,8623.49,1832.79,3170.41,0.212535,0.367648,715.82,0.1722,NULL,NULL,NULL,NULL,NULL,NULL,NULL,NULL,NULL,NULL,NULL,NULL,NULL,NULL,NULL
23031,2023,ME,York,2,Metro,"Metro - Counties in metro areas of 250,000 to 1 million population",53,0,0,22.1757,1,4.4101,23900,59579,10301.36,2316.29,2556.01,0.224853,0.248124,620.46,0.1535,NULL,NULL,NULL,NULL,NULL,NULL,NULL,NULL,NULL,NULL,NULL,NULL,NULL,NULL,NULL
24000,2023,MD,UNKNOWN,NULL,NULL,NULL,NULL,NULL,NULL,NULL,NULL,NULL,NULL,NULL,NULL,NULL,NULL,NULL,NULL,NULL,NULL,NULL,NULL,NULL,NULL,NULL,NULL,NULL,NULL,NULL,NULL,NULL,NULL,NULL,NULL,NULL
24001,2023,MD,Allegany,4,Nonmetro,"Nonmetro - Urban population of 20,000 or more, adjacent to a metro area",29,2,0,20.0720,3,3.0004,14448,17691,12704.55,3408.80,2845.92,0.268313,0.224008,679.89,0.1883,NULL,NULL,NULL,NULL,NULL,NULL,NULL,NULL,NULL,NULL,NULL,NULL,NULL,NULL,NULL
24003,2023,MD,Anne Arundel,1,Metro,Metro - Counties in metro areas of 1 million population or more,150,1,0,20.8281,20,3.1873,72018,108231,11438.75,2614.18,1740.19,0.228537,0.152131,480.73,0.2042,NULL,NULL,NULL,NULL,NULL,NULL,NULL,NULL,NULL,NULL,NULL,NULL,NULL,NULL,NULL
24005,2023,MD,Baltimore,1,Metro,Metro - Counties in metro areas of 1 million population or more,319,4,0,29.2028,38,6.2070,109236,176493,12472.61,2958.44,2428.48,0.237195,0.194705,537.22,0.2050,NULL,NULL,NULL,NULL,NULL,NULL,NULL,NULL,NULL,NULL,NULL,NULL,NULL,NULL,NULL
24009,2023,MD,Calvert,3,Metro,"Metro - Counties in metro areas of fewer than 250,000 population",25,1,0,18.0662,4,2.3829,13838,18648,11179.38,2661.25,2131.25,0.238050,0.190641,580.58,0.1774,NULL,NULL,NULL,NULL,NULL,NULL,NULL,NULL,NULL,NULL,NULL,NULL,NULL,NULL,NULL
24011,2023,MD,Caroline,6,Nonmetro,"Nonmetro - Urban population of 5,000 to 20,000, adjacent to a metro area",8,0,0,15.4202,0,1.7776,5188,7388,11928.59,2487.25,2273.17,0.208512,0.190565,595.22,0.1991,NULL,NULL,NULL,NULL,NULL,NULL,NULL,NULL,NULL,NULL,NULL,NULL,NULL,NULL,NULL
24013,2023,MD,Carroll,1,Metro,Metro - Counties in metro areas of 1 million population or more,60,1,0,23.5507,8,4.2270,25477,37422,11788.74,2455.78,2333.27,0.208316,0.197924,504.10,0.1934,NULL,NULL,NULL,NULL,NULL,NULL,NULL,NULL,NULL,NULL,NULL,NULL,NULL,NULL,NULL
24015,2023,MD,Cecil,1,Metro,Metro - Counties in metro areas of 1 million population or more,26,0,0,17.2151,2,2.4885,15103,21849,12306.78,3073.77,2162.53,0.249762,0.175719,608.09,0.1744,NULL,NULL,NULL,NULL,NULL,NULL,NULL,NULL,NULL,NULL,NULL,NULL,NULL,NULL,NULL
24017,2023,MD,Charles,1,Metro,Metro - Counties in metro areas of 1 million population or more,47,1,0,25.3944,7,4.4212,18508,28294,11499.75,2857.13,1694.51,0.248451,0.147352,613.09,0.1864,NULL,NULL,NULL,NULL,NULL,NULL,NULL,NULL,NULL,NULL,NULL,NULL,NULL,NULL,NULL
24019,2023,MD,Dorchester,6,Nonmetro,"Nonmetro - Urban population of 5,000 to 20,000, adjacent to a metro area",11,0,0,17.2983,0,2.0881,6359,9107,12134.83,2317.48,2339.73,0.190978,0.192811,648.37,0.1903,NULL,NULL,NULL,NULL,NULL,NULL,NULL,NULL,NULL,NULL,NULL,NULL,NULL,NULL,NULL
24021,2023,MD,Frederick,1,Metro,Metro - Counties in metro areas of 1 million population or more,67,0,0,19.6891,6,1.2995,34029,50797,11438.84,2406.54,1584.61,0.210383,0.138529,481.62,0.1726,NULL,NULL,NULL,NULL,NULL,NULL,NULL,NULL,NULL,NULL,NULL,NULL,NULL,NULL,NULL
24023,2023,MD,Garrett,8,Nonmetro,"Nonmetro - Urban population of fewer than 5,000, adjacent to a metro area",11,1,0,18.8131,1,2.7023,5847,7935,10825.64,2635.22,3074.74,0.243424,0.284024,654.87,0.1730,NULL,NULL,NULL,NULL,NULL,NULL,NULL,NULL,NULL,NULL,NULL,NULL,NULL,NULL,NULL
24025,2023,MD,Harford,1,Metro,Metro - Counties in metro areas of 1 million population or more,88,1,0,24.8953,11,5.0336,35348,55359,12135.02,2749.68,2498.40,0.226590,0.205883,509.96,0.2079,NULL,NULL,NULL,NULL,NULL,NULL,NULL,NULL,NULL,NULL,NULL,NULL,NULL,NULL,NULL
24027,2023,MD,Howard,1,Metro,Metro - Counties in metro areas of 1 million population or more,107,2,0,30.1137,12,2.9677,35532,56613,10955.34,2245.40,1830.93,0.204959,0.167127,392.63,0.2069,NULL,NULL,NULL,NULL,NULL,NULL,NULL,NULL,NULL,NULL,NULL,NULL,NULL,NULL,NULL
24029,2023,MD,Kent,6,Nonmetro,"Nonmetro - Urban population of 5,000 to 20,000, adjacent to a metro area",8,0,0,16.5700,0,0.6210,4828,6352,12396.55,2287.04,3262.76,0.184490,0.263199,610.19,0.1977,NULL,NULL,NULL,NULL,NULL,NULL,NULL,NULL,NULL,NULL,NULL,NULL,NULL,NULL,NULL
24031,2023,MD,Montgomery,1,Metro,Metro - Counties in metro areas of 1 million population or more,268,13,0,23.9772,53,5.0799,111773,192671,10769.02,2240.88,1495.31,0.208086,0.138853,466.30,0.1772,NULL,NULL,NULL,NULL,NULL,NULL,NULL,NULL,NULL,NULL,NULL,NULL,NULL,NULL,NULL
24033,2023,MD,Prince George's,1,Metro,Metro - Counties in metro areas of 1 million population or more,217,5,0,28.4396,30,6.7262,76302,150852,12055.05,3010.78,1557.45,0.249753,0.129195,560.00,0.2018,NULL,NULL,NULL,NULL,NULL,NULL,NULL,NULL,NULL,NULL,NULL,NULL,NULL,NULL,NULL
24035,2023,MD,Queen Anne's,1,Metro,Metro - Counties in metro areas of 1 million population or more,10,0,0,10.9733,1,0.7727,9113,12512,11244.41,2204.76,2184.45,0.196076,0.194270,576.65,0.1611,NULL,NULL,NULL,NULL,NULL,NULL,NULL,NULL,NULL,NULL,NULL,NULL,NULL,NULL,NULL
24037,2023,MD,St. Mary's,3,Metro,"Metro - Counties in metro areas of fewer than 250,000 population",30,1,0,20.3583,3,2.1997,14736,19518,11193.84,2735.97,2189.35,0.244417,0.195585,630.23,0.1644,NULL,NULL,NULL,NULL,NULL,NULL,NULL,NULL,NULL,NULL,NULL,NULL,NULL,NULL,NULL
24039,2023,MD,Somerset,3,Metro,"Metro - Counties in metro areas of fewer than 250,000 population",6,0,0,15.7812,0,2.3704,3802,5631,11638.63,2826.63,2111.82,0.242866,0.181449,750.39,0.2039,NULL,NULL,NULL,NULL,NULL,NULL,NULL,NULL,NULL,NULL,NULL,NULL,NULL,NULL,NULL
24041,2023,MD,Talbot,6,Nonmetro,"Nonmetro - Urban population of 5,000 to 20,000, adjacent to a metro area",12,0,0,12.5892,0,0.6584,9532,12366,11158.04,1981.13,2507.37,0.177552,0.224714,477.02,0.1678,NULL,NULL,NULL,NULL,NULL,NULL,NULL,NULL,NULL,NULL,NULL,NULL,NULL,NULL,NULL
24043,2023,MD,Washington,2,Metro,"Metro - Counties in metro areas of 250,000 to 1 million population",56,2,0,23.9112,7,4.5727,23420,34455,11447.32,2845.02,2056.23,0.248532,0.179625,639.50,0.2108,NULL,NULL,NULL,NULL,NULL,NULL,NULL,NULL,NULL,NULL,NULL,NULL,NULL,NULL,NULL
24045,2023,MD,Wicomico,3,Metro,"Metro - Counties in metro areas of fewer than 250,000 population",41,1,0,26.9312,3,4.8638,15224,22267,12394.51,2657.33,2159.49,0.214396,0.174230,681.16,0.1722,NULL,NULL,NULL,NULL,NULL,NULL,NULL,NULL,NULL,NULL,NULL,NULL,NULL,NULL,NULL
24047,2023,MD,Worcester,4,Nonmetro,"Nonmetro - Urban population of 20,000 or more, adjacent to a metro area",26,1,0,21.5089,4,4.5923,12088,17004,11741.04,2468.70,2041.66,0.210262,0.173891,646.51,0.1845,NULL,NULL,NULL,NULL,NULL,NULL,NULL,NULL,NULL,NULL,NULL,NULL,NULL,NULL,NULL
24510,2023,MD,Baltimore City,1,Metro,Metro - Counties in metro areas of 1 million population or more,280,8,0,50.4250,25,14.7592,55528,105059,14156.17,3968.31,3059.76,0.280324,0.216143,822.40,0.2442,NULL,NULL,NULL,NULL,NULL,NULL,NULL,NULL,NULL,NULL,NULL,NULL,NULL,NULL,NULL
25000,2023,MA,UNKNOWN,NULL,NULL,NULL,NULL,NULL,NULL,NULL,NULL,NULL,NULL,NULL,NULL,NULL,NULL,NULL,NULL,NULL,NULL,NULL,NULL,NULL,NULL,NULL,NULL,NULL,NULL,NULL,NULL,NULL,NULL,NULL,NULL,NULL
25001,2023,MA,Barnstable,3,Metro,"Metro - Counties in metro areas of fewer than 250,000 population",65,1,0,11.1619,3,0.6976,58234,86799,11720.45,2844.39,2679.18,0.242686,0.228590,636.71,0.1818,NULL,NULL,NULL,NULL,NULL,NULL,NULL,NULL,NULL,NULL,NULL,NULL,NULL,NULL,NULL
25003,2023,MA,Berkshire,3,Metro,"Metro - Counties in metro areas of fewer than 250,000 population",43,0,0,15.3227,2,1.5078,28063,38566,10915.53,2532.80,3201.46,0.232036,0.293294,689.38,0.1821,NULL,NULL,NULL,NULL,NULL,NULL,NULL,NULL,NULL,NULL,NULL,NULL,NULL,NULL,NULL
25005,2023,MA,Bristol,1,Metro,Metro - Counties in metro areas of 1 million population or more,153,4,0,21.1023,14,5.0645,72504,134090,12168.71,3167.59,2559.06,0.260306,0.210298,687.99,0.1857,NULL,NULL,NULL,NULL,NULL,NULL,NULL,NULL,NULL,NULL,NULL,NULL,NULL,NULL,NULL
25007,2023,MA,Dukes,7,Nonmetro,"Nonmetro - Urban population of 5,000 to 20,000, not adjacent to a metro area",5,0,0,10.7021,0,-0.7711,4672,5673,12001.05,2703.37,4271.36,0.225261,0.355916,799.87,0.1769,NULL,NULL,NULL,NULL,NULL,NULL,NULL,NULL,NULL,NULL,NULL,NULL,NULL,NULL,NULL
25009,2023,MA,Essex,1,Metro,Metro - Counties in metro areas of 1 million population or more,166,6,0,17.2557,17,3.0650,96200,178762,11993.68,3126.61,2812.08,0.260688,0.234463,617.89,0.1882,NULL,NULL,NULL,NULL,NULL,NULL,NULL,NULL,NULL,NULL,NULL,NULL,NULL,NULL,NULL
25011,2023,MA,Franklin,4,Nonmetro,"Nonmetro - Urban population of 20,000 or more, adjacent to a metro area",11,0,0,8.9083,1,1.2343,12348,21177,9685.60,2354.33,2527.81,0.243075,0.260986,620.67,0.2024,NULL,NULL,NULL,NULL,NULL,NULL,NULL,NULL,NULL,NULL,NULL,NULL,NULL,NULL,NULL
25013,2023,MA,Hampden,2,Metro,"Metro - Counties in metro areas of 250,000 to 1 million population",113,1,0,21.9443,12,4.7020,51494,111398,11349.45,3036.88,2614.73,0.267579,0.230384,706.55,0.2142,NULL,NULL,NULL,NULL,NULL,NULL,NULL,NULL,NULL,NULL,NULL,NULL,NULL,NULL,NULL
25015,2023,MA,Hampshire,3,Metro,"Metro - Counties in metro areas of fewer than 250,000 population",37,1,0,16.1607,3,1.5734,22895,38860,9656.11,2225.21,2389.71,0.230446,0.247482,574.84,0.1667,NULL,NULL,NULL,NULL,NULL,NULL,NULL,NULL,NULL,NULL,NULL,NULL,NULL,NULL,NULL
25017,2023,MA,Middlesex,1,Metro,Metro - Counties in metro areas of 1 million population or more,327,7,0,20.7049,34,3.1864,157934,302621,11795.02,3040.02,2804.41,0.257738,0.237762,608.30,0.1922,NULL,NULL,NULL,NULL,NULL,NULL,NULL,NULL,NULL,NULL,NULL,NULL,NULL,NULL,NULL
25019,2023,MA,Nantucket,7,Nonmetro,"Nonmetro - Urban population of 5,000 to 20,000, not adjacent to a metro area",7,1,0,35.9712,2,6.8506,1946,2362,10217.57,2596.68,2878.94,0.254139,0.281764,781.60,0.1653,NULL,NULL,NULL,NULL,NULL,NULL,NULL,NULL,NULL,NULL,NULL,NULL,NULL,NULL,NULL
25021,2023,MA,Norfolk,1,Metro,Metro - Counties in metro areas of 1 million population or more,157,7,0,19.2707,19,3.3991,81471,148654,12024.56,3130.08,2768.64,0.260307,0.230249,587.69,0.1893,NULL,NULL,NULL,NULL,NULL,NULL,NULL,NULL,NULL,NULL,NULL,NULL,NULL,NULL,NULL
25023,2023,MA,Plymouth,1,Metro,Metro - Counties in metro areas of 1 million population or more,111,2,0,14.7931,11,2.2028,75035,128506,11975.73,3163.35,2509.28,0.264147,0.209530,569.27,0.1930,NULL,NULL,NULL,NULL,NULL,NULL,NULL,NULL,NULL,NULL,NULL,NULL,NULL,NULL,NULL
25025,2023,MA,Suffolk,1,Metro,Metro - Counties in metro areas of 1 million population or more,214,14,0,40.8093,39,12.9674,52439,114743,11983.80,3574.91,2908.92,0.298312,0.242738,738.95,0.2025,NULL,NULL,NULL,NULL,NULL,NULL,NULL,NULL,NULL,NULL,NULL,NULL,NULL,NULL,NULL
25027,2023,MA,Worcester,2,Metro,"Metro - Counties in metro areas of 250,000 to 1 million population",184,12,0,22.6314,27,4.4468,81303,179173,11644.76,3152.59,2696.56,0.270730,0.231569,610.96,0.1938,NULL,NULL,NULL,NULL,NULL,NULL,NULL,NULL,NULL,NULL,NULL,NULL,NULL,NULL,NULL
26000,2023,MI,UNKNOWN,NULL,NULL,NULL,NULL,NULL,NULL,NULL,NULL,NULL,NULL,NULL,NULL,NULL,NULL,NULL,NULL,NULL,NULL,NULL,NULL,NULL,NULL,NULL,NULL,NULL,NULL,NULL,NULL,NULL,NULL,NULL,NULL,NULL
26001,2023,MI,Alcona,9,Nonmetro,"Nonmetro - Urban population of fewer than 5,000, not adjacent to a metro area",3,0,0,16.1117,0,4.9344,1862,4677,10249.00,2089.16,2514.94,0.203840,0.245384,573.58,0.1579,NULL,NULL,NULL,NULL,NULL,NULL,NULL,NULL,NULL,NULL,NULL,NULL,NULL,NULL,NULL
26003,2023,MI,Alger,9,Nonmetro,"Nonmetro - Urban population of fewer than 5,000, not adjacent to a metro area",2,0,0,15.7604,0,4.1796,1269,2933,8759.99,1978.83,2109.40,0.225894,0.240799,493.30,0.0952,NULL,NULL,NULL,NULL,NULL,NULL,NULL,NULL,NULL,NULL,NULL,NULL,NULL,NULL,NULL
26005,2023,MI,Allegan,4,Nonmetro,"Nonmetro - Urban population of 20,000 or more, adjacent to a metro area",23,0,0,36.7295,1,13.0328,6262,27063,10960.18,2582.44,2272.64,0.235620,0.207354,643.72,0.1718,NULL,NULL,NULL,NULL,NULL,NULL,NULL,NULL,NULL,NULL,NULL,NULL,NULL,NULL,NULL
26007,2023,MI,Alpena,7,Nonmetro,"Nonmetro - Urban population of 5,000 to 20,000, not adjacent to a metro area",13,0,0,28.9984,1,9.9114,4483,9668,11168.36,2457.79,2917.60,0.220067,0.261238,625.92,0.1535,NULL,NULL,NULL,NULL,NULL,NULL,NULL,NULL,NULL,NULL,NULL,NULL,NULL,NULL,NULL
26009,2023,MI,Antrim,8,Nonmetro,"Nonmetro - Urban population of fewer than 5,000, adjacent to a metro area",6,0,0,18.6741,0,5.2031,3213,8438,9921.78,2649.48,2498.58,0.267037,0.251828,575.47,0.1406,NULL,NULL,NULL,NULL,NULL,NULL,NULL,NULL,NULL,NULL,NULL,NULL,NULL,NULL,NULL
26011,2023,MI,Arenac,8,Nonmetro,"Nonmetro - Urban population of fewer than 5,000, adjacent to a metro area",5,0,0,25.7069,0,7.8879,1945,5346,12429.38,3186.77,2663.26,0.256390,0.214271,802.06,0.1692,NULL,NULL,NULL,NULL,NULL,NULL,NULL,NULL,NULL,NULL,NULL,NULL,NULL,NULL,NULL
26013,2023,MI,Baraga,9,Nonmetro,"Nonmetro - Urban population of fewer than 5,000, not adjacent to a metro area",4,0,0,40.5268,0,13.9311,987,2347,9833.78,2129.07,3370.19,0.216506,0.342716,638.30,0.2222,NULL,NULL,NULL,NULL,NULL,NULL,NULL,NULL,NULL,NULL,NULL,NULL,NULL,NULL,NULL
26015,2023,MI,Barry,1,Metro,Metro - Counties in metro areas of 1 million population or more,13,1,0,30.1484,2,12.1215,4312,15236,10137.24,2395.35,2563.20,0.236292,0.252850,632.19,0.1573,NULL,NULL,NULL,NULL,NULL,NULL,NULL,NULL,NULL,NULL,NULL,NULL,NULL,NULL,NULL
26017,2023,MI,Bay,3,Metro,"Metro - Counties in metro areas of fewer than 250,000 population",35,2,0,34.0169,3,12.5907,10289,29138,12070.44,3415.79,2523.71,0.282988,0.209082,719.41,0.1962,NULL,NULL,NULL,NULL,NULL,NULL,NULL,NULL,NULL,NULL,NULL,NULL,NULL,NULL,NULL
26019,2023,MI,Benzie,3,Metro,"Metro - Counties in metro areas of fewer than 250,000 population",4,0,0,17.1453,0,4.3289,2333,6221,10243.17,2378.59,2908.53,0.232212,0.283948,561.94,0.1097,NULL,NULL,NULL,NULL,NULL,NULL,NULL,NULL,NULL,NULL,NULL,NULL,NULL,NULL,NULL
26021,2023,MI,Berrien,3,Metro,"Metro - Counties in metro areas of fewer than 250,000 population",43,0,0,27.1877,2,7.5017,15816,39739,10638.89,2411.43,2782.62,0.226662,0.261552,607.80,0.1654,NULL,NULL,NULL,NULL,NULL,NULL,NULL,NULL,NULL,NULL,NULL,NULL,NULL,NULL,NULL
26023,2023,MI,Branch,6,Nonmetro,"Nonmetro - Urban population of 5,000 to 20,000, adjacent to a metro area",10,0,0,23.8493,0,7.5786,4193,10632,10626.44,2985.11,2816.41,0.280913,0.265038,618.41,0.1596,NULL,NULL,NULL,NULL,NULL,NULL,NULL,NULL,NULL,NULL,NULL,NULL,NULL,NULL,NULL
26025,2023,MI,Calhoun,3,Metro,"Metro - Counties in metro areas of fewer than 250,000 population",45,1,0,34.5888,2,12.0071,13010,32566,10792.16,2641.99,2612.46,0.244806,0.242070,614.60,0.1706,NULL,NULL,NULL,NULL,NULL,NULL,NULL,NULL,NULL,NULL,NULL,NULL,NULL,NULL,NULL
26027,2023,MI,Cass,2,Metro,"Metro - Counties in metro areas of 250,000 to 1 million population",9,0,0,15.6467,1,5.1878,5752,13839,10763.85,2527.69,2310.39,0.234831,0.214643,563.98,0.1533,NULL,NULL,NULL,NULL,NULL,NULL,NULL,NULL,NULL,NULL,NULL,NULL,NULL,NULL,NULL
26029,2023,MI,Charlevoix,7,Nonmetro,"Nonmetro - Urban population of 5,000 to 20,000, not adjacent to a metro area",8,0,0,21.8759,0,4.3436,3657,8570,9742.11,2154.34,2995.04,0.221137,0.307432,681.71,0.1349,NULL,NULL,NULL,NULL,NULL,NULL,NULL,NULL,NULL,NULL,NULL,NULL,NULL,NULL,NULL
26031,2023,MI,Cheboygan,7,Nonmetro,"Nonmetro - Urban population of 5,000 to 20,000, not adjacent to a metro area",6,0,0,16.5929,0,5.0788,3616,8953,9418.11,2038.12,2605.95,0.216404,0.276696,591.54,0.1321,NULL,NULL,NULL,NULL,NULL,NULL,NULL,NULL,NULL,NULL,NULL,NULL,NULL,NULL,NULL
26033,2023,MI,Chippewa,7,Nonmetro,"Nonmetro - Urban population of 5,000 to 20,000, not adjacent to a metro area",8,0,0,23.5018,0,7.7134,3404,8975,9469.72,2209.38,3159.33,0.233310,0.333624,633.67,0.1364,NULL,NULL,NULL,NULL,NULL,NULL,NULL,NULL,NULL,NULL,NULL,NULL,NULL,NULL,NULL
26035,2023,MI,Clare,8,Nonmetro,"Nonmetro - Urban population of fewer than 5,000, adjacent to a metro area",13,2,0,36.2521,2,15.9344,3586,10411,10908.25,2573.15,3267.96,0.235890,0.299586,779.98,0.1590,NULL,NULL,NULL,NULL,NULL,NULL,NULL,NULL,NULL,NULL,NULL,NULL,NULL,NULL,NULL
26037,2023,MI,Clinton,2,Metro,"Metro - Counties in metro areas of 250,000 to 1 million population",15,0,0,33.0178,0,15.4596,4543,17509,11098.05,2585.57,2865.94,0.232975,0.258238,590.36,0.1908,NULL,NULL,NULL,NULL,NULL,NULL,NULL,NULL,NULL,NULL,NULL,NULL,NULL,NULL,NULL
26039,2023,MI,Crawford,9,Nonmetro,"Nonmetro - Urban population of fewer than 5,000, not adjacent to a metro area",4,0,0,23.6686,0,7.9515,1690,4506,9608.62,2223.04,2596.16,0.231359,0.270191,708.88,0.1547,NULL,NULL,NULL,NULL,NULL,NULL,NULL,NULL,NULL,NULL,NULL,NULL,NULL,NULL,NULL
26041,2023,MI,Delta,5,Nonmetro,"Nonmetro - Urban population of 20,000 or more, not adjacent to a metro area",11,1,0,22.2357,1,7.3702,4947,11710,9173.20,1852.07,2755.88,0.201900,0.300427,505.56,0.1281,NULL,NULL,NULL,NULL,NULL,NULL,NULL,NULL,NULL,NULL,NULL,NULL,NULL,NULL,NULL
26043,2023,MI,Dickinson,7,Nonmetro,"Nonmetro - Urban population of 5,000 to 20,000, not adjacent to a metro area",7,0,0,20.2020,1,6.5718,3465,7678,9655.21,2303.65,2814.18,0.238591,0.291468,601.73,0.1460,NULL,NULL,NULL,NULL,NULL,NULL,NULL,NULL,NULL,NULL,NULL,NULL,NULL,NULL,NULL
26045,2023,MI,Eaton,2,Metro,"Metro - Counties in metro areas of 250,000 to 1 million population",33,0,0,47.0152,0,22.7469,7019,26664,11412.88,2778.34,2987.26,0.243439,0.261745,642.97,0.1780,NULL,NULL,NULL,NULL,NULL,NULL,NULL,NULL,NULL,NULL,NULL,NULL,NULL,NULL,NULL
26047,2023,MI,Emmet,7,Nonmetro,"Nonmetro - Urban population of 5,000 to 20,000, not adjacent to a metro area",11,1,0,23.8044,1,6.4794,4621,10430,9982.91,2297.86,2580.06,0.230179,0.258448,539.71,0.1593,NULL,NULL,NULL,NULL,NULL,NULL,NULL,NULL,NULL,NULL,NULL,NULL,NULL,NULL,NULL
26049,2023,MI,Genesee,2,Metro,"Metro - Counties in metro areas of 250,000 to 1 million population",197,3,0,67.8819,28,26.6090,29021,97804,12981.38,3412.84,1762.60,0.262903,0.135779,610.76,0.1923,NULL,NULL,NULL,NULL,NULL,NULL,NULL,NULL,NULL,NULL,NULL,NULL,NULL,NULL,NULL
26051,2023,MI,Gladwin,8,Nonmetro,"Nonmetro - Urban population of fewer than 5,000, adjacent to a metro area",7,0,0,22.8534,0,7.9121,3063,8913,10329.56,2389.75,3091.78,0.231351,0.299314,707.80,0.1530,NULL,NULL,NULL,NULL,NULL,NULL,NULL,NULL,NULL,NULL,NULL,NULL,NULL,NULL,NULL
26053,2023,MI,Gogebic,7,Nonmetro,"Nonmetro - Urban population of 5,000 to 20,000, not adjacent to a metro area",6,1,0,26.7261,1,9.5558,2245,4762,9557.27,2228.25,3278.35,0.233147,0.343022,612.47,0.1471,NULL,NULL,NULL,NULL,NULL,NULL,NULL,NULL,NULL,NULL,NULL,NULL,NULL,NULL,NULL
26055,2023,MI,Grand Traverse,3,Metro,"Metro - Counties in metro areas of fewer than 250,000 population",40,2,0,47.3373,4,17.1182,8450,25599,9644.21,2281.09,2221.81,0.236524,0.230378,467.46,0.1735,NULL,NULL,NULL,NULL,NULL,NULL,NULL,NULL,NULL,NULL,NULL,NULL,NULL,NULL,NULL
26057,2023,MI,Gratiot,6,Nonmetro,"Nonmetro - Urban population of 5,000 to 20,000, adjacent to a metro area",14,1,0,41.7288,2,19.2527,3355,9424,11793.28,2525.31,3275.44,0.214131,0.277738,675.11,0.1587,NULL,NULL,NULL,NULL,NULL,NULL,NULL,NULL,NULL,NULL,NULL,NULL,NULL,NULL,NULL
26059,2023,MI,Hillsdale,6,Nonmetro,"Nonmetro - Urban population of 5,000 to 20,000, adjacent to a metro area",11,0,0,25.4394,1,10.4828,4324,11872,10458.23,2575.05,3031.47,0.246222,0.289865,615.86,0.1671,NULL,NULL,NULL,NULL,NULL,NULL,NULL,NULL,NULL,NULL,NULL,NULL,NULL,NULL,NULL
26061,2023,MI,Houghton,5,Nonmetro,"Nonmetro - Urban population of 20,000 or more, not adjacent to a metro area",12,0,0,34.6320,0,7.1091,3465,8188,8540.74,2006.74,2885.01,0.234961,0.337794,579.51,0.1638,NULL,NULL,NULL,NULL,NULL,NULL,NULL,NULL,NULL,NULL,NULL,NULL,NULL,NULL,NULL
26063,2023,MI,Huron,9,Nonmetro,"Nonmetro - Urban population of fewer than 5,000, not adjacent to a metro area",15,0,0,31.3939,2,10.8503,4778,10335,13027.46,2886.62,3740.84,0.221580,0.287150,698.20,0.1653,NULL,NULL,NULL,NULL,NULL,NULL,NULL,NULL,NULL,NULL,NULL,NULL,NULL,NULL,NULL
26065,2023,MI,Ingham,2,Metro,"Metro - Counties in metro areas of 250,000 to 1 million population",82,1,0,54.1719,6,28.7223,15137,53194,11909.45,3034.49,2665.78,0.254797,0.223837,695.98,0.1808,NULL,NULL,NULL,NULL,NULL,NULL,NULL,NULL,NULL,NULL,NULL,NULL,NULL,NULL,NULL
26067,2023,MI,Ionia,1,Metro,Metro - Counties in metro areas of 1 million population or more,13,0,0,38.7366,0,17.8127,3356,13229,10839.77,2596.70,2827.02,0.239553,0.260801,700.24,0.1602,NULL,NULL,NULL,NULL,NULL,NULL,NULL,NULL,NULL,NULL,NULL,NULL,NULL,NULL,NULL
26069,2023,MI,Iosco,7,Nonmetro,"Nonmetro - Urban population of 5,000 to 20,000, not adjacent to a metro area",8,0,0,20.7415,0,6.0949,3857,9753,11551.42,2393.93,2410.93,0.207241,0.208713,686.28,0.1629,NULL,NULL,NULL,NULL,NULL,NULL,NULL,NULL,NULL,NULL,NULL,NULL,NULL,NULL,NULL
26071,2023,MI,Iron,9,Nonmetro,"Nonmetro - Urban population of fewer than 5,000, not adjacent to a metro area",5,0,0,27.7162,1,12.2063,1804,4295,9014.92,2069.17,2940.03,0.229527,0.326129,619.73,0.1304,NULL,NULL,NULL,NULL,NULL,NULL,NULL,NULL,NULL,NULL,NULL,NULL,NULL,NULL,NULL
26073,2023,MI,Isabella,4,Nonmetro,"Nonmetro - Urban population of 20,000 or more, adjacent to a metro area",22,1,0,46.6794,1,15.8650,4713,12515,10653.98,2751.94,2549.96,0.258302,0.239343,786.76,0.1654,NULL,NULL,NULL,NULL,NULL,NULL,NULL,NULL,NULL,NULL,NULL,NULL,NULL,NULL,NULL
26075,2023,MI,Jackson,3,Metro,"Metro - Counties in metro areas of fewer than 250,000 population",39,2,0,25.7817,5,10.3922,15127,38515,10834.91,3055.64,2932.02,0.282018,0.270609,644.81,0.1803,NULL,NULL,NULL,NULL,NULL,NULL,NULL,NULL,NULL,NULL,NULL,NULL,NULL,NULL,NULL
26077,2023,MI,Kalamazoo,2,Metro,"Metro - Counties in metro areas of 250,000 to 1 million population",78,0,0,48.6284,7,17.7535,16040,54615,10963.86,2503.72,2500.24,0.228361,0.228044,584.23,0.1577,NULL,NULL,NULL,NULL,NULL,NULL,NULL,NULL,NULL,NULL,NULL,NULL,NULL,NULL,NULL
26079,2023,MI,Kalkaska,3,Metro,"Metro - Counties in metro areas of fewer than 250,000 population",5,0,0,26.4271,0,9.1976,1892,5282,10300.14,2570.77,3203.77,0.249586,0.311041,720.93,0.1671,NULL,NULL,NULL,NULL,NULL,NULL,NULL,NULL,NULL,NULL,NULL,NULL,NULL,NULL,NULL
26081,2023,MI,Kent,1,Metro,Metro - Counties in metro areas of 1 million population or more,157,1,0,56.3229,11,19.7259,27875,122709,10843.91,2666.89,2149.51,0.245934,0.198223,677.45,0.1637,NULL,NULL,NULL,NULL,NULL,NULL,NULL,NULL,NULL,NULL,NULL,NULL,NULL,NULL,NULL
26083,2023,MI,Keweenaw,9,Nonmetro,"Nonmetro - Urban population of fewer than 5,000, not adjacent to a metro area",NULL,NULL,NULL,NULL,NULL,NULL,423,859,9079.39,1817.95,3152.22,0.200228,0.347184,543.74,0.2714,NULL,NULL,NULL,NULL,NULL,NULL,NULL,NULL,NULL,NULL,NULL,NULL,NULL,NULL,NULL
26085,2023,MI,Lake,9,Nonmetro,"Nonmetro - Urban population of fewer than 5,000, not adjacent to a metro area",3,0,0,22.7273,0,9.9341,1320,4401,10529.46,3029.61,2521.07,0.287727,0.239430,799.24,0.1796,NULL,NULL,NULL,NULL,NULL,NULL,NULL,NULL,NULL,NULL,NULL,NULL,NULL,NULL,NULL
26087,2023,MI,Lapeer,1,Metro,Metro - Counties in metro areas of 1 million population or more,24,1,0,31.9276,2,9.7948,7517,22254,11432.26,2805.43,2191.02,0.245396,0.191652,573.90,0.1736,NULL,NULL,NULL,NULL,NULL,NULL,NULL,NULL,NULL,NULL,NULL,NULL,NULL,NULL,NULL
26089,2023,MI,Leelanau,3,Metro,"Metro - Counties in metro areas of fewer than 250,000 population",3,0,0,9.6216,0,2.0877,3118,8382,9471.65,2265.68,2073.39,0.239206,0.218905,381.98,0.1618,NULL,NULL,NULL,NULL,NULL,NULL,NULL,NULL,NULL,NULL,NULL,NULL,NULL,NULL,NULL
26091,2023,MI,Lenawee,4,Nonmetro,"Nonmetro - Urban population of 20,000 or more, adjacent to a metro area",27,0,0,27.5454,5,10.5347,9802,25207,10829.67,2689.15,2906.34,0.248313,0.268368,627.01,0.1720,NULL,NULL,NULL,NULL,NULL,NULL,NULL,NULL,NULL,NULL,NULL,NULL,NULL,NULL,NULL
26093,2023,MI,Livingston,1,Metro,Metro - Counties in metro areas of 1 million population or more,42,1,0,23.8758,3,4.4244,17591,45131,11134.80,2718.95,2795.05,0.244185,0.251019,585.58,0.1805,NULL,NULL,NULL,NULL,NULL,NULL,NULL,NULL,NULL,NULL,NULL,NULL,NULL,NULL,NULL
26095,2023,MI,Luce,9,Nonmetro,"Nonmetro - Urban population of fewer than 5,000, not adjacent to a metro area",3,0,0,50.0000,0,21.6178,600,1775,11078.62,2492.19,3653.60,0.224955,0.329788,570.00,0.1927,NULL,NULL,NULL,NULL,NULL,NULL,NULL,NULL,NULL,NULL,NULL,NULL,NULL,NULL,NULL
26097,2023,MI,Mackinac,9,Nonmetro,"Nonmetro - Urban population of fewer than 5,000, not adjacent to a metro area",4,0,0,26.0756,0,8.4078,1534,3971,10073.47,2460.32,3541.57,0.244238,0.351574,705.35,0.1815,NULL,NULL,NULL,NULL,NULL,NULL,NULL,NULL,NULL,NULL,NULL,NULL,NULL,NULL,NULL
26099,2023,MI,Macomb,1,Metro,Metro - Counties in metro areas of 1 million population or more,414,8,0,58.9576,52,19.2777,70220,197295,13569.83,3496.13,2232.70,0.257640,0.164534,641.53,0.2034,NULL,NULL,NULL,NULL,NULL,NULL,NULL,NULL,NULL,NULL,NULL,NULL,NULL,NULL,NULL
26101,2023,MI,Manistee,6,Nonmetro,"Nonmetro - Urban population of 5,000 to 20,000, adjacent to a metro area",8,0,0,25.3485,1,10.3464,3156,8537,9898.95,2410.79,2682.67,0.243540,0.271006,696.13,0.1388,NULL,NULL,NULL,NULL,NULL,NULL,NULL,NULL,NULL,NULL,NULL,NULL,NULL,NULL,NULL
26103,2023,MI,Marquette,5,Nonmetro,"Nonmetro - Urban population of 20,000 or more, not adjacent to a metro area",30,1,0,48.3247,1,18.4124,6208,16909,9382.76,2439.67,2436.96,0.260016,0.259727,562.50,0.1470,NULL,NULL,NULL,NULL,NULL,NULL,NULL,NULL,NULL,NULL,NULL,NULL,NULL,NULL,NULL
26105,2023,MI,Mason,7,Nonmetro,"Nonmetro - Urban population of 5,000 to 20,000, not adjacent to a metro area",5,0,0,16.2920,0,6.0018,3069,9349,10803.74,2877.00,2650.62,0.266297,0.245343,778.10,0.1720,NULL,NULL,NULL,NULL,NULL,NULL,NULL,NULL,NULL,NULL,NULL,NULL,NULL,NULL,NULL
26107,2023,MI,Mecosta,6,Nonmetro,"Nonmetro - Urban population of 5,000 to 20,000, adjacent to a metro area",11,0,0,31.8564,1,12.3175,3453,10715,9762.90,2341.86,2466.86,0.239873,0.252677,692.73,0.1682,NULL,NULL,NULL,NULL,NULL,NULL,NULL,NULL,NULL,NULL,NULL,NULL,NULL,NULL,NULL
26109,2023,MI,Menominee,7,Nonmetro,"Nonmetro - Urban population of 5,000 to 20,000, not adjacent to a metro area",4,0,0,13.1579,0,2.6122,3040,7128,9078.88,2037.67,2782.48,0.224441,0.306478,499.67,0.1593,NULL,NULL,NULL,NULL,NULL,NULL,NULL,NULL,NULL,NULL,NULL,NULL,NULL,NULL,NULL
26111,2023,MI,Midland,3,Metro,"Metro - Counties in metro areas of fewer than 250,000 population",23,0,0,33.8584,2,13.1504,6793,20701,10680.69,2588.95,3185.95,0.242395,0.298291,651.55,0.1675,NULL,NULL,NULL,NULL,NULL,NULL,NULL,NULL,NULL,NULL,NULL,NULL,NULL,NULL,NULL
26113,2023,MI,Missaukee,8,Nonmetro,"Nonmetro - Urban population of fewer than 5,000, adjacent to a metro area",6,0,0,38.9358,0,13.2068,1541,4304,9293.61,2156.01,2300.68,0.231988,0.247555,576.25,0.1261,NULL,NULL,NULL,NULL,NULL,NULL,NULL,NULL,NULL,NULL,NULL,NULL,NULL,NULL,NULL
26115,2023,MI,Monroe,3,Metro,"Metro - Counties in metro areas of fewer than 250,000 population",47,0,0,33.6026,3,8.9693,13987,37987,12168.15,3235.44,2504.78,0.265894,0.205847,665.26,0.1954,NULL,NULL,NULL,NULL,NULL,NULL,NULL,NULL,NULL,NULL,NULL,NULL,NULL,NULL,NULL
26117,2023,MI,Montcalm,1,Metro,Metro - Counties in metro areas of 1 million population or more,15,0,0,31.4070,1,13.3191,4776,16071,10583.12,2783.15,2479.34,0.262980,0.234273,752.30,0.1681,NULL,NULL,NULL,NULL,NULL,NULL,NULL,NULL,NULL,NULL,NULL,NULL,NULL,NULL,NULL
26119,2023,MI,Montmorency,9,Nonmetro,"Nonmetro - Urban population of fewer than 5,000, not adjacent to a metro area",4,1,0,23.1750,1,10.4199,1726,4264,9677.38,2424.87,2432.61,0.250571,0.251371,531.87,0.2361,NULL,NULL,NULL,NULL,NULL,NULL,NULL,NULL,NULL,NULL,NULL,NULL,NULL,NULL,NULL
26121,2023,MI,Muskegon,3,Metro,"Metro - Counties in metro areas of fewer than 250,000 population",52,1,0,48.9734,3,20.9076,10618,43167,11450.63,3235.35,2141.63,0.282548,0.187032,702.39,0.1608,NULL,NULL,NULL,NULL,NULL,NULL,NULL,NULL,NULL,NULL,NULL,NULL,NULL,NULL,NULL
26123,2023,MI,Newaygo,6,Nonmetro,"Nonmetro - Urban population of 5,000 to 20,000, adjacent to a metro area",13,0,0,43.8301,0,18.1435,2966,13477,10377.06,2779.78,2471.57,0.267877,0.238176,689.82,0.1550,NULL,NULL,NULL,NULL,NULL,NULL,NULL,NULL,NULL,NULL,NULL,NULL,NULL,NULL,NULL
26125,2023,MI,Oakland,1,Metro,Metro - Counties in metro areas of 1 million population or more,615,13,0,58.1263,62,15.7923,105804,274261,12910.84,3224.95,2166.07,0.249786,0.167771,582.26,0.1961,NULL,NULL,NULL,NULL,NULL,NULL,NULL,NULL,NULL,NULL,NULL,NULL,NULL,NULL,NULL
26127,2023,MI,Oceana,8,Nonmetro,"Nonmetro - Urban population of fewer than 5,000, adjacent to a metro area",6,0,0,24.2915,0,8.0533,2470,7647,10358.89,2675.13,2408.81,0.258245,0.232536,700.00,0.1465,NULL,NULL,NULL,NULL,NULL,NULL,NULL,NULL,NULL,NULL,NULL,NULL,NULL,NULL,NULL
26129,2023,MI,Ogemaw,9,Nonmetro,"Nonmetro - Urban population of fewer than 5,000, not adjacent to a metro area",13,0,0,42.2902,5,23.9036,3074,7480,11051.27,2678.94,2553.85,0.242410,0.231091,690.96,0.1630,NULL,NULL,NULL,NULL,NULL,NULL,NULL,NULL,NULL,NULL,NULL,NULL,NULL,NULL,NULL
26131,2023,MI,Ontonagon,9,Nonmetro,"Nonmetro - Urban population of fewer than 5,000, not adjacent to a metro area",2,1,0,15.4560,1,9.2679,1294,2555,7965.03,1401.94,2987.56,0.176012,0.375085,595.05,0.1915,NULL,NULL,NULL,NULL,NULL,NULL,NULL,NULL,NULL,NULL,NULL,NULL,NULL,NULL,NULL
26133,2023,MI,Osceola,9,Nonmetro,"Nonmetro - Urban population of fewer than 5,000, not adjacent to a metro area",8,0,0,35.1648,1,15.3572,2275,6709,10166.04,2556.06,3181.32,0.251431,0.312936,696.26,0.1503,NULL,NULL,NULL,NULL,NULL,NULL,NULL,NULL,NULL,NULL,NULL,NULL,NULL,NULL,NULL
26135,2023,MI,Oscoda,9,Nonmetro,"Nonmetro - Urban population of fewer than 5,000, not adjacent to a metro area",4,1,0,31.3725,2,20.3350,1275,3263,10121.93,2612.00,2456.13,0.258054,0.242654,644.71,0.1250,NULL,NULL,NULL,NULL,NULL,NULL,NULL,NULL,NULL,NULL,NULL,NULL,NULL,NULL,NULL
26137,2023,MI,Otsego,7,Nonmetro,"Nonmetro - Urban population of 5,000 to 20,000, not adjacent to a metro area",8,0,0,24.7601,0,5.4037,3231,7296,9376.93,2108.83,2544.86,0.224896,0.271396,597.65,0.1719,NULL,NULL,NULL,NULL,NULL,NULL,NULL,NULL,NULL,NULL,NULL,NULL,NULL,NULL,NULL
26139,2023,MI,Ottawa,1,Metro,Metro - Counties in metro areas of 1 million population or more,50,1,0,42.1159,3,13.2177,11872,60319,10649.88,2439.02,2294.91,0.229019,0.215487,618.26,0.1575,NULL,NULL,NULL,NULL,NULL,NULL,NULL,NULL,NULL,NULL,NULL,NULL,NULL,NULL,NULL
26141,2023,MI,Presque Isle,9,Nonmetro,"Nonmetro - Urban population of fewer than 5,000, not adjacent to a metro area",6,0,0,25.8509,0,5.9173,2321,5386,9923.77,2311.54,2763.41,0.232930,0.278464,485.57,0.1535,NULL,NULL,NULL,NULL,NULL,NULL,NULL,NULL,NULL,NULL,NULL,NULL,NULL,NULL,NULL
26143,2023,MI,Roscommon,7,Nonmetro,"Nonmetro - Urban population of 5,000 to 20,000, not adjacent to a metro area",11,0,0,29.2398,1,11.3827,3762,10361,10397.70,2623.47,2294.82,0.252313,0.220705,618.82,0.1560,NULL,NULL,NULL,NULL,NULL,NULL,NULL,NULL,NULL,NULL,NULL,NULL,NULL,NULL,NULL
26145,2023,MI,Saginaw,3,Metro,"Metro - Counties in metro areas of fewer than 250,000 population",73,0,0,50.4736,5,19.9680,14463,48927,12697.84,3264.31,2352.05,0.257076,0.185232,664.25,0.1976,NULL,NULL,NULL,NULL,NULL,NULL,NULL,NULL,NULL,NULL,NULL,NULL,NULL,NULL,NULL
26147,2023,MI,St. Clair,1,Metro,Metro - Counties in metro areas of 1 million population or more,44,0,0,29.7016,4,10.3030,14814,41747,12035.04,3231.89,2035.98,0.268540,0.169171,692.66,0.1852,NULL,NULL,NULL,NULL,NULL,NULL,NULL,NULL,NULL,NULL,NULL,NULL,NULL,NULL,NULL
26149,2023,MI,St. Joseph,4,Nonmetro,"Nonmetro - Urban population of 20,000 or more, adjacent to a metro area",21,0,0,36.2444,2,11.9880,5794,14268,10129.69,2508.63,2627.69,0.247651,0.259405,593.03,0.1645,NULL,NULL,NULL,NULL,NULL,NULL,NULL,NULL,NULL,NULL,NULL,NULL,NULL,NULL,NULL
26151,2023,MI,Sanilac,8,Nonmetro,"Nonmetro - Urban population of fewer than 5,000, adjacent to a metro area",13,0,0,26.6721,1,8.5726,4874,11697,12153.89,2829.66,2659.72,0.232819,0.218837,671.52,0.1872,NULL,NULL,NULL,NULL,NULL,NULL,NULL,NULL,NULL,NULL,NULL,NULL,NULL,NULL,NULL
26153,2023,MI,Schoolcraft,9,Nonmetro,"Nonmetro - Urban population of fewer than 5,000, not adjacent to a metro area",4,0,0,29.7841,0,5.4087,1343,2958,9784.88,1917.85,3998.13,0.196001,0.408603,521.97,0.0989,NULL,NULL,NULL,NULL,NULL,NULL,NULL,NULL,NULL,NULL,NULL,NULL,NULL,NULL,NULL
26155,2023,MI,Shiawassee,4,Nonmetro,"Nonmetro - Urban population of 20,000 or more, adjacent to a metro area",22,0,0,38.7734,3,17.2314,5674,17691,11125.23,2768.73,2946.31,0.248869,0.264831,624.43,0.1503,NULL,NULL,NULL,NULL,NULL,NULL,NULL,NULL,NULL,NULL,NULL,NULL,NULL,NULL,NULL
26157,2023,MI,Tuscola,6,Nonmetro,"Nonmetro - Urban population of 5,000 to 20,000, adjacent to a metro area",18,1,0,37.1978,4,19.2214,4839,14843,12850.13,3165.39,2899.81,0.246331,0.225664,668.94,0.2035,NULL,NULL,NULL,NULL,NULL,NULL,NULL,NULL,NULL,NULL,NULL,NULL,NULL,NULL,NULL
26159,2023,MI,Van Buren,6,Nonmetro,"Nonmetro - Urban population of 5,000 to 20,000, adjacent to a metro area",27,0,0,43.3596,3,16.5918,6227,19354,10514.49,2439.28,2642.42,0.231992,0.251312,665.81,0.1738,NULL,NULL,NULL,NULL,NULL,NULL,NULL,NULL,NULL,NULL,NULL,NULL,NULL,NULL,NULL
26161,2023,MI,Washtenaw,2,Metro,"Metro - Counties in metro areas of 250,000 to 1 million population",130,6,0,44.0305,20,11.2992,29525,68205,10402.40,2698.47,2880.95,0.259408,0.276951,566.16,0.1842,NULL,NULL,NULL,NULL,NULL,NULL,NULL,NULL,NULL,NULL,NULL,NULL,NULL,NULL,NULL
26163,2023,MI,Wayne,1,Metro,Metro - Counties in metro areas of 1 million population or more,1134,21,0,106.0934,140,42.3599,106887,355133,13237.34,3716.23,2275.45,0.280738,0.171896,733.45,0.2212,NULL,NULL,NULL,NULL,NULL,NULL,NULL,NULL,NULL,NULL,NULL,NULL,NULL,NULL,NULL
26165,2023,MI,Wexford,6,Nonmetro,"Nonmetro - Urban population of 5,000 to 20,000, adjacent to a metro area",13,0,0,38.9571,1,14.9667,3337,9249,9405.03,2297.16,2402.51,0.244248,0.255449,590.05,0.1385,NULL,NULL,NULL,NULL,NULL,NULL,NULL,NULL,NULL,NULL,NULL,NULL,NULL,NULL,NULL
27000,2023,MN,UNKNOWN,NULL,NULL,NULL,NULL,NULL,NULL,NULL,NULL,NULL,NULL,NULL,NULL,NULL,NULL,NULL,NULL,NULL,NULL,NULL,NULL,NULL,NULL,NULL,NULL,NULL,NULL,NULL,NULL,NULL,NULL,NULL,NULL,NULL
27001,2023,MN,Aitkin,8,Nonmetro,"Nonmetro - Urban population of fewer than 5,000, adjacent to a metro area",9,1,0,55.2147,2,20.6809,1630,6271,9915.57,2371.15,4133.76,0.239134,0.416896,585.89,0.1483,NULL,NULL,NULL,NULL,NULL,NULL,NULL,NULL,NULL,NULL,NULL,NULL,NULL,NULL,NULL
27003,2023,MN,Anoka,1,Metro,Metro - Counties in metro areas of 1 million population or more,74,2,0,41.0541,7,12.6595,18025,67205,11887.00,3418.66,1919.91,0.287597,0.161513,664.97,0.1729,NULL,NULL,NULL,NULL,NULL,NULL,NULL,NULL,NULL,NULL,NULL,NULL,NULL,NULL,NULL
27005,2023,MN,Becker,6,Nonmetro,"Nonmetro - Urban population of 5,000 to 20,000, adjacent to a metro area",11,0,0,28.3725,1,6.0361,3877,9509,11090.99,2905.63,3774.34,0.261981,0.340307,641.99,0.1675,NULL,NULL,NULL,NULL,NULL,NULL,NULL,NULL,NULL,NULL,NULL,NULL,NULL,NULL,NULL
27007,2023,MN,Beltrami,7,Nonmetro,"Nonmetro - Urban population of 5,000 to 20,000, not adjacent to a metro area",25,0,0,53.0110,2,12.8924,4716,10246,11602.05,3177.05,4622.31,0.273835,0.398405,715.86,0.1774,NULL,NULL,NULL,NULL,NULL,NULL,NULL,NULL,NULL,NULL,NULL,NULL,NULL,NULL,NULL
27009,2023,MN,Benton,3,Metro,"Metro - Counties in metro areas of fewer than 250,000 population",15,1,0,50.3694,2,16.8642,2978,8323,10693.90,2644.99,2737.48,0.247336,0.255985,701.14,0.1520,NULL,NULL,NULL,NULL,NULL,NULL,NULL,NULL,NULL,NULL,NULL,NULL,NULL,NULL,NULL
27011,2023,MN,Big Stone,9,Nonmetro,"Nonmetro - Urban population of fewer than 5,000, not adjacent to a metro area",5,0,0,61.5764,0,8.8338,812,1579,11686.70,2055.50,5380.00,0.175884,0.460352,544.34,0.1223,NULL,NULL,NULL,NULL,NULL,NULL,NULL,NULL,NULL,NULL,NULL,NULL,NULL,NULL,NULL
27013,2023,MN,Blue Earth,3,Metro,"Metro - Counties in metro areas of fewer than 250,000 population",22,0,0,34.0399,1,5.0983,6463,13183,11512.96,2996.51,2793.81,0.260273,0.242667,644.13,0.1431,NULL,NULL,NULL,NULL,NULL,NULL,NULL,NULL,NULL,NULL,NULL,NULL,NULL,NULL,NULL
27015,2023,MN,Brown,6,Nonmetro,"Nonmetro - Urban population of 5,000 to 20,000, adjacent to a metro area",9,1,0,24.8276,1,5.2005,3625,6903,11577.91,2614.60,3806.69,0.225827,0.328789,579.59,0.1345,NULL,NULL,NULL,NULL,NULL,NULL,NULL,NULL,NULL,NULL,NULL,NULL,NULL,NULL,NULL
27017,2023,MN,Carlton,2,Metro,"Metro - Counties in metro areas of 250,000 to 1 million population",8,0,0,31.9234,0,4.2800,2506,8817,11935.16,3500.80,4124.23,0.293318,0.345553,713.09,0.1777,NULL,NULL,NULL,NULL,NULL,NULL,NULL,NULL,NULL,NULL,NULL,NULL,NULL,NULL,NULL
27019,2023,MN,Carver,1,Metro,Metro - Counties in metro areas of 1 million population or more,26,0,0,46.8891,0,2.8362,5545,18403,11858.75,3153.09,2430.97,0.265887,0.204994,750.41,0.1746,NULL,NULL,NULL,NULL,NULL,NULL,NULL,NULL,NULL,NULL,NULL,NULL,NULL,NULL,NULL
27021,2023,MN,Cass,9,Nonmetro,"Nonmetro - Urban population of fewer than 5,000, not adjacent to a metro area",9,1,0,23.4619,2,8.8755,3836,9974,10528.63,2644.21,3821.19,0.251145,0.362933,572.73,0.1617,NULL,NULL,NULL,NULL,NULL,NULL,NULL,NULL,NULL,NULL,NULL,NULL,NULL,NULL,NULL
27023,2023,MN,Chippewa,7,Nonmetro,"Nonmetro - Urban population of 5,000 to 20,000, not adjacent to a metro area",4,0,0,24.9066,0,2.3077,1606,3066,11053.58,1993.89,5043.33,0.180384,0.456262,603.99,0.1479,NULL,NULL,NULL,NULL,NULL,NULL,NULL,NULL,NULL,NULL,NULL,NULL,NULL,NULL,NULL
27025,2023,MN,Chisago,1,Metro,Metro - Counties in metro areas of 1 million population or more,15,0,0,43.1406,2,14.1033,3477,12407,10851.39,2874.51,2541.71,0.264898,0.234229,742.59,0.1814,NULL,NULL,NULL,NULL,NULL,NULL,NULL,NULL,NULL,NULL,NULL,NULL,NULL,NULL,NULL
27027,2023,MN,Clay,3,Metro,"Metro - Counties in metro areas of fewer than 250,000 population",18,0,0,34.6220,2,8.4268,5199,11458,11487.87,2637.71,4024.81,0.229608,0.350353,602.04,0.1729,NULL,NULL,NULL,NULL,NULL,NULL,NULL,NULL,NULL,NULL,NULL,NULL,NULL,NULL,NULL
27029,2023,MN,Clearwater,8,Nonmetro,"Nonmetro - Urban population of fewer than 5,000, adjacent to a metro area",2,0,0,23.0681,0,5.7820,867,2239,11917.95,2399.93,5199.55,0.201371,0.436279,659.75,0.0811,NULL,NULL,NULL,NULL,NULL,NULL,NULL,NULL,NULL,NULL,NULL,NULL,NULL,NULL,NULL
27031,2023,MN,Cook,9,Nonmetro,"Nonmetro - Urban population of fewer than 5,000, not adjacent to a metro area",3,0,0,55.1471,1,23.0958,544,1923,10203.05,2434.49,3568.05,0.238604,0.349704,512.87,NULL,NULL,NULL,NULL,NULL,NULL,NULL,NULL,NULL,NULL,NULL,NULL,NULL,NULL,NULL,NULL
27033,2023,MN,Cottonwood,9,Nonmetro,"Nonmetro - Urban population of fewer than 5,000, not adjacent to a metro area",7,0,0,43.6954,0,4.7849,1602,3136,11126.16,2299.15,4215.67,0.206644,0.378897,660.42,0.1638,NULL,NULL,NULL,NULL,NULL,NULL,NULL,NULL,NULL,NULL,NULL,NULL,NULL,NULL,NULL
27035,2023,MN,Crow Wing,4,Nonmetro,"Nonmetro - Urban population of 20,000 or more, adjacent to a metro area",37,2,0,50.4431,5,16.0641,7335,20013,10862.84,2649.18,4066.22,0.243875,0.374324,640.35,0.1695,NULL,NULL,NULL,NULL,NULL,NULL,NULL,NULL,NULL,NULL,NULL,NULL,NULL,NULL,NULL
27037,2023,MN,Dakota,1,Metro,Metro - Counties in metro areas of 1 million population or more,100,4,0,39.7709,8,9.8434,25144,82612,11533.78,3097.04,2135.22,0.268519,0.185128,602.53,0.1805,NULL,NULL,NULL,NULL,NULL,NULL,NULL,NULL,NULL,NULL,NULL,NULL,NULL,NULL,NULL
27039,2023,MN,Dodge,3,Metro,"Metro - Counties in metro areas of fewer than 250,000 population",3,0,0,16.5837,0,1.7762,1809,4032,10461.58,3156.68,2515.15,0.301740,0.240418,638.47,0.2186,NULL,NULL,NULL,NULL,NULL,NULL,NULL,NULL,NULL,NULL,NULL,NULL,NULL,NULL,NULL
27041,2023,MN,Douglas,6,Nonmetro,"Nonmetro - Urban population of 5,000 to 20,000, adjacent to a metro area",12,0,0,24.5449,0,3.2796,4889,11828,10736.44,2342.14,3651.33,0.218149,0.340088,616.90,0.1203,NULL,NULL,NULL,NULL,NULL,NULL,NULL,NULL,NULL,NULL,NULL,NULL,NULL,NULL,NULL
27043,2023,MN,Faribault,8,Nonmetro,"Nonmetro - Urban population of fewer than 5,000, adjacent to a metro area",5,0,0,25.2016,0,2.8202,1984,4002,11086.97,3422.07,3470.89,0.308657,0.313060,664.82,0.1172,NULL,NULL,NULL,NULL,NULL,NULL,NULL,NULL,NULL,NULL,NULL,NULL,NULL,NULL,NULL
27045,2023,MN,Fillmore,3,Metro,"Metro - Counties in metro areas of fewer than 250,000 population",16,0,0,63.0666,4,22.9998,2537,5528,9207.32,2376.07,2824.03,0.258063,0.306716,595.19,0.1418,NULL,NULL,NULL,NULL,NULL,NULL,NULL,NULL,NULL,NULL,NULL,NULL,NULL,NULL,NULL
27047,2023,MN,Freeborn,7,Nonmetro,"Nonmetro - Urban population of 5,000 to 20,000, not adjacent to a metro area",7,0,0,21.6183,0,4.1314,3238,8401,11266.74,3200.32,3596.15,0.284050,0.319183,844.04,0.1582,NULL,NULL,NULL,NULL,NULL,NULL,NULL,NULL,NULL,NULL,NULL,NULL,NULL,NULL,NULL
27049,2023,MN,Goodhue,6,Nonmetro,"Nonmetro - Urban population of 5,000 to 20,000, adjacent to a metro area",18,0,0,56.9620,1,9.9747,3160,12104,10230.24,2448.78,3197.11,0.239367,0.312516,782.59,0.1544,NULL,NULL,NULL,NULL,NULL,NULL,NULL,NULL,NULL,NULL,NULL,NULL,NULL,NULL,NULL
27051,2023,MN,Grant,9,Nonmetro,"Nonmetro - Urban population of fewer than 5,000, not adjacent to a metro area",2,0,0,26.5252,0,4.7149,754,1699,11883.45,2463.45,4872.15,0.207301,0.409995,583.55,0.1130,NULL,NULL,NULL,NULL,NULL,NULL,NULL,NULL,NULL,NULL,NULL,NULL,NULL,NULL,NULL
27053,2023,MN,Hennepin,1,Metro,Metro - Counties in metro areas of 1 million population or more,309,12,0,45.6574,28,11.8118,67678,223960,11477.34,3244.21,1995.73,0.282662,0.173884,649.06,0.1846,NULL,NULL,NULL,NULL,NULL,NULL,NULL,NULL,NULL,NULL,NULL,NULL,NULL,NULL,NULL
27055,2023,MN,Houston,3,Metro,"Metro - Counties in metro areas of fewer than 250,000 population",11,1,0,50.8083,4,24.2024,2165,5172,9375.41,2192.69,3722.38,0.233877,0.397037,600.00,0.1401,NULL,NULL,NULL,NULL,NULL,NULL,NULL,NULL,NULL,NULL,NULL,NULL,NULL,NULL,NULL
27057,2023,MN,Hubbard,9,Nonmetro,"Nonmetro - Urban population of fewer than 5,000, not adjacent to a metro area",7,0,0,21.9161,0,3.1544,3194,6722,10726.35,2479.19,3540.40,0.231131,0.330066,622.42,0.1490,NULL,NULL,NULL,NULL,NULL,NULL,NULL,NULL,NULL,NULL,NULL,NULL,NULL,NULL,NULL
27059,2023,MN,Isanti,1,Metro,Metro - Counties in metro areas of 1 million population or more,7,1,0,25.5474,1,8.8854,2740,9025,10782.61,3160.68,2407.07,0.293128,0.223236,722.26,0.1573,NULL,NULL,NULL,NULL,NULL,NULL,NULL,NULL,NULL,NULL,NULL,NULL,NULL,NULL,NULL
27061,2023,MN,Itasca,6,Nonmetro,"Nonmetro - Urban population of 5,000 to 20,000, adjacent to a metro area",16,0,0,37.6471,0,5.8316,4250,13897,9636.91,2370.14,3409.03,0.245944,0.353747,714.12,0.1576,NULL,NULL,NULL,NULL,NULL,NULL,NULL,NULL,NULL,NULL,NULL,NULL,NULL,NULL,NULL
27063,2023,MN,Jackson,9,Nonmetro,"Nonmetro - Urban population of fewer than 5,000, not adjacent to a metro area",6,0,0,41.2088,0,5.7478,1456,2574,11209.60,2359.14,4033.02,0.210457,0.359783,643.54,0.1824,NULL,NULL,NULL,NULL,NULL,NULL,NULL,NULL,NULL,NULL,NULL,NULL,NULL,NULL,NULL
27065,2023,MN,Kanabec,8,Nonmetro,"Nonmetro - Urban population of fewer than 5,000, adjacent to a metro area",5,0,0,39.2773,0,7.3895,1273,4343,10230.26,2630.55,3891.93,0.257134,0.380433,857.82,0.1627,NULL,NULL,NULL,NULL,NULL,NULL,NULL,NULL,NULL,NULL,NULL,NULL,NULL,NULL,NULL
27067,2023,MN,Kandiyohi,4,Nonmetro,"Nonmetro - Urban population of 20,000 or more, adjacent to a metro area",12,0,0,27.4098,0,4.6739,4378,10773,10508.60,2673.51,2864.96,0.254412,0.272630,656.46,0.1653,NULL,NULL,NULL,NULL,NULL,NULL,NULL,NULL,NULL,NULL,NULL,NULL,NULL,NULL,NULL
27069,2023,MN,Kittson,9,Nonmetro,"Nonmetro - Urban population of fewer than 5,000, not adjacent to a metro area",3,0,0,43.1034,0,5.4150,696,1238,11117.11,1920.86,4689.13,0.172784,0.421794,518.68,0.1415,NULL,NULL,NULL,NULL,NULL,NULL,NULL,NULL,NULL,NULL,NULL,NULL,NULL,NULL,NULL
27071,2023,MN,Koochiching,7,Nonmetro,"Nonmetro - Urban population of 5,000 to 20,000, not adjacent to a metro area",5,0,0,37.9075,1,12.9387,1319,3968,9364.79,2191.88,3572.78,0.234055,0.381512,736.16,0.1525,NULL,NULL,NULL,NULL,NULL,NULL,NULL,NULL,NULL,NULL,NULL,NULL,NULL,NULL,NULL
27073,2023,MN,Lac qui Parle,9,Nonmetro,"Nonmetro - Urban population of fewer than 5,000, not adjacent to a metro area",3,0,0,30.6435,0,5.4968,979,1979,11657.60,2062.83,4748.08,0.176952,0.407295,498.47,0.1313,NULL,NULL,NULL,NULL,NULL,NULL,NULL,NULL,NULL,NULL,NULL,NULL,NULL,NULL,NULL
27075,2023,MN,Lake,8,Nonmetro,"Nonmetro - Urban population of fewer than 5,000, adjacent to a metro area",5,0,0,47.1698,0,8.0155,1060,3445,9651.22,2041.65,3743.09,0.211543,0.387836,816.98,0.1087,NULL,NULL,NULL,NULL,NULL,NULL,NULL,NULL,NULL,NULL,NULL,NULL,NULL,NULL,NULL
27077,2023,MN,Lake of the Woods,9,Nonmetro,"Nonmetro - Urban population of fewer than 5,000, not adjacent to a metro area",2,0,0,42.1053,0,11.7102,475,1265,11112.63,2228.68,4746.21,0.200554,0.427101,715.79,NULL,NULL,NULL,NULL,NULL,NULL,NULL,NULL,NULL,NULL,NULL,NULL,NULL,NULL,NULL,NULL
27079,2023,MN,Le Sueur,1,Metro,Metro - Counties in metro areas of 1 million population or more,5,0,0,31.9489,1,11.4256,1565,6401,11196.24,3085.67,3152.05,0.275599,0.281528,669.01,0.1623,NULL,NULL,NULL,NULL,NULL,NULL,NULL,NULL,NULL,NULL,NULL,NULL,NULL,NULL,NULL
27081,2023,MN,Lincoln,9,Nonmetro,"Nonmetro - Urban population of fewer than 5,000, not adjacent to a metro area",4,0,0,44.2478,0,5.6005,904,1613,10866.82,1797.31,4151.77,0.165394,0.382059,450.22,0.1136,NULL,NULL,NULL,NULL,NULL,NULL,NULL,NULL,NULL,NULL,NULL,NULL,NULL,NULL,NULL
27083,2023,MN,Lyon,7,Nonmetro,"Nonmetro - Urban population of 5,000 to 20,000, not adjacent to a metro area",9,0,0,28.9296,1,4.6798,3111,5425,11502.97,2216.08,4842.53,0.192653,0.420981,629.70,0.1161,NULL,NULL,NULL,NULL,NULL,NULL,NULL,NULL,NULL,NULL,NULL,NULL,NULL,NULL,NULL
27085,2023,MN,McLeod,4,Nonmetro,"Nonmetro - Urban population of 20,000 or more, adjacent to a metro area",11,0,0,55.4995,0,8.4709,1982,8685,12232.53,3131.34,3811.61,0.255985,0.311596,777.50,0.1987,NULL,NULL,NULL,NULL,NULL,NULL,NULL,NULL,NULL,NULL,NULL,NULL,NULL,NULL,NULL
27087,2023,MN,Mahnomen,8,Nonmetro,"Nonmetro - Urban population of fewer than 5,000, adjacent to a metro area",1,0,0,17.3611,0,3.3946,576,1252,13036.31,3593.87,4550.29,0.275682,0.349047,998.26,0.1908,NULL,NULL,NULL,NULL,NULL,NULL,NULL,NULL,NULL,NULL,NULL,NULL,NULL,NULL,NULL
27089,2023,MN,Marshall,8,Nonmetro,"Nonmetro - Urban population of fewer than 5,000, adjacent to a metro area",1,0,0,10.2881,0,2.3073,972,2337,12403.81,2662.78,4610.07,0.214674,0.371666,605.97,0.1243,NULL,NULL,NULL,NULL,NULL,NULL,NULL,NULL,NULL,NULL,NULL,NULL,NULL,NULL,NULL
27091,2023,MN,Martin,6,Nonmetro,"Nonmetro - Urban population of 5,000 to 20,000, adjacent to a metro area",8,0,0,26.0163,1,6.1412,3075,5810,10551.00,2650.70,3814.36,0.251227,0.361516,811.06,0.1569,NULL,NULL,NULL,NULL,NULL,NULL,NULL,NULL,NULL,NULL,NULL,NULL,NULL,NULL,NULL
27093,2023,MN,Meeker,6,Nonmetro,"Nonmetro - Urban population of 5,000 to 20,000, adjacent to a metro area",6,0,0,48.4653,0,6.7407,1238,5819,9966.59,2472.50,2630.81,0.248079,0.263963,573.51,0.1374,NULL,NULL,NULL,NULL,NULL,NULL,NULL,NULL,NULL,NULL,NULL,NULL,NULL,NULL,NULL
27095,2023,MN,Mille Lacs,1,Metro,Metro - Counties in metro areas of 1 million population or more,17,0,0,95.9910,2,22.0265,1771,6841,9691.16,2440.60,3068.51,0.251838,0.316630,899.49,0.1953,NULL,NULL,NULL,NULL,NULL,NULL,NULL,NULL,NULL,NULL,NULL,NULL,NULL,NULL,NULL
27097,2023,MN,Morrison,6,Nonmetro,"Nonmetro - Urban population of 5,000 to 20,000, adjacent to a metro area",10,0,0,31.3283,0,6.6064,3192,8944,10640.17,2551.82,3740.16,0.239829,0.351513,640.66,0.1345,NULL,NULL,NULL,NULL,NULL,NULL,NULL,NULL,NULL,NULL,NULL,NULL,NULL,NULL,NULL
27099,2023,MN,Mower,4,Nonmetro,"Nonmetro - Urban population of 20,000 or more, adjacent to a metro area",12,0,0,29.2042,1,7.8491,4109,9074,10889.68,3295.40,3263.43,0.302617,0.299681,868.82,0.2014,NULL,NULL,NULL,NULL,NULL,NULL,NULL,NULL,NULL,NULL,NULL,NULL,NULL,NULL,NULL
27101,2023,MN,Murray,9,Nonmetro,"Nonmetro - Urban population of fewer than 5,000, not adjacent to a metro area",6,0,0,39.3185,0,2.0514,1526,2490,11730.29,1835.90,5060.12,0.156509,0.431372,507.21,0.1345,NULL,NULL,NULL,NULL,NULL,NULL,NULL,NULL,NULL,NULL,NULL,NULL,NULL,NULL,NULL
27103,2023,MN,Nicollet,3,Metro,"Metro - Counties in metro areas of fewer than 250,000 population",5,0,0,15.0602,0,1.6266,3320,6920,10437.91,2557.75,2775.63,0.245044,0.265918,616.57,0.1700,NULL,NULL,NULL,NULL,NULL,NULL,NULL,NULL,NULL,NULL,NULL,NULL,NULL,NULL,NULL
27105,2023,MN,Nobles,7,Nonmetro,"Nonmetro - Urban population of 5,000 to 20,000, not adjacent to a metro area",13,1,0,55.9862,4,21.9983,2322,4229,11196.10,2658.60,3955.44,0.237458,0.353287,615.85,0.1656,NULL,NULL,NULL,NULL,NULL,NULL,NULL,NULL,NULL,NULL,NULL,NULL,NULL,NULL,NULL
27107,2023,MN,Norman,8,Nonmetro,"Nonmetro - Urban population of fewer than 5,000, adjacent to a metro area",4,0,0,44.1014,0,7.6383,907,1748,12840.30,3005.06,4760.28,0.234033,0.370730,671.44,0.1714,NULL,NULL,NULL,NULL,NULL,NULL,NULL,NULL,NULL,NULL,NULL,NULL,NULL,NULL,NULL
27109,2023,MN,Olmsted,3,Metro,"Metro - Counties in metro areas of fewer than 250,000 population",51,0,0,32.7532,3,4.5428,15571,31514,10789.70,3078.25,2671.27,0.285295,0.247576,608.57,0.1683,NULL,NULL,NULL,NULL,NULL,NULL,NULL,NULL,NULL,NULL,NULL,NULL,NULL,NULL,NULL
27111,2023,MN,Otter Tail,6,Nonmetro,"Nonmetro - Urban population of 5,000 to 20,000, adjacent to a metro area",20,2,0,27.4499,3,7.7649,7286,18078,10718.08,2245.10,4046.62,0.209468,0.377551,615.15,0.1432,NULL,NULL,NULL,NULL,NULL,NULL,NULL,NULL,NULL,NULL,NULL,NULL,NULL,NULL,NULL
27113,2023,MN,Pennington,6,Nonmetro,"Nonmetro - Urban population of 5,000 to 20,000, adjacent to a metro area",7,0,0,58.0431,1,16.5206,1206,3158,10331.98,2304.62,4432.23,0.223057,0.428982,688.23,0.1542,NULL,NULL,NULL,NULL,NULL,NULL,NULL,NULL,NULL,NULL,NULL,NULL,NULL,NULL,NULL
27115,2023,MN,Pine,8,Nonmetro,"Nonmetro - Urban population of fewer than 5,000, adjacent to a metro area",6,0,0,28.1294,0,5.1056,2133,8155,10283.68,2539.12,3761.44,0.246908,0.365768,710.27,0.1639,NULL,NULL,NULL,NULL,NULL,NULL,NULL,NULL,NULL,NULL,NULL,NULL,NULL,NULL,NULL
27117,2023,MN,Pipestone,8,Nonmetro,"Nonmetro - Urban population of fewer than 5,000, adjacent to a metro area",8,0,0,86.6739,1,26.3810,923,2360,13610.35,2946.47,5787.54,0.216487,0.425231,579.63,0.1734,NULL,NULL,NULL,NULL,NULL,NULL,NULL,NULL,NULL,NULL,NULL,NULL,NULL,NULL,NULL
27119,2023,MN,Polk,3,Metro,"Metro - Counties in metro areas of fewer than 250,000 population",14,0,0,38.1160,2,11.5791,3673,7230,12057.99,2518.33,4284.61,0.208852,0.355334,604.14,0.1335,NULL,NULL,NULL,NULL,NULL,NULL,NULL,NULL,NULL,NULL,NULL,NULL,NULL,NULL,NULL
27121,2023,MN,Pope,8,Nonmetro,"Nonmetro - Urban population of fewer than 5,000, adjacent to a metro area",3,0,0,17.0358,0,1.0614,1761,3369,11463.37,2835.76,3737.15,0.247376,0.326008,650.77,0.1397,NULL,NULL,NULL,NULL,NULL,NULL,NULL,NULL,NULL,NULL,NULL,NULL,NULL,NULL,NULL
27123,2023,MN,Ramsey,1,Metro,Metro - Counties in metro areas of 1 million population or more,134,6,0,46.8057,14,17.0814,28629,100198,11852.62,3258.61,2105.48,0.274927,0.177638,666.07,0.1820,NULL,NULL,NULL,NULL,NULL,NULL,NULL,NULL,NULL,NULL,NULL,NULL,NULL,NULL,NULL
27125,2023,MN,Red Lake,8,Nonmetro,"Nonmetro - Urban population of fewer than 5,000, adjacent to a metro area",1,0,0,30.5810,0,5.8896,327,1004,14340.02,2868.54,5545.44,0.200037,0.386711,535.17,NULL,NULL,NULL,NULL,NULL,NULL,NULL,NULL,NULL,NULL,NULL,NULL,NULL,NULL,NULL,NULL
27127,2023,MN,Redwood,9,Nonmetro,"Nonmetro - Urban population of fewer than 5,000, not adjacent to a metro area",5,0,0,26.1233,0,2.8567,1914,3841,11740.39,2287.72,4785.05,0.194859,0.407572,602.93,0.1519,NULL,NULL,NULL,NULL,NULL,NULL,NULL,NULL,NULL,NULL,NULL,NULL,NULL,NULL,NULL
27129,2023,MN,Renville,9,Nonmetro,"Nonmetro - Urban population of fewer than 5,000, not adjacent to a metro area",4,0,0,21.5633,0,3.6180,1855,3820,12490.83,2650.04,3965.58,0.212159,0.317479,655.53,0.1508,NULL,NULL,NULL,NULL,NULL,NULL,NULL,NULL,NULL,NULL,NULL,NULL,NULL,NULL,NULL
27131,2023,MN,Rice,4,Nonmetro,"Nonmetro - Urban population of 20,000 or more, adjacent to a metro area",16,1,0,48.7656,2,12.0298,3281,13189,10043.40,2873.29,2198.21,0.286087,0.218871,726.00,0.1594,NULL,NULL,NULL,NULL,NULL,NULL,NULL,NULL,NULL,NULL,NULL,NULL,NULL,NULL,NULL
27133,2023,MN,Rock,2,Metro,"Metro - Counties in metro areas of 250,000 to 1 million population",2,0,0,24.7525,0,4.8915,808,2359,12148.08,2879.42,4602.81,0.237027,0.378892,689.36,0.1796,NULL,NULL,NULL,NULL,NULL,NULL,NULL,NULL,NULL,NULL,NULL,NULL,NULL,NULL,NULL
27135,2023,MN,Roseau,9,Nonmetro,"Nonmetro - Urban population of fewer than 5,000, not adjacent to a metro area",7,0,0,46.2046,0,5.6953,1515,3638,11094.68,2251.93,4500.79,0.202974,0.405671,732.01,0.1179,NULL,NULL,NULL,NULL,NULL,NULL,NULL,NULL,NULL,NULL,NULL,NULL,NULL,NULL,NULL
27137,2023,MN,St. Louis,2,Metro,"Metro - Counties in metro areas of 250,000 to 1 million population",67,1,0,50.9816,5,14.7476,13142,51975,9766.72,2602.09,2985.89,0.266424,0.305721,723.63,0.1805,NULL,NULL,NULL,NULL,NULL,NULL,NULL,NULL,NULL,NULL,NULL,NULL,NULL,NULL,NULL
27139,2023,MN,Scott,1,Metro,Metro - Counties in metro areas of 1 million population or more,30,1,0,43.9496,4,11.7953,6826,22883,11620.77,3104.02,2252.71,0.267110,0.193852,688.54,0.1791,NULL,NULL,NULL,NULL,NULL,NULL,NULL,NULL,NULL,NULL,NULL,NULL,NULL,NULL,NULL
27141,2023,MN,Sherburne,1,Metro,Metro - Counties in metro areas of 1 million population or more,12,0,0,22.0629,1,4.8161,5439,16948,11115.69,3078.89,2274.90,0.276986,0.204657,735.61,0.1862,NULL,NULL,NULL,NULL,NULL,NULL,NULL,NULL,NULL,NULL,NULL,NULL,NULL,NULL,NULL
27143,2023,MN,Sibley,8,Nonmetro,"Nonmetro - Urban population of fewer than 5,000, adjacent to a metro area",3,0,0,35.2526,0,7.2414,851,3428,10611.82,2638.87,2929.50,0.248673,0.276060,779.08,0.1412,NULL,NULL,NULL,NULL,NULL,NULL,NULL,NULL,NULL,NULL,NULL,NULL,NULL,NULL,NULL
27145,2023,MN,Stearns,3,Metro,"Metro - Counties in metro areas of fewer than 250,000 population",45,1,0,36.9185,1,5.6663,12189,31865,10597.14,2791.42,2769.26,0.263413,0.261321,569.86,0.1848,NULL,NULL,NULL,NULL,NULL,NULL,NULL,NULL,NULL,NULL,NULL,NULL,NULL,NULL,NULL
27147,2023,MN,Steele,5,Nonmetro,"Nonmetro - Urban population of 20,000 or more, not adjacent to a metro area",10,0,0,26.8817,2,6.9515,3720,8645,10596.05,3065.89,2175.19,0.289343,0.205283,796.51,0.1564,NULL,NULL,NULL,NULL,NULL,NULL,NULL,NULL,NULL,NULL,NULL,NULL,NULL,NULL,NULL
27149,2023,MN,Stevens,7,Nonmetro,"Nonmetro - Urban population of 5,000 to 20,000, not adjacent to a metro area",3,0,0,32.8228,1,10.6989,914,1981,10349.86,2151.24,4469.41,0.207852,0.431833,550.33,0.1461,NULL,NULL,NULL,NULL,NULL,NULL,NULL,NULL,NULL,NULL,NULL,NULL,NULL,NULL,NULL
27151,2023,MN,Swift,9,Nonmetro,"Nonmetro - Urban population of fewer than 5,000, not adjacent to a metro area",6,0,0,47.3934,2,19.6926,1266,2509,12001.08,2711.36,4557.38,0.225926,0.379747,563.19,0.1429,NULL,NULL,NULL,NULL,NULL,NULL,NULL,NULL,NULL,NULL,NULL,NULL,NULL,NULL,NULL
27153,2023,MN,Todd,8,Nonmetro,"Nonmetro - Urban population of fewer than 5,000, adjacent to a metro area",10,2,0,47.5059,2,18.5099,2105,6281,12503.29,2678.29,4511.24,0.214207,0.360804,708.79,0.1108,NULL,NULL,NULL,NULL,NULL,NULL,NULL,NULL,NULL,NULL,NULL,NULL,NULL,NULL,NULL
27155,2023,MN,Traverse,9,Nonmetro,"Nonmetro - Urban population of fewer than 5,000, not adjacent to a metro area",4,0,0,102.5641,0,19.2308,390,1042,9513.55,1684.36,3817.03,0.177049,0.401220,533.33,NULL,NULL,NULL,NULL,NULL,NULL,NULL,NULL,NULL,NULL,NULL,NULL,NULL,NULL,NULL,NULL
27157,2023,MN,Wabasha,3,Metro,"Metro - Counties in metro areas of fewer than 250,000 population",9,0,0,34.5092,1,5.4500,2608,6236,11663.37,2704.66,3664.88,0.231894,0.314221,702.45,0.1404,NULL,NULL,NULL,NULL,NULL,NULL,NULL,NULL,NULL,NULL,NULL,NULL,NULL,NULL,NULL
27159,2023,MN,Wadena,9,Nonmetro,"Nonmetro - Urban population of fewer than 5,000, not adjacent to a metro area",11,1,0,67.0732,1,18.0296,1640,4041,12883.33,3194.19,4245.85,0.247932,0.329562,731.10,0.1524,NULL,NULL,NULL,NULL,NULL,NULL,NULL,NULL,NULL,NULL,NULL,NULL,NULL,NULL,NULL
27161,2023,MN,Waseca,6,Nonmetro,"Nonmetro - Urban population of 5,000 to 20,000, adjacent to a metro area",3,0,0,16.1031,1,6.7134,1863,4436,10327.41,2490.80,3018.32,0.241183,0.292263,786.90,0.1471,NULL,NULL,NULL,NULL,NULL,NULL,NULL,NULL,NULL,NULL,NULL,NULL,NULL,NULL,NULL
27163,2023,MN,Washington,1,Metro,Metro - Counties in metro areas of 1 million population or more,54,2,0,33.7331,5,8.9029,16008,54669,11369.72,2964.55,2413.21,0.260741,0.212249,610.94,0.1587,NULL,NULL,NULL,NULL,NULL,NULL,NULL,NULL,NULL,NULL,NULL,NULL,NULL,NULL,NULL
27165,2023,MN,Watonwan,8,Nonmetro,"Nonmetro - Urban population of fewer than 5,000, adjacent to a metro area",5,0,0,37.5375,0,5.5068,1332,2569,11313.97,2611.09,3765.37,0.230785,0.332807,691.44,0.1294,NULL,NULL,NULL,NULL,NULL,NULL,NULL,NULL,NULL,NULL,NULL,NULL,NULL,NULL,NULL
27167,2023,MN,Wilkin,8,Nonmetro,"Nonmetro - Urban population of fewer than 5,000, adjacent to a metro area",3,0,0,44.5765,0,9.6115,673,1583,12296.39,2730.03,3240.13,0.222019,0.263503,637.44,0.1504,NULL,NULL,NULL,NULL,NULL,NULL,NULL,NULL,NULL,NULL,NULL,NULL,NULL,NULL,NULL
27169,2023,MN,Winona,4,Nonmetro,"Nonmetro - Urban population of 20,000 or more, adjacent to a metro area",12,1,0,24.8653,2,7.2535,4826,11258,9570.37,2207.80,3544.26,0.230691,0.370337,603.40,0.1512,NULL,NULL,NULL,NULL,NULL,NULL,NULL,NULL,NULL,NULL,NULL,NULL,NULL,NULL,NULL
27171,2023,MN,Wright,1,Metro,Metro - Counties in metro areas of 1 million population or more,29,0,0,38.5998,2,9.1303,7513,24545,11060.20,2916.54,2338.99,0.263697,0.211478,607.48,0.1704,NULL,NULL,NULL,NULL,NULL,NULL,NULL,NULL,NULL,NULL,NULL,NULL,NULL,NULL,NULL
27173,2023,MN,Yellow Medicine,9,Nonmetro,"Nonmetro - Urban population of fewer than 5,000, not adjacent to a metro area",5,1,0,54.2888,1,16.4100,921,2539,9442.75,1710.86,3955.75,0.181182,0.418919,502.71,0.1760,NULL,NULL,NULL,NULL,NULL,NULL,NULL,NULL,NULL,NULL,NULL,NULL,NULL,NULL,NULL
28000,2023,MS,UNKNOWN,NULL,NULL,NULL,NULL,NULL,NULL,NULL,NULL,NULL,NULL,NULL,NULL,NULL,NULL,NULL,NULL,NULL,NULL,NULL,NULL,NULL,NULL,NULL,NULL,NULL,NULL,NULL,NULL,NULL,NULL,NULL,NULL,NULL
28001,2023,MS,Adams,7,Nonmetro,"Nonmetro - Urban population of 5,000 to 20,000, not adjacent to a metro area",11,0,0,26.8293,1,10.3981,4100,7831,13584.05,2625.97,1673.53,0.193313,0.123198,620.24,0.1856,NULL,NULL,NULL,NULL,NULL,NULL,NULL,NULL,NULL,NULL,NULL,NULL,NULL,NULL,NULL
28003,2023,MS,Alcorn,7,Nonmetro,"Nonmetro - Urban population of 5,000 to 20,000, not adjacent to a metro area",25,0,0,36.7377,1,7.3439,6805,9187,13406.89,3071.38,2209.57,0.229090,0.164809,664.07,0.1612,NULL,NULL,NULL,NULL,NULL,NULL,NULL,NULL,NULL,NULL,NULL,NULL,NULL,NULL,NULL
28005,2023,MS,Amite,8,Nonmetro,"Nonmetro - Urban population of fewer than 5,000, adjacent to a metro area",3,0,0,16.6205,0,4.7110,1805,3456,13533.17,2522.99,2389.11,0.186430,0.176537,665.93,0.2189,NULL,NULL,NULL,NULL,NULL,NULL,NULL,NULL,NULL,NULL,NULL,NULL,NULL,NULL,NULL
28007,2023,MS,Attala,6,Nonmetro,"Nonmetro - Urban population of 5,000 to 20,000, adjacent to a metro area",6,0,0,26.7857,0,7.1329,2240,4483,13318.00,2554.26,2170.68,0.191790,0.162988,722.32,0.1573,NULL,NULL,NULL,NULL,NULL,NULL,NULL,NULL,NULL,NULL,NULL,NULL,NULL,NULL,NULL
28009,2023,MS,Benton,1,Metro,Metro - Counties in metro areas of 1 million population or more,5,0,0,44.9236,1,18.5210,1113,2109,13025.94,3075.65,2082.57,0.236117,0.159879,690.93,0.1515,NULL,NULL,NULL,NULL,NULL,NULL,NULL,NULL,NULL,NULL,NULL,NULL,NULL,NULL,NULL
28011,2023,MS,Bolivar,7,Nonmetro,"Nonmetro - Urban population of 5,000 to 20,000, not adjacent to a metro area",13,0,0,37.1747,1,15.7001,3497,7449,15667.05,3614.80,2474.68,0.230726,0.157954,693.74,0.1912,NULL,NULL,NULL,NULL,NULL,NULL,NULL,NULL,NULL,NULL,NULL,NULL,NULL,NULL,NULL
28013,2023,MS,Calhoun,9,Nonmetro,"Nonmetro - Urban population of fewer than 5,000, not adjacent to a metro area",8,1,0,34.0570,1,11.4179,2349,3768,13223.11,2772.92,2858.48,0.209703,0.216173,631.76,0.1338,NULL,NULL,NULL,NULL,NULL,NULL,NULL,NULL,NULL,NULL,NULL,NULL,NULL,NULL,NULL
28015,2023,MS,Carroll,8,Nonmetro,"Nonmetro - Urban population of fewer than 5,000, adjacent to a metro area",1,0,0,5.8106,0,1.3323,1721,2798,13620.88,2521.32,2476.87,0.185107,0.181844,647.88,0.1136,NULL,NULL,NULL,NULL,NULL,NULL,NULL,NULL,NULL,NULL,NULL,NULL,NULL,NULL,NULL
28017,2023,MS,Chickasaw,9,Nonmetro,"Nonmetro - Urban population of fewer than 5,000, not adjacent to a metro area",12,0,0,54.1761,2,25.0640,2215,4398,12421.42,2735.59,2782.91,0.220232,0.224041,601.35,0.1527,NULL,NULL,NULL,NULL,NULL,NULL,NULL,NULL,NULL,NULL,NULL,NULL,NULL,NULL,NULL
28019,2023,MS,Choctaw,9,Nonmetro,"Nonmetro - Urban population of fewer than 5,000, not adjacent to a metro area",1,0,0,6.7797,0,1.5632,1475,2300,13715.73,2078.01,2869.63,0.151506,0.209222,701.69,0.1488,NULL,NULL,NULL,NULL,NULL,NULL,NULL,NULL,NULL,NULL,NULL,NULL,NULL,NULL,NULL
28021,2023,MS,Claiborne,8,Nonmetro,"Nonmetro - Urban population of fewer than 5,000, adjacent to a metro area",5,0,0,65.2742,0,26.3637,766,1989,16894.64,3153.39,1680.01,0.186650,0.099440,772.85,0.1776,NULL,NULL,NULL,NULL,NULL,NULL,NULL,NULL,NULL,NULL,NULL,NULL,NULL,NULL,NULL
28023,2023,MS,Clarke,9,Nonmetro,"Nonmetro - Urban population of fewer than 5,000, not adjacent to a metro area",5,0,0,21.7675,0,5.9897,2297,4395,16731.31,3430.64,2732.20,0.205043,0.163299,668.70,0.2049,NULL,NULL,NULL,NULL,NULL,NULL,NULL,NULL,NULL,NULL,NULL,NULL,NULL,NULL,NULL
28025,2023,MS,Clay,7,Nonmetro,"Nonmetro - Urban population of 5,000 to 20,000, not adjacent to a metro area",7,0,0,27.2480,0,8.9712,2569,4989,12265.47,2622.58,2737.94,0.213818,0.223223,760.22,0.1496,NULL,NULL,NULL,NULL,NULL,NULL,NULL,NULL,NULL,NULL,NULL,NULL,NULL,NULL,NULL
28027,2023,MS,Coahoma,6,Nonmetro,"Nonmetro - Urban population of 5,000 to 20,000, adjacent to a metro area",13,1,0,56.2527,2,28.8759,2311,5235,13141.48,2629.83,1816.67,0.200117,0.138239,743.83,0.1438,NULL,NULL,NULL,NULL,NULL,NULL,NULL,NULL,NULL,NULL,NULL,NULL,NULL,NULL,NULL
28029,2023,MS,Copiah,2,Metro,"Metro - Counties in metro areas of 250,000 to 1 million population",14,0,0,48.2426,2,16.7878,2902,6780,13438.61,2448.09,2215.40,0.182168,0.164853,706.06,0.1632,NULL,NULL,NULL,NULL,NULL,NULL,NULL,NULL,NULL,NULL,NULL,NULL,NULL,NULL,NULL
28031,2023,MS,Covington,8,Nonmetro,"Nonmetro - Urban population of fewer than 5,000, adjacent to a metro area",9,0,0,43.9453,2,20.5886,2048,4588,15768.43,3602.57,2164.34,0.228467,0.137258,745.61,0.1815,NULL,NULL,NULL,NULL,NULL,NULL,NULL,NULL,NULL,NULL,NULL,NULL,NULL,NULL,NULL
28033,2023,MS,DeSoto,1,Metro,Metro - Counties in metro areas of 1 million population or more,63,1,0,35.1425,4,6.5628,17927,32673,12709.11,3043.71,1785.93,0.239490,0.140524,552.41,0.1882,NULL,NULL,NULL,NULL,NULL,NULL,NULL,NULL,NULL,NULL,NULL,NULL,NULL,NULL,NULL
28035,2023,MS,Forrest,3,Metro,"Metro - Counties in metro areas of fewer than 250,000 population",23,0,0,32.6890,0,8.1949,7036,15156,14586.49,3533.64,1522.02,0.242254,0.104344,718.16,0.2056,NULL,NULL,NULL,NULL,NULL,NULL,NULL,NULL,NULL,NULL,NULL,NULL,NULL,NULL,NULL
28037,2023,MS,Franklin,9,Nonmetro,"Nonmetro - Urban population of fewer than 5,000, not adjacent to a metro area",6,0,0,47.3560,0,12.2477,1267,2074,15525.99,2413.20,2599.39,0.155430,0.167422,745.86,0.1406,NULL,NULL,NULL,NULL,NULL,NULL,NULL,NULL,NULL,NULL,NULL,NULL,NULL,NULL,NULL
28039,2023,MS,George,8,Nonmetro,"Nonmetro - Urban population of fewer than 5,000, adjacent to a metro area",10,0,0,38.3436,0,8.4929,2608,5506,10958.57,2505.84,2041.35,0.228665,0.186279,628.07,0.1170,NULL,NULL,NULL,NULL,NULL,NULL,NULL,NULL,NULL,NULL,NULL,NULL,NULL,NULL,NULL
28041,2023,MS,Greene,8,Nonmetro,"Nonmetro - Urban population of fewer than 5,000, adjacent to a metro area",3,0,0,23.7530,1,13.6774,1263,2588,13861.36,3204.27,2057.77,0.231166,0.148454,775.14,0.1889,NULL,NULL,NULL,NULL,NULL,NULL,NULL,NULL,NULL,NULL,NULL,NULL,NULL,NULL,NULL
28043,2023,MS,Grenada,7,Nonmetro,"Nonmetro - Urban population of 5,000 to 20,000, not adjacent to a metro area",15,0,0,45.3446,1,13.8414,3308,5813,15323.45,2661.67,2480.87,0.173699,0.161900,682.59,0.1616,NULL,NULL,NULL,NULL,NULL,NULL,NULL,NULL,NULL,NULL,NULL,NULL,NULL,NULL,NULL
28045,2023,MS,Hancock,2,Metro,"Metro - Counties in metro areas of 250,000 to 1 million population",14,0,0,29.6988,1,9.2360,4714,12090,12954.37,2802.74,3342.41,0.216355,0.258014,651.04,0.1879,NULL,NULL,NULL,NULL,NULL,NULL,NULL,NULL,NULL,NULL,NULL,NULL,NULL,NULL,NULL
28047,2023,MS,Harrison,2,Metro,"Metro - Counties in metro areas of 250,000 to 1 million population",89,2,0,41.4358,13,13.2469,21479,45689,12717.13,2764.35,3221.50,0.217372,0.253320,604.31,0.1801,NULL,NULL,NULL,NULL,NULL,NULL,NULL,NULL,NULL,NULL,NULL,NULL,NULL,NULL,NULL
28049,2023,MS,Hinds,2,Metro,"Metro - Counties in metro areas of 250,000 to 1 million population",82,3,0,44.1858,5,13.3920,18558,46149,13263.07,3132.64,1771.58,0.236193,0.133572,555.66,0.2013,NULL,NULL,NULL,NULL,NULL,NULL,NULL,NULL,NULL,NULL,NULL,NULL,NULL,NULL,NULL
28051,2023,MS,Holmes,2,Metro,"Metro - Counties in metro areas of 250,000 to 1 million population",10,0,0,62.8141,1,30.4865,1592,4222,18773.21,3814.23,2308.65,0.203174,0.122976,846.11,0.1719,NULL,NULL,NULL,NULL,NULL,NULL,NULL,NULL,NULL,NULL,NULL,NULL,NULL,NULL,NULL
28053,2023,MS,Humphreys,8,Nonmetro,"Nonmetro - Urban population of fewer than 5,000, adjacent to a metro area",2,0,0,23.7530,0,10.7067,842,2046,15319.13,2803.18,1877.60,0.182986,0.122566,691.21,0.1868,NULL,NULL,NULL,NULL,NULL,NULL,NULL,NULL,NULL,NULL,NULL,NULL,NULL,NULL,NULL
28055,2023,MS,Issaquena,9,Nonmetro,"Nonmetro - Urban population of fewer than 5,000, not adjacent to a metro area",NULL,NULL,NULL,NULL,NULL,NULL,135,252,9124.59,1988.76,1620.39,0.217956,0.177585,348.15,NULL,NULL,NULL,NULL,NULL,NULL,NULL,NULL,NULL,NULL,NULL,NULL,NULL,NULL,NULL,NULL
28057,2023,MS,Itawamba,9,Nonmetro,"Nonmetro - Urban population of fewer than 5,000, not adjacent to a metro area",9,0,0,23.0356,2,9.2371,3907,5739,12175.21,2698.45,2481.30,0.221635,0.203799,488.35,0.1400,NULL,NULL,NULL,NULL,NULL,NULL,NULL,NULL,NULL,NULL,NULL,NULL,NULL,NULL,NULL
28059,2023,MS,Jackson,2,Metro,"Metro - Counties in metro areas of 250,000 to 1 million population",56,0,0,38.1679,2,9.1075,14672,31535,11399.35,2689.93,2695.06,0.235972,0.236422,577.36,0.1806,NULL,NULL,NULL,NULL,NULL,NULL,NULL,NULL,NULL,NULL,NULL,NULL,NULL,NULL,NULL
28061,2023,MS,Jasper,8,Nonmetro,"Nonmetro - Urban population of fewer than 5,000, adjacent to a metro area",4,0,0,20.2532,0,6.4886,1975,4318,12400.81,2315.94,2596.77,0.186757,0.209403,581.27,0.1749,NULL,NULL,NULL,NULL,NULL,NULL,NULL,NULL,NULL,NULL,NULL,NULL,NULL,NULL,NULL
28063,2023,MS,Jefferson,9,Nonmetro,"Nonmetro - Urban population of fewer than 5,000, not adjacent to a metro area",0,0,0,0.0000,0,0.0000,749,1876,16950.64,3366.73,2435.72,0.198620,0.143695,886.52,0.1649,NULL,NULL,NULL,NULL,NULL,NULL,NULL,NULL,NULL,NULL,NULL,NULL,NULL,NULL,NULL
28065,2023,MS,Jefferson Davis,8,Nonmetro,"Nonmetro - Urban population of fewer than 5,000, adjacent to a metro area",3,0,0,20.2156,0,7.0635,1484,3157,16812.81,3234.25,1779.94,0.192368,0.105868,797.17,0.1858,NULL,NULL,NULL,NULL,NULL,NULL,NULL,NULL,NULL,NULL,NULL,NULL,NULL,NULL,NULL
28067,2023,MS,Jones,4,Nonmetro,"Nonmetro - Urban population of 20,000 or more, adjacent to a metro area",26,1,0,32.9114,4,12.0820,7900,15534,13445.04,3079.85,2414.61,0.229070,0.179591,709.24,0.1875,NULL,NULL,NULL,NULL,NULL,NULL,NULL,NULL,NULL,NULL,NULL,NULL,NULL,NULL,NULL
28069,2023,MS,Kemper,9,Nonmetro,"Nonmetro - Urban population of fewer than 5,000, not adjacent to a metro area",1,0,0,8.9847,0,2.7658,1113,2298,16775.73,3055.30,2963.14,0.182126,0.176633,769.99,0.1554,NULL,NULL,NULL,NULL,NULL,NULL,NULL,NULL,NULL,NULL,NULL,NULL,NULL,NULL,NULL
28071,2023,MS,Lafayette,4,Nonmetro,"Nonmetro - Urban population of 20,000 or more, adjacent to a metro area",22,1,0,31.9721,5,8.3970,6881,9714,12491.11,2618.46,2758.95,0.209626,0.220873,558.93,0.2020,NULL,NULL,NULL,NULL,NULL,NULL,NULL,NULL,NULL,NULL,NULL,NULL,NULL,NULL,NULL
28073,2023,MS,Lamar,3,Metro,"Metro - Counties in metro areas of fewer than 250,000 population",36,4,0,62.0690,5,17.6118,5800,10782,12688.49,2756.00,1582.41,0.217205,0.124712,529.48,0.1490,NULL,NULL,NULL,NULL,NULL,NULL,NULL,NULL,NULL,NULL,NULL,NULL,NULL,NULL,NULL
28075,2023,MS,Lauderdale,5,Nonmetro,"Nonmetro - Urban population of 20,000 or more, not adjacent to a metro area",38,1,0,41.7996,5,13.5534,9091,16326,14983.50,2916.26,2565.91,0.194631,0.171249,618.19,0.1794,NULL,NULL,NULL,NULL,NULL,NULL,NULL,NULL,NULL,NULL,NULL,NULL,NULL,NULL,NULL
28077,2023,MS,Lawrence,8,Nonmetro,"Nonmetro - Urban population of fewer than 5,000, adjacent to a metro area",2,0,0,11.3507,0,2.7300,1762,3243,17397.45,3086.69,3299.52,0.177422,0.189655,862.09,0.1546,NULL,NULL,NULL,NULL,NULL,NULL,NULL,NULL,NULL,NULL,NULL,NULL,NULL,NULL,NULL
28079,2023,MS,Leake,8,Nonmetro,"Nonmetro - Urban population of fewer than 5,000, adjacent to a metro area",8,0,0,33.1950,1,11.2858,2410,4788,15159.88,2758.15,2153.29,0.181937,0.142039,760.17,0.1590,NULL,NULL,NULL,NULL,NULL,NULL,NULL,NULL,NULL,NULL,NULL,NULL,NULL,NULL,NULL
28081,2023,MS,Lee,5,Nonmetro,"Nonmetro - Urban population of 20,000 or more, not adjacent to a metro area",48,2,0,41.2053,12,17.8651,11649,18893,12270.25,2674.57,2521.28,0.217972,0.205479,502.96,0.1616,NULL,NULL,NULL,NULL,NULL,NULL,NULL,NULL,NULL,NULL,NULL,NULL,NULL,NULL,NULL
28083,2023,MS,Leflore,6,Nonmetro,"Nonmetro - Urban population of 5,000 to 20,000, adjacent to a metro area",16,2,0,54.8885,2,25.6120,2915,6183,12485.62,2470.13,1882.69,0.197838,0.150789,652.83,0.1543,NULL,NULL,NULL,NULL,NULL,NULL,NULL,NULL,NULL,NULL,NULL,NULL,NULL,NULL,NULL
28085,2023,MS,Lincoln,6,Nonmetro,"Nonmetro - Urban population of 5,000 to 20,000, adjacent to a metro area",12,0,0,25.5537,2,8.4889,4696,8021,13998.99,2602.18,2942.78,0.185883,0.210214,723.38,0.1865,NULL,NULL,NULL,NULL,NULL,NULL,NULL,NULL,NULL,NULL,NULL,NULL,NULL,NULL,NULL
28087,2023,MS,Lowndes,5,Nonmetro,"Nonmetro - Urban population of 20,000 or more, not adjacent to a metro area",27,1,0,34.5445,2,9.0161,7816,12940,12627.25,2740.29,2787.59,0.217014,0.220760,857.34,0.1510,NULL,NULL,NULL,NULL,NULL,NULL,NULL,NULL,NULL,NULL,NULL,NULL,NULL,NULL,NULL
28089,2023,MS,Madison,2,Metro,"Metro - Counties in metro areas of 250,000 to 1 million population",66,3,0,52.1863,12,10.1106,12647,22158,12023.25,2344.37,1766.69,0.194986,0.146939,438.13,0.1669,NULL,NULL,NULL,NULL,NULL,NULL,NULL,NULL,NULL,NULL,NULL,NULL,NULL,NULL,NULL
28091,2023,MS,Marion,6,Nonmetro,"Nonmetro - Urban population of 5,000 to 20,000, adjacent to a metro area",8,0,0,27.8358,0,8.5447,2874,6129,15008.39,3645.51,1555.60,0.242898,0.103649,901.88,0.2373,NULL,NULL,NULL,NULL,NULL,NULL,NULL,NULL,NULL,NULL,NULL,NULL,NULL,NULL,NULL
28093,2023,MS,Marshall,1,Metro,Metro - Counties in metro areas of 1 million population or more,15,0,0,37.1287,1,11.0482,4040,8813,12608.02,3176.03,1938.59,0.251906,0.153758,648.51,0.1899,NULL,NULL,NULL,NULL,NULL,NULL,NULL,NULL,NULL,NULL,NULL,NULL,NULL,NULL,NULL
28095,2023,MS,Monroe,7,Nonmetro,"Nonmetro - Urban population of 5,000 to 20,000, not adjacent to a metro area",24,1,0,43.3135,3,15.8014,5541,9196,14112.46,2747.08,2870.31,0.194656,0.203388,681.65,0.1573,NULL,NULL,NULL,NULL,NULL,NULL,NULL,NULL,NULL,NULL,NULL,NULL,NULL,NULL,NULL
28097,2023,MS,Montgomery,9,Nonmetro,"Nonmetro - Urban population of fewer than 5,000, not adjacent to a metro area",8,0,0,47.9042,1,18.6522,1670,2850,16758.42,2954.04,2734.56,0.176272,0.163175,769.46,0.1702,NULL,NULL,NULL,NULL,NULL,NULL,NULL,NULL,NULL,NULL,NULL,NULL,NULL,NULL,NULL
28099,2023,MS,Neshoba,7,Nonmetro,"Nonmetro - Urban population of 5,000 to 20,000, not adjacent to a metro area",7,0,0,19.0996,0,4.3254,3665,6309,14932.44,2954.14,2772.45,0.197834,0.185666,702.05,0.1758,NULL,NULL,NULL,NULL,NULL,NULL,NULL,NULL,NULL,NULL,NULL,NULL,NULL,NULL,NULL
28101,2023,MS,Newton,8,Nonmetro,"Nonmetro - Urban population of fewer than 5,000, adjacent to a metro area",9,0,0,32.3160,1,10.8337,2785,4911,14931.14,2817.28,2597.86,0.188685,0.173989,612.57,0.1780,NULL,NULL,NULL,NULL,NULL,NULL,NULL,NULL,NULL,NULL,NULL,NULL,NULL,NULL,NULL
28103,2023,MS,Noxubee,9,Nonmetro,"Nonmetro - Urban population of fewer than 5,000, not adjacent to a metro area",6,0,0,47.7707,0,21.1277,1256,2689,13653.66,2372.11,3300.44,0.173734,0.241726,819.27,0.1831,NULL,NULL,NULL,NULL,NULL,NULL,NULL,NULL,NULL,NULL,NULL,NULL,NULL,NULL,NULL
28105,2023,MS,Oktibbeha,5,Nonmetro,"Nonmetro - Urban population of 20,000 or more, not adjacent to a metro area",21,0,0,44.0806,0,7.7547,4764,7830,12001.98,1904.96,3008.36,0.158720,0.250655,564.86,0.1396,NULL,NULL,NULL,NULL,NULL,NULL,NULL,NULL,NULL,NULL,NULL,NULL,NULL,NULL,NULL
28107,2023,MS,Panola,6,Nonmetro,"Nonmetro - Urban population of 5,000 to 20,000, adjacent to a metro area",19,0,0,46.6830,2,14.3759,4070,8215,13823.63,3077.13,2208.07,0.222599,0.159732,688.94,0.1906,NULL,NULL,NULL,NULL,NULL,NULL,NULL,NULL,NULL,NULL,NULL,NULL,NULL,NULL,NULL
28109,2023,MS,Pearl River,6,Nonmetro,"Nonmetro - Urban population of 5,000 to 20,000, adjacent to a metro area",19,0,0,30.7543,0,8.0352,6178,14168,13964.70,2900.17,2966.32,0.207679,0.212416,763.84,0.1680,NULL,NULL,NULL,NULL,NULL,NULL,NULL,NULL,NULL,NULL,NULL,NULL,NULL,NULL,NULL
28111,2023,MS,Perry,3,Metro,"Metro - Counties in metro areas of fewer than 250,000 population",4,0,0,27.5482,0,8.9781,1452,3009,15632.77,3315.51,1924.88,0.212087,0.123131,794.77,0.2155,NULL,NULL,NULL,NULL,NULL,NULL,NULL,NULL,NULL,NULL,NULL,NULL,NULL,NULL,NULL
28113,2023,MS,Pike,6,Nonmetro,"Nonmetro - Urban population of 5,000 to 20,000, adjacent to a metro area",22,0,0,50.4471,1,18.0697,4361,9469,15416.53,3175.92,2873.92,0.206007,0.186418,722.31,0.1781,NULL,NULL,NULL,NULL,NULL,NULL,NULL,NULL,NULL,NULL,NULL,NULL,NULL,NULL,NULL
28115,2023,MS,Pontotoc,9,Nonmetro,"Nonmetro - Urban population of fewer than 5,000, not adjacent to a metro area",6,0,0,13.7426,0,3.3422,4366,6975,13170.76,2743.73,2615.34,0.208320,0.198572,578.56,0.1604,NULL,NULL,NULL,NULL,NULL,NULL,NULL,NULL,NULL,NULL,NULL,NULL,NULL,NULL,NULL
28117,2023,MS,Prentiss,7,Nonmetro,"Nonmetro - Urban population of 5,000 to 20,000, not adjacent to a metro area",17,0,0,42.0272,1,12.5504,4045,5947,13342.59,3218.77,2736.25,0.241240,0.205076,667.99,0.1629,NULL,NULL,NULL,NULL,NULL,NULL,NULL,NULL,NULL,NULL,NULL,NULL,NULL,NULL,NULL
28119,2023,MS,Quitman,8,Nonmetro,"Nonmetro - Urban population of fewer than 5,000, adjacent to a metro area",5,0,0,73.5294,1,40.6347,680,1656,13186.90,2937.48,1744.60,0.222757,0.132298,682.35,0.1654,NULL,NULL,NULL,NULL,NULL,NULL,NULL,NULL,NULL,NULL,NULL,NULL,NULL,NULL,NULL
28121,2023,MS,Rankin,2,Metro,"Metro - Counties in metro areas of 250,000 to 1 million population",63,2,0,34.8992,5,5.0592,18052,30958,13317.12,2855.58,1810.65,0.214429,0.135964,508.25,0.1829,NULL,NULL,NULL,NULL,NULL,NULL,NULL,NULL,NULL,NULL,NULL,NULL,NULL,NULL,NULL
28123,2023,MS,Scott,2,Metro,"Metro - Counties in metro areas of 250,000 to 1 million population",7,2,0,25.9259,2,12.7715,2700,5862,16374.83,3082.84,2422.05,0.188267,0.147913,702.96,0.1687,NULL,NULL,NULL,NULL,NULL,NULL,NULL,NULL,NULL,NULL,NULL,NULL,NULL,NULL,NULL
28125,2023,MS,Sharkey,8,Nonmetro,"Nonmetro - Urban population of fewer than 5,000, adjacent to a metro area",4,0,0,80.8081,0,30.4936,495,1100,14309.42,3155.99,2527.28,0.220553,0.176617,721.21,0.1852,NULL,NULL,NULL,NULL,NULL,NULL,NULL,NULL,NULL,NULL,NULL,NULL,NULL,NULL,NULL
28127,2023,MS,Simpson,2,Metro,"Metro - Counties in metro areas of 250,000 to 1 million population",11,0,0,31.3748,1,8.8978,3506,6539,13974.42,2810.62,2460.73,0.201126,0.176088,699.37,0.1711,NULL,NULL,NULL,NULL,NULL,NULL,NULL,NULL,NULL,NULL,NULL,NULL,NULL,NULL,NULL
28129,2023,MS,Smith,8,Nonmetro,"Nonmetro - Urban population of fewer than 5,000, adjacent to a metro area",4,0,0,20.1511,0,4.4525,1985,3604,14827.66,2829.26,2385.27,0.190810,0.160866,565.74,0.1704,NULL,NULL,NULL,NULL,NULL,NULL,NULL,NULL,NULL,NULL,NULL,NULL,NULL,NULL,NULL
28131,2023,MS,Stone,2,Metro,"Metro - Counties in metro areas of 250,000 to 1 million population",6,0,0,30.7850,1,11.0456,1949,4408,13390.29,2710.98,2517.48,0.202459,0.188008,689.07,0.2098,NULL,NULL,NULL,NULL,NULL,NULL,NULL,NULL,NULL,NULL,NULL,NULL,NULL,NULL,NULL
28133,2023,MS,Sunflower,7,Nonmetro,"Nonmetro - Urban population of 5,000 to 20,000, not adjacent to a metro area",7,1,0,30.4216,1,16.3172,2301,5367,15477.79,3636.29,3102.57,0.234936,0.200453,639.72,0.1618,NULL,NULL,NULL,NULL,NULL,NULL,NULL,NULL,NULL,NULL,NULL,NULL,NULL,NULL,NULL
28135,2023,MS,Tallahatchie,9,Nonmetro,"Nonmetro - Urban population of fewer than 5,000, not adjacent to a metro area",8,0,0,57.5540,0,20.5854,1390,2962,18008.94,3348.94,3042.24,0.185960,0.168929,702.16,0.1785,NULL,NULL,NULL,NULL,NULL,NULL,NULL,NULL,NULL,NULL,NULL,NULL,NULL,NULL,NULL
28137,2023,MS,Tate,1,Metro,Metro - Counties in metro areas of 1 million population or more,10,0,0,29.7000,1,8.2867,3367,6401,12661.04,2967.10,1928.41,0.234349,0.152311,611.23,0.1854,NULL,NULL,NULL,NULL,NULL,NULL,NULL,NULL,NULL,NULL,NULL,NULL,NULL,NULL,NULL
28139,2023,MS,Tippah,8,Nonmetro,"Nonmetro - Urban population of fewer than 5,000, adjacent to a metro area",9,0,0,25.4453,1,8.8581,3537,5488,14404.25,3092.00,2674.94,0.214659,0.185705,759.68,0.1434,NULL,NULL,NULL,NULL,NULL,NULL,NULL,NULL,NULL,NULL,NULL,NULL,NULL,NULL,NULL
28141,2023,MS,Tishomingo,8,Nonmetro,"Nonmetro - Urban population of fewer than 5,000, adjacent to a metro area",9,0,0,23.1780,0,4.2147,3883,5362,12767.16,3019.44,2255.65,0.236501,0.176676,608.29,0.1654,NULL,NULL,NULL,NULL,NULL,NULL,NULL,NULL,NULL,NULL,NULL,NULL,NULL,NULL,NULL
28143,2023,MS,Tunica,1,Metro,Metro - Counties in metro areas of 1 million population or more,4,0,0,61.8238,0,28.1254,647,1961,16380.09,2725.89,1755.35,0.166415,0.107164,891.81,0.0764,NULL,NULL,NULL,NULL,NULL,NULL,NULL,NULL,NULL,NULL,NULL,NULL,NULL,NULL,NULL
28145,2023,MS,Union,7,Nonmetro,"Nonmetro - Urban population of 5,000 to 20,000, not adjacent to a metro area",14,0,0,32.7639,3,12.7530,4273,6548,12136.66,2599.89,2524.54,0.214218,0.208009,640.77,0.1655,NULL,NULL,NULL,NULL,NULL,NULL,NULL,NULL,NULL,NULL,NULL,NULL,NULL,NULL,NULL
28147,2023,MS,Walthall,9,Nonmetro,"Nonmetro - Urban population of fewer than 5,000, not adjacent to a metro area",4,0,0,21.8699,0,6.2082,1829,3616,15893.67,3307.86,2309.25,0.208124,0.145294,889.01,0.1978,NULL,NULL,NULL,NULL,NULL,NULL,NULL,NULL,NULL,NULL,NULL,NULL,NULL,NULL,NULL
28149,2023,MS,Warren,4,Nonmetro,"Nonmetro - Urban population of 20,000 or more, adjacent to a metro area",18,0,0,32.8287,0,7.5051,5483,10653,13301.33,2789.09,1586.04,0.209685,0.119239,542.95,0.1905,NULL,NULL,NULL,NULL,NULL,NULL,NULL,NULL,NULL,NULL,NULL,NULL,NULL,NULL,NULL
28151,2023,MS,Washington,5,Nonmetro,"Nonmetro - Urban population of 20,000 or more, not adjacent to a metro area",21,1,0,43.2366,1,15.9254,4857,10997,12960.03,2440.22,2235.22,0.188288,0.172470,597.90,0.1757,NULL,NULL,NULL,NULL,NULL,NULL,NULL,NULL,NULL,NULL,NULL,NULL,NULL,NULL,NULL
28153,2023,MS,Wayne,9,Nonmetro,"Nonmetro - Urban population of fewer than 5,000, not adjacent to a metro area",7,0,0,29.9529,0,8.5723,2337,4671,14888.72,2943.30,2801.77,0.197687,0.188181,759.09,0.2007,NULL,NULL,NULL,NULL,NULL,NULL,NULL,NULL,NULL,NULL,NULL,NULL,NULL,NULL,NULL
28155,2023,MS,Webster,9,Nonmetro,"Nonmetro - Urban population of fewer than 5,000, not adjacent to a metro area",4,0,0,22.7402,0,5.6022,1759,2777,13542.31,2722.12,2466.74,0.201009,0.182151,729.96,0.1565,NULL,NULL,NULL,NULL,NULL,NULL,NULL,NULL,NULL,NULL,NULL,NULL,NULL,NULL,NULL
28157,2023,MS,Wilkinson,8,Nonmetro,"Nonmetro - Urban population of fewer than 5,000, adjacent to a metro area",5,0,0,53.3618,2,34.0443,937,2094,15377.72,3198.13,2501.31,0.207972,0.162658,656.35,0.1500,NULL,NULL,NULL,NULL,NULL,NULL,NULL,NULL,NULL,NULL,NULL,NULL,NULL,NULL,NULL
28159,2023,MS,Winston,9,Nonmetro,"Nonmetro - Urban population of fewer than 5,000, not adjacent to a metro area",7,0,0,26.3455,0,7.3856,2657,4733,13419.84,2420.27,2748.36,0.180350,0.204798,749.72,0.1241,NULL,NULL,NULL,NULL,NULL,NULL,NULL,NULL,NULL,NULL,NULL,NULL,NULL,NULL,NULL
28161,2023,MS,Yalobusha,9,Nonmetro,"Nonmetro - Urban population of fewer than 5,000, not adjacent to a metro area",4,0,0,18.0505,0,4.5825,2216,3860,15360.39,3330.85,3178.14,0.216847,0.206905,588.00,0.2010,NULL,NULL,NULL,NULL,NULL,NULL,NULL,NULL,NULL,NULL,NULL,NULL,NULL,NULL,NULL
28163,2023,MS,Yazoo,2,Metro,"Metro - Counties in metro areas of 250,000 to 1 million population",8,0,0,31.3725,1,12.2677,2550,5268,14358.52,3001.90,2097.84,0.209068,0.146104,662.75,0.1902,NULL,NULL,NULL,NULL,NULL,NULL,NULL,NULL,NULL,NULL,NULL,NULL,NULL,NULL,NULL
29000,2023,MO,UNKNOWN,NULL,NULL,NULL,NULL,NULL,NULL,NULL,NULL,NULL,NULL,NULL,NULL,NULL,NULL,NULL,NULL,NULL,NULL,NULL,NULL,NULL,NULL,NULL,NULL,NULL,NULL,NULL,NULL,NULL,NULL,NULL,NULL,NULL
29001,2023,MO,Adair,7,Nonmetro,"Nonmetro - Urban population of 5,000 to 20,000, not adjacent to a metro area",12,0,0,35.2941,1,7.4530,3400,5130,11104.53,2606.54,2051.91,0.234728,0.184781,630.00,0.1700,NULL,NULL,NULL,NULL,NULL,NULL,NULL,NULL,NULL,NULL,NULL,NULL,NULL,NULL,NULL
29003,2023,MO,Andrew,3,Metro,"Metro - Counties in metro areas of fewer than 250,000 population",7,0,0,25.2161,1,5.8237,2776,4100,11380.52,2660.19,3259.09,0.233749,0.286374,474.06,0.1989,NULL,NULL,NULL,NULL,NULL,NULL,NULL,NULL,NULL,NULL,NULL,NULL,NULL,NULL,NULL
29005,2023,MO,Atchison,9,Nonmetro,"Nonmetro - Urban population of fewer than 5,000, not adjacent to a metro area",3,0,0,25.7954,0,2.9121,1163,1520,12742.12,2437.27,4783.28,0.191277,0.375391,654.34,0.1150,NULL,NULL,NULL,NULL,NULL,NULL,NULL,NULL,NULL,NULL,NULL,NULL,NULL,NULL,NULL
29007,2023,MO,Audrain,6,Nonmetro,"Nonmetro - Urban population of 5,000 to 20,000, adjacent to a metro area",12,2,0,36.9344,3,14.1841,3249,6039,11029.28,2824.56,2126.24,0.256096,0.192781,457.37,0.1581,NULL,NULL,NULL,NULL,NULL,NULL,NULL,NULL,NULL,NULL,NULL,NULL,NULL,NULL,NULL
29009,2023,MO,Barry,6,Nonmetro,"Nonmetro - Urban population of 5,000 to 20,000, adjacent to a metro area",11,0,0,32.1826,1,9.6347,3418,9412,10643.15,2509.18,2934.70,0.235755,0.275736,657.40,0.1635,NULL,NULL,NULL,NULL,NULL,NULL,NULL,NULL,NULL,NULL,NULL,NULL,NULL,NULL,NULL
29011,2023,MO,Barton,8,Nonmetro,"Nonmetro - Urban population of fewer than 5,000, adjacent to a metro area",4,0,0,26.6667,0,6.3001,1500,3012,13767.87,2927.46,4190.91,0.212630,0.304398,672.00,0.1296,NULL,NULL,NULL,NULL,NULL,NULL,NULL,NULL,NULL,NULL,NULL,NULL,NULL,NULL,NULL
29013,2023,MO,Bates,1,Metro,Metro - Counties in metro areas of 1 million population or more,9,0,0,51.7241,1,19.1110,1740,4081,13934.57,2800.02,3902.77,0.200941,0.280078,886.78,0.1654,NULL,NULL,NULL,NULL,NULL,NULL,NULL,NULL,NULL,NULL,NULL,NULL,NULL,NULL,NULL
29015,2023,MO,Benton,9,Nonmetro,"Nonmetro - Urban population of fewer than 5,000, not adjacent to a metro area",4,0,0,11.7130,0,2.7283,3415,7664,9963.48,2665.74,2906.70,0.267551,0.291735,485.21,0.1334,NULL,NULL,NULL,NULL,NULL,NULL,NULL,NULL,NULL,NULL,NULL,NULL,NULL,NULL,NULL
29017,2023,MO,Bollinger,3,Metro,"Metro - Counties in metro areas of fewer than 250,000 population",2,0,0,12.7714,0,3.1929,1566,2930,10224.88,2387.89,2613.00,0.233537,0.255553,522.35,0.2083,NULL,NULL,NULL,NULL,NULL,NULL,NULL,NULL,NULL,NULL,NULL,NULL,NULL,NULL,NULL
29019,2023,MO,Boone,3,Metro,"Metro - Counties in metro areas of fewer than 250,000 population",56,4,0,40.5797,12,12.3583,13800,31625,10404.91,2407.10,2560.47,0.231343,0.246083,524.86,0.1691,NULL,NULL,NULL,NULL,NULL,NULL,NULL,NULL,NULL,NULL,NULL,NULL,NULL,NULL,NULL
29021,2023,MO,Buchanan,3,Metro,"Metro - Counties in metro areas of fewer than 250,000 population",28,1,0,25.1166,1,4.9809,11148,19148,13293.79,3093.61,3622.36,0.232711,0.272485,600.65,0.1812,NULL,NULL,NULL,NULL,NULL,NULL,NULL,NULL,NULL,NULL,NULL,NULL,NULL,NULL,NULL
29023,2023,MO,Butler,5,Nonmetro,"Nonmetro - Urban population of 20,000 or more, not adjacent to a metro area",28,1,0,43.3907,2,12.1857,6453,11663,10745.22,2859.66,2367.24,0.266133,0.220306,648.69,0.1818,NULL,NULL,NULL,NULL,NULL,NULL,NULL,NULL,NULL,NULL,NULL,NULL,NULL,NULL,NULL
29025,2023,MO,Caldwell,1,Metro,Metro - Counties in metro areas of 1 million population or more,1,0,0,8.2576,0,1.3989,1211,2273,11203.22,2847.32,2995.05,0.254152,0.267338,610.24,0.1478,NULL,NULL,NULL,NULL,NULL,NULL,NULL,NULL,NULL,NULL,NULL,NULL,NULL,NULL,NULL
29027,2023,MO,Callaway,3,Metro,"Metro - Counties in metro areas of fewer than 250,000 population",9,1,0,21.7707,2,8.2074,4134,10168,9483.24,2542.71,2130.28,0.268127,0.224636,538.95,0.1831,NULL,NULL,NULL,NULL,NULL,NULL,NULL,NULL,NULL,NULL,NULL,NULL,NULL,NULL,NULL
29029,2023,MO,Camden,7,Nonmetro,"Nonmetro - Urban population of 5,000 to 20,000, not adjacent to a metro area",15,0,0,20.8972,0,4.7699,7178,14549,9831.65,2374.56,2972.11,0.241522,0.302300,555.45,0.1460,NULL,NULL,NULL,NULL,NULL,NULL,NULL,NULL,NULL,NULL,NULL,NULL,NULL,NULL,NULL
29031,2023,MO,Cape Girardeau,3,Metro,"Metro - Counties in metro areas of fewer than 250,000 population",34,0,0,30.6389,1,5.7426,11097,17898,10183.10,2185.57,2500.16,0.214627,0.245521,534.65,0.1326,NULL,NULL,NULL,NULL,NULL,NULL,NULL,NULL,NULL,NULL,NULL,NULL,NULL,NULL,NULL
29033,2023,MO,Carroll,8,Nonmetro,"Nonmetro - Urban population of fewer than 5,000, adjacent to a metro area",5,0,0,35.6379,0,7.1154,1403,2486,13476.09,2818.95,4349.39,0.209182,0.322749,704.21,0.1159,NULL,NULL,NULL,NULL,NULL,NULL,NULL,NULL,NULL,NULL,NULL,NULL,NULL,NULL,NULL
29035,2023,MO,Carter,9,Nonmetro,"Nonmetro - Urban population of fewer than 5,000, not adjacent to a metro area",1,0,0,12.0627,0,4.0755,829,1550,11274.69,2632.42,3082.02,0.233480,0.273357,563.33,0.1569,NULL,NULL,NULL,NULL,NULL,NULL,NULL,NULL,NULL,NULL,NULL,NULL,NULL,NULL,NULL
29037,2023,MO,Cass,1,Metro,Metro - Counties in metro areas of 1 million population or more,25,0,0,27.2064,1,4.5926,9189,24027,13438.79,3266.19,3261.64,0.243042,0.242703,656.98,0.1862,NULL,NULL,NULL,NULL,NULL,NULL,NULL,NULL,NULL,NULL,NULL,NULL,NULL,NULL,NULL
29039,2023,MO,Cedar,8,Nonmetro,"Nonmetro - Urban population of fewer than 5,000, adjacent to a metro area",5,0,0,30.0120,0,6.9173,1666,4296,11987.46,2193.29,3563.13,0.182965,0.297238,554.02,0.1660,NULL,NULL,NULL,NULL,NULL,NULL,NULL,NULL,NULL,NULL,NULL,NULL,NULL,NULL,NULL
29041,2023,MO,Chariton,8,Nonmetro,"Nonmetro - Urban population of fewer than 5,000, adjacent to a metro area",3,0,0,20.7326,1,8.6407,1447,2137,10835.29,2597.29,2532.98,0.239707,0.233771,526.61,0.1181,NULL,NULL,NULL,NULL,NULL,NULL,NULL,NULL,NULL,NULL,NULL,NULL,NULL,NULL,NULL
29043,2023,MO,Christian,2,Metro,"Metro - Counties in metro areas of 250,000 to 1 million population",39,0,0,56.4073,8,15.9373,6914,19446,11154.27,2461.28,3122.27,0.220658,0.279917,445.91,0.1578,NULL,NULL,NULL,NULL,NULL,NULL,NULL,NULL,NULL,NULL,NULL,NULL,NULL,NULL,NULL
29045,2023,MO,Clark,9,Nonmetro,"Nonmetro - Urban population of fewer than 5,000, not adjacent to a metro area",2,0,0,17.2563,0,2.4085,1159,1630,11164.69,2808.01,2437.79,0.251508,0.218348,553.93,0.1513,NULL,NULL,NULL,NULL,NULL,NULL,NULL,NULL,NULL,NULL,NULL,NULL,NULL,NULL,NULL
29047,2023,MO,Clay,1,Metro,Metro - Counties in metro areas of 1 million population or more,59,0,0,28.2459,7,6.9562,20888,47603,12389.73,2928.67,2756.06,0.236379,0.222447,591.73,0.1839,NULL,NULL,NULL,NULL,NULL,NULL,NULL,NULL,NULL,NULL,NULL,NULL,NULL,NULL,NULL
29049,2023,MO,Clinton,1,Metro,Metro - Counties in metro areas of 1 million population or more,5,0,0,19.1205,0,2.8339,2615,5181,12384.78,3179.04,2806.13,0.256689,0.226579,591.59,0.1672,NULL,NULL,NULL,NULL,NULL,NULL,NULL,NULL,NULL,NULL,NULL,NULL,NULL,NULL,NULL
29051,2023,MO,Cole,3,Metro,"Metro - Counties in metro areas of fewer than 250,000 population",24,1,0,36.4520,1,10.4310,6584,17039,10882.64,2593.18,2266.82,0.238286,0.208297,638.67,0.1497,NULL,NULL,NULL,NULL,NULL,NULL,NULL,NULL,NULL,NULL,NULL,NULL,NULL,NULL,NULL
29053,2023,MO,Cooper,3,Metro,"Metro - Counties in metro areas of fewer than 250,000 population",4,0,0,20.0200,1,7.6946,1998,4175,11593.56,3075.70,2440.19,0.265294,0.210478,544.54,0.1879,NULL,NULL,NULL,NULL,NULL,NULL,NULL,NULL,NULL,NULL,NULL,NULL,NULL,NULL,NULL
29055,2023,MO,Crawford,8,Nonmetro,"Nonmetro - Urban population of fewer than 5,000, adjacent to a metro area",7,0,0,32.6645,0,10.7690,2143,6327,11190.06,2858.94,2905.19,0.255489,0.259622,646.29,0.2189,NULL,NULL,NULL,NULL,NULL,NULL,NULL,NULL,NULL,NULL,NULL,NULL,NULL,NULL,NULL
29057,2023,MO,Dade,8,Nonmetro,"Nonmetro - Urban population of fewer than 5,000, adjacent to a metro area",4,0,0,51.4139,1,23.0585,778,2320,11345.02,2786.82,2911.12,0.245643,0.256599,449.87,0.1484,NULL,NULL,NULL,NULL,NULL,NULL,NULL,NULL,NULL,NULL,NULL,NULL,NULL,NULL,NULL
29059,2023,MO,Dallas,2,Metro,"Metro - Counties in metro areas of 250,000 to 1 million population",4,0,0,29.5858,0,8.4999,1352,4815,12827.52,3367.59,3057.76,0.262529,0.238375,569.53,0.1410,NULL,NULL,NULL,NULL,NULL,NULL,NULL,NULL,NULL,NULL,NULL,NULL,NULL,NULL,NULL
29061,2023,MO,Daviess,8,Nonmetro,"Nonmetro - Urban population of fewer than 5,000, adjacent to a metro area",4,0,0,32.0770,0,3.5667,1247,2031,11440.06,2535.80,3457.98,0.221660,0.302269,532.48,0.1260,NULL,NULL,NULL,NULL,NULL,NULL,NULL,NULL,NULL,NULL,NULL,NULL,NULL,NULL,NULL
29063,2023,MO,DeKalb,3,Metro,"Metro - Counties in metro areas of fewer than 250,000 population",1,0,0,7.2254,0,1.1721,1384,2350,11415.26,2658.50,3446.82,0.232890,0.301948,530.35,0.1918,NULL,NULL,NULL,NULL,NULL,NULL,NULL,NULL,NULL,NULL,NULL,NULL,NULL,NULL,NULL
29065,2023,MO,Dent,9,Nonmetro,"Nonmetro - Urban population of fewer than 5,000, not adjacent to a metro area",4,0,0,17.2936,0,4.5992,2313,4349,10984.76,2945.73,3122.00,0.268165,0.284212,613.49,0.1710,NULL,NULL,NULL,NULL,NULL,NULL,NULL,NULL,NULL,NULL,NULL,NULL,NULL,NULL,NULL
29067,2023,MO,Douglas,8,Nonmetro,"Nonmetro - Urban population of fewer than 5,000, adjacent to a metro area",6,0,0,91.4634,1,53.1786,656,2496,11035.47,3231.49,2523.60,0.292828,0.228681,532.01,0.1935,NULL,NULL,NULL,NULL,NULL,NULL,NULL,NULL,NULL,NULL,NULL,NULL,NULL,NULL,NULL
29069,2023,MO,Dunklin,7,Nonmetro,"Nonmetro - Urban population of 5,000 to 20,000, not adjacent to a metro area",17,0,0,44.6077,0,13.5348,3811,7235,13368.39,3408.49,2786.61,0.254966,0.208448,687.48,0.2144,NULL,NULL,NULL,NULL,NULL,NULL,NULL,NULL,NULL,NULL,NULL,NULL,NULL,NULL,NULL
29071,2023,MO,Franklin,1,Metro,Metro - Counties in metro areas of 1 million population or more,39,1,0,61.5142,3,19.3399,6340,26493,12427.70,3235.32,2923.92,0.260331,0.235274,695.74,0.2108,NULL,NULL,NULL,NULL,NULL,NULL,NULL,NULL,NULL,NULL,NULL,NULL,NULL,NULL,NULL
29073,2023,MO,Gasconade,8,Nonmetro,"Nonmetro - Urban population of fewer than 5,000, adjacent to a metro area",7,0,0,39.7727,0,8.5366,1760,4371,10000.13,2459.35,2543.00,0.245932,0.254297,525.00,0.1656,NULL,NULL,NULL,NULL,NULL,NULL,NULL,NULL,NULL,NULL,NULL,NULL,NULL,NULL,NULL
29075,2023,MO,Gentry,8,Nonmetro,"Nonmetro - Urban population of fewer than 5,000, adjacent to a metro area",6,0,0,52.6316,2,20.9107,1140,1608,12262.04,2172.57,4977.97,0.177179,0.405966,571.05,0.1496,NULL,NULL,NULL,NULL,NULL,NULL,NULL,NULL,NULL,NULL,NULL,NULL,NULL,NULL,NULL
29077,2023,MO,Greene,2,Metro,"Metro - Counties in metro areas of 250,000 to 1 million population",109,7,0,48.9228,14,14.3560,22280,64861,11453.21,2715.47,2970.50,0.237092,0.259360,503.55,0.1682,NULL,NULL,NULL,NULL,NULL,NULL,NULL,NULL,NULL,NULL,NULL,NULL,NULL,NULL,NULL
29079,2023,MO,Grundy,7,Nonmetro,"Nonmetro - Urban population of 5,000 to 20,000, not adjacent to a metro area",7,0,0,39.3258,0,6.9484,1780,2581,13635.43,2525.89,4352.33,0.185245,0.319193,682.58,0.1341,NULL,NULL,NULL,NULL,NULL,NULL,NULL,NULL,NULL,NULL,NULL,NULL,NULL,NULL,NULL
29081,2023,MO,Harrison,9,Nonmetro,"Nonmetro - Urban population of fewer than 5,000, not adjacent to a metro area",2,0,0,12.6263,0,1.6973,1584,2328,13293.31,2299.09,4931.57,0.172951,0.370981,597.22,0.1521,NULL,NULL,NULL,NULL,NULL,NULL,NULL,NULL,NULL,NULL,NULL,NULL,NULL,NULL,NULL
29083,2023,MO,Henry,6,Nonmetro,"Nonmetro - Urban population of 5,000 to 20,000, adjacent to a metro area",13,0,0,43.5949,1,12.6830,2982,6598,12994.65,3272.81,4095.36,0.251858,0.315157,608.99,0.1883,NULL,NULL,NULL,NULL,NULL,NULL,NULL,NULL,NULL,NULL,NULL,NULL,NULL,NULL,NULL
29085,2023,MO,Hickory,8,Nonmetro,"Nonmetro - Urban population of fewer than 5,000, adjacent to a metro area",1,0,0,10.1626,0,2.7607,984,2966,10251.25,2130.07,2955.99,0.207786,0.288354,465.45,0.1310,NULL,NULL,NULL,NULL,NULL,NULL,NULL,NULL,NULL,NULL,NULL,NULL,NULL,NULL,NULL
29087,2023,MO,Holt,8,Nonmetro,"Nonmetro - Urban population of fewer than 5,000, adjacent to a metro area",1,0,0,11.2740,0,1.4605,887,1262,10647.02,2128.53,3152.84,0.199918,0.296124,546.79,0.1447,NULL,NULL,NULL,NULL,NULL,NULL,NULL,NULL,NULL,NULL,NULL,NULL,NULL,NULL,NULL
29089,2023,MO,Howard,3,Metro,"Metro - Counties in metro areas of fewer than 250,000 population",3,0,0,25.2525,0,3.7317,1188,2413,10167.00,2589.71,2413.78,0.254717,0.237413,414.98,0.1745,NULL,NULL,NULL,NULL,NULL,NULL,NULL,NULL,NULL,NULL,NULL,NULL,NULL,NULL,NULL
29091,2023,MO,Howell,7,Nonmetro,"Nonmetro - Urban population of 5,000 to 20,000, not adjacent to a metro area",17,1,0,33.7101,5,16.2505,5043,11429,9956.93,2354.01,2715.18,0.236419,0.272692,625.02,0.1667,NULL,NULL,NULL,NULL,NULL,NULL,NULL,NULL,NULL,NULL,NULL,NULL,NULL,NULL,NULL
29093,2023,MO,Iron,9,Nonmetro,"Nonmetro - Urban population of fewer than 5,000, not adjacent to a metro area",6,0,0,38.2409,0,11.2017,1569,3048,10979.54,2506.85,2605.46,0.228320,0.237301,739.32,0.1976,NULL,NULL,NULL,NULL,NULL,NULL,NULL,NULL,NULL,NULL,NULL,NULL,NULL,NULL,NULL
29095,2023,MO,Jackson,1,Metro,Metro - Counties in metro areas of 1 million population or more,172,1,0,35.9389,15,9.7487,47859,136817,12765.64,3254.17,2617.02,0.254916,0.205005,682.53,0.1923,NULL,NULL,NULL,NULL,NULL,NULL,NULL,NULL,NULL,NULL,NULL,NULL,NULL,NULL,NULL
29097,2023,MO,Jasper,3,Metro,"Metro - Counties in metro areas of fewer than 250,000 population",50,1,0,42.5749,4,10.8639,11744,26150,12031.06,2861.18,3296.15,0.237816,0.273970,609.93,0.1911,NULL,NULL,NULL,NULL,NULL,NULL,NULL,NULL,NULL,NULL,NULL,NULL,NULL,NULL,NULL
29099,2023,MO,Jefferson,1,Metro,Metro - Counties in metro areas of 1 million population or more,39,0,0,26.9449,2,7.0031,14474,50068,12456.41,3267.88,2660.38,0.262345,0.213575,642.12,0.2081,NULL,NULL,NULL,NULL,NULL,NULL,NULL,NULL,NULL,NULL,NULL,NULL,NULL,NULL,NULL
29101,2023,MO,Johnson,4,Nonmetro,"Nonmetro - Urban population of 20,000 or more, adjacent to a metro area",12,1,0,25.4453,2,7.4240,4716,9399,12509.44,3062.71,3190.08,0.244832,0.255014,603.69,0.1706,NULL,NULL,NULL,NULL,NULL,NULL,NULL,NULL,NULL,NULL,NULL,NULL,NULL,NULL,NULL
29103,2023,MO,Knox,9,Nonmetro,"Nonmetro - Urban population of fewer than 5,000, not adjacent to a metro area",NULL,NULL,NULL,NULL,NULL,NULL,696,995,12463.64,3589.24,1989.99,0.287977,0.159664,566.09,0.2222,NULL,NULL,NULL,NULL,NULL,NULL,NULL,NULL,NULL,NULL,NULL,NULL,NULL,NULL,NULL
29105,2023,MO,Laclede,6,Nonmetro,"Nonmetro - Urban population of 5,000 to 20,000, adjacent to a metro area",12,1,0,46.5477,1,16.2112,2578,8997,10909.28,2943.93,3181.70,0.269856,0.291651,701.32,0.1745,NULL,NULL,NULL,NULL,NULL,NULL,NULL,NULL,NULL,NULL,NULL,NULL,NULL,NULL,NULL
29107,2023,MO,Lafayette,1,Metro,Metro - Counties in metro areas of 1 million population or more,12,0,0,33.9559,2,11.1665,3534,8047,12695.66,3210.64,2837.46,0.252893,0.223498,678.27,0.1873,NULL,NULL,NULL,NULL,NULL,NULL,NULL,NULL,NULL,NULL,NULL,NULL,NULL,NULL,NULL
29109,2023,MO,Lawrence,6,Nonmetro,"Nonmetro - Urban population of 5,000 to 20,000, adjacent to a metro area",13,0,0,46.0666,0,13.2217,2822,8917,11225.02,2590.11,2955.17,0.230744,0.263266,668.32,0.1652,NULL,NULL,NULL,NULL,NULL,NULL,NULL,NULL,NULL,NULL,NULL,NULL,NULL,NULL,NULL
29111,2023,MO,Lewis,9,Nonmetro,"Nonmetro - Urban population of fewer than 5,000, not adjacent to a metro area",1,0,0,6.4433,0,0.9518,1552,2442,11135.52,3222.20,1727.12,0.289362,0.155100,551.55,0.1893,NULL,NULL,NULL,NULL,NULL,NULL,NULL,NULL,NULL,NULL,NULL,NULL,NULL,NULL,NULL
29113,2023,MO,Lincoln,1,Metro,Metro - Counties in metro areas of 1 million population or more,10,1,0,24.6184,2,9.6735,4062,12284,12280.03,3302.51,2662.60,0.268933,0.216824,750.12,0.1802,NULL,NULL,NULL,NULL,NULL,NULL,NULL,NULL,NULL,NULL,NULL,NULL,NULL,NULL,NULL
29115,2023,MO,Linn,9,Nonmetro,"Nonmetro - Urban population of fewer than 5,000, not adjacent to a metro area",4,0,0,18.6829,1,6.9733,2141,3311,12656.58,2665.05,3032.49,0.210566,0.239598,613.26,0.1329,NULL,NULL,NULL,NULL,NULL,NULL,NULL,NULL,NULL,NULL,NULL,NULL,NULL,NULL,NULL
29117,2023,MO,Livingston,7,Nonmetro,"Nonmetro - Urban population of 5,000 to 20,000, not adjacent to a metro area",9,0,0,37.5156,1,8.0497,2399,3691,13482.59,2599.75,3957.08,0.192823,0.293496,699.46,0.1597,NULL,NULL,NULL,NULL,NULL,NULL,NULL,NULL,NULL,NULL,NULL,NULL,NULL,NULL,NULL
29119,2023,MO,McDonald,8,Nonmetro,"Nonmetro - Urban population of fewer than 5,000, adjacent to a metro area",4,0,0,23.1080,1,10.0018,1731,4858,11168.50,2454.02,2684.75,0.219727,0.240386,574.23,0.1733,NULL,NULL,NULL,NULL,NULL,NULL,NULL,NULL,NULL,NULL,NULL,NULL,NULL,NULL,NULL
29121,2023,MO,Macon,7,Nonmetro,"Nonmetro - Urban population of 5,000 to 20,000, not adjacent to a metro area",5,0,0,18.7196,0,3.3916,2671,4203,11463.84,2367.41,2584.25,0.206511,0.225426,556.35,0.1464,NULL,NULL,NULL,NULL,NULL,NULL,NULL,NULL,NULL,NULL,NULL,NULL,NULL,NULL,NULL
29123,2023,MO,Madison,9,Nonmetro,"Nonmetro - Urban population of fewer than 5,000, not adjacent to a metro area",8,0,0,48.1928,1,17.3150,1660,3431,12112.07,3056.65,2776.07,0.252364,0.229199,723.49,0.1382,NULL,NULL,NULL,NULL,NULL,NULL,NULL,NULL,NULL,NULL,NULL,NULL,NULL,NULL,NULL
29125,2023,MO,Maries,8,Nonmetro,"Nonmetro - Urban population of fewer than 5,000, adjacent to a metro area",3,0,0,31.6790,0,10.8601,947,2074,11443.98,3073.08,2750.99,0.268532,0.240388,625.13,0.1850,NULL,NULL,NULL,NULL,NULL,NULL,NULL,NULL,NULL,NULL,NULL,NULL,NULL,NULL,NULL
29127,2023,MO,Marion,7,Nonmetro,"Nonmetro - Urban population of 5,000 to 20,000, not adjacent to a metro area",16,3,0,36.4050,4,13.7164,4395,7129,11849.72,3138.36,2561.88,0.264847,0.216198,638.23,0.1913,NULL,NULL,NULL,NULL,NULL,NULL,NULL,NULL,NULL,NULL,NULL,NULL,NULL,NULL,NULL
29129,2023,MO,Mercer,9,Nonmetro,"Nonmetro - Urban population of fewer than 5,000, not adjacent to a metro area",3,0,0,56.4972,1,26.6018,531,858,14354.63,3199.26,4311.30,0.222873,0.300342,630.89,0.1364,NULL,NULL,NULL,NULL,NULL,NULL,NULL,NULL,NULL,NULL,NULL,NULL,NULL,NULL,NULL
29131,2023,MO,Miller,6,Nonmetro,"Nonmetro - Urban population of 5,000 to 20,000, adjacent to a metro area",8,0,0,30.3260,0,8.0914,2638,6101,10399.54,2468.44,3124.76,0.237360,0.300471,629.26,0.1542,NULL,NULL,NULL,NULL,NULL,NULL,NULL,NULL,NULL,NULL,NULL,NULL,NULL,NULL,NULL
29133,2023,MO,Mississippi,8,Nonmetro,"Nonmetro - Urban population of fewer than 5,000, adjacent to a metro area",4,0,0,23.6267,1,11.3718,1693,3019,11093.11,2796.31,2745.80,0.252076,0.247523,514.47,0.1934,NULL,NULL,NULL,NULL,NULL,NULL,NULL,NULL,NULL,NULL,NULL,NULL,NULL,NULL,NULL
29135,2023,MO,Moniteau,3,Metro,"Metro - Counties in metro areas of fewer than 250,000 population",4,0,0,28.1294,1,12.4226,1422,3225,10831.63,2266.95,2909.30,0.209290,0.268593,587.20,0.1444,NULL,NULL,NULL,NULL,NULL,NULL,NULL,NULL,NULL,NULL,NULL,NULL,NULL,NULL,NULL
29137,2023,MO,Monroe,9,Nonmetro,"Nonmetro - Urban population of fewer than 5,000, not adjacent to a metro area",4,0,0,28.0505,1,10.1507,1426,2352,10660.39,2978.28,2349.42,0.279378,0.220388,516.83,0.1832,NULL,NULL,NULL,NULL,NULL,NULL,NULL,NULL,NULL,NULL,NULL,NULL,NULL,NULL,NULL
29139,2023,MO,Montgomery,8,Nonmetro,"Nonmetro - Urban population of fewer than 5,000, adjacent to a metro area",3,0,0,20.9644,0,5.8587,1431,3174,10044.29,2319.41,2226.39,0.230918,0.221657,487.07,0.1502,NULL,NULL,NULL,NULL,NULL,NULL,NULL,NULL,NULL,NULL,NULL,NULL,NULL,NULL,NULL
29141,2023,MO,Morgan,8,Nonmetro,"Nonmetro - Urban population of fewer than 5,000, adjacent to a metro area",6,0,0,21.0452,1,8.6167,2851,6261,10765.80,2840.29,2656.57,0.263825,0.246760,546.12,0.1536,NULL,NULL,NULL,NULL,NULL,NULL,NULL,NULL,NULL,NULL,NULL,NULL,NULL,NULL,NULL
29143,2023,MO,New Madrid,9,Nonmetro,"Nonmetro - Urban population of fewer than 5,000, not adjacent to a metro area",8,1,0,35.0570,1,13.6372,2282,4192,10839.97,2539.08,2300.82,0.234233,0.212253,582.82,0.1830,NULL,NULL,NULL,NULL,NULL,NULL,NULL,NULL,NULL,NULL,NULL,NULL,NULL,NULL,NULL
29145,2023,MO,Newton,3,Metro,"Metro - Counties in metro areas of fewer than 250,000 population",16,4,0,24.2792,5,10.3534,6590,13799,11090.25,2640.68,2969.59,0.238108,0.267766,558.88,0.1598,NULL,NULL,NULL,NULL,NULL,NULL,NULL,NULL,NULL,NULL,NULL,NULL,NULL,NULL,NULL
29147,2023,MO,Nodaway,6,Nonmetro,"Nonmetro - Urban population of 5,000 to 20,000, adjacent to a metro area",5,0,0,15.0512,0,0.8062,3322,4428,13230.88,2685.15,3974.82,0.202946,0.300420,633.35,0.1273,NULL,NULL,NULL,NULL,NULL,NULL,NULL,NULL,NULL,NULL,NULL,NULL,NULL,NULL,NULL
29149,2023,MO,Oregon,9,Nonmetro,"Nonmetro - Urban population of fewer than 5,000, not adjacent to a metro area",6,0,0,47.2069,0,15.9894,1271,2699,10414.20,2712.32,2580.71,0.260444,0.247807,557.83,0.1466,NULL,NULL,NULL,NULL,NULL,NULL,NULL,NULL,NULL,NULL,NULL,NULL,NULL,NULL,NULL
29151,2023,MO,Osage,3,Metro,"Metro - Counties in metro areas of fewer than 250,000 population",2,0,0,15.3374,0,4.2755,1304,2997,10648.29,2831.33,2058.74,0.265895,0.193340,554.45,0.2454,NULL,NULL,NULL,NULL,NULL,NULL,NULL,NULL,NULL,NULL,NULL,NULL,NULL,NULL,NULL
29153,2023,MO,Ozark,9,Nonmetro,"Nonmetro - Urban population of fewer than 5,000, not adjacent to a metro area",2,0,0,15.5763,0,3.6715,1284,3162,9189.72,2080.54,2122.11,0.226399,0.230922,487.54,0.1277,NULL,NULL,NULL,NULL,NULL,NULL,NULL,NULL,NULL,NULL,NULL,NULL,NULL,NULL,NULL
29155,2023,MO,Pemiscot,7,Nonmetro,"Nonmetro - Urban population of 5,000 to 20,000, not adjacent to a metro area",8,1,0,46.4846,1,19.5096,1721,3737,12330.95,3001.16,2491.69,0.243384,0.202068,590.35,0.2088,NULL,NULL,NULL,NULL,NULL,NULL,NULL,NULL,NULL,NULL,NULL,NULL,NULL,NULL,NULL
29157,2023,MO,Perry,6,Nonmetro,"Nonmetro - Urban population of 5,000 to 20,000, adjacent to a metro area",9,2,0,29.3542,3,11.9073,3066,4771,13005.96,2840.39,3254.32,0.218391,0.250218,583.17,0.1953,NULL,NULL,NULL,NULL,NULL,NULL,NULL,NULL,NULL,NULL,NULL,NULL,NULL,NULL,NULL
29159,2023,MO,Pettis,5,Nonmetro,"Nonmetro - Urban population of 20,000 or more, not adjacent to a metro area",12,0,0,26.0360,3,11.0210,4609,9438,10698.19,2682.72,2810.79,0.250764,0.262735,610.54,0.1710,NULL,NULL,NULL,NULL,NULL,NULL,NULL,NULL,NULL,NULL,NULL,NULL,NULL,NULL,NULL
29161,2023,MO,Phelps,5,Nonmetro,"Nonmetro - Urban population of 20,000 or more, not adjacent to a metro area",16,1,0,33.3125,1,8.8067,4803,9883,11232.08,2741.24,3670.70,0.244055,0.326805,602.12,0.1766,NULL,NULL,NULL,NULL,NULL,NULL,NULL,NULL,NULL,NULL,NULL,NULL,NULL,NULL,NULL
29163,2023,MO,Pike,8,Nonmetro,"Nonmetro - Urban population of fewer than 5,000, adjacent to a metro area",6,0,0,26.6430,0,4.5109,2252,4246,12054.86,3347.66,2652.04,0.277702,0.219998,632.33,0.2202,NULL,NULL,NULL,NULL,NULL,NULL,NULL,NULL,NULL,NULL,NULL,NULL,NULL,NULL,NULL
29165,2023,MO,Platte,1,Metro,Metro - Counties in metro areas of 1 million population or more,30,0,0,31.9149,1,3.9253,9400,20046,12288.10,2758.81,2796.44,0.224511,0.227573,550.74,0.1705,NULL,NULL,NULL,NULL,NULL,NULL,NULL,NULL,NULL,NULL,NULL,NULL,NULL,NULL,NULL
29167,2023,MO,Polk,2,Metro,"Metro - Counties in metro areas of 250,000 to 1 million population",14,0,0,54.8374,1,15.8335,2553,7841,11740.11,2624.51,2906.19,0.223551,0.247544,512.73,0.1293,NULL,NULL,NULL,NULL,NULL,NULL,NULL,NULL,NULL,NULL,NULL,NULL,NULL,NULL,NULL
29169,2023,MO,Pulaski,5,Nonmetro,"Nonmetro - Urban population of 20,000 or more, not adjacent to a metro area",11,0,0,26.7120,1,7.0153,4118,7453,10154.52,2869.70,2873.94,0.282603,0.283021,465.27,0.2104,NULL,NULL,NULL,NULL,NULL,NULL,NULL,NULL,NULL,NULL,NULL,NULL,NULL,NULL,NULL
29171,2023,MO,Putnam,9,Nonmetro,"Nonmetro - Urban population of fewer than 5,000, not adjacent to a metro area",2,0,0,21.9539,0,4.0808,911,1328,12279.21,2265.71,3894.01,0.184516,0.317122,534.58,0.1557,NULL,NULL,NULL,NULL,NULL,NULL,NULL,NULL,NULL,NULL,NULL,NULL,NULL,NULL,NULL
29173,2023,MO,Ralls,9,Nonmetro,"Nonmetro - Urban population of fewer than 5,000, not adjacent to a metro area",1,0,0,5.7703,1,5.7703,1733,2824,10876.91,2996.77,2331.53,0.275517,0.214356,524.52,0.2036,NULL,NULL,NULL,NULL,NULL,NULL,NULL,NULL,NULL,NULL,NULL,NULL,NULL,NULL,NULL
29175,2023,MO,Randolph,6,Nonmetro,"Nonmetro - Urban population of 5,000 to 20,000, adjacent to a metro area",12,0,0,38.8853,1,9.1234,3086,5738,11536.29,2786.82,2109.42,0.241570,0.182851,657.16,0.1659,NULL,NULL,NULL,NULL,NULL,NULL,NULL,NULL,NULL,NULL,NULL,NULL,NULL,NULL,NULL
29177,2023,MO,Ray,1,Metro,Metro - Counties in metro areas of 1 million population or more,6,0,0,25.6849,0,6.2170,2336,5419,14001.58,2838.54,4098.44,0.202730,0.292713,690.07,0.1588,NULL,NULL,NULL,NULL,NULL,NULL,NULL,NULL,NULL,NULL,NULL,NULL,NULL,NULL,NULL
29179,2023,MO,Reynolds,9,Nonmetro,"Nonmetro - Urban population of fewer than 5,000, not adjacent to a metro area",2,0,0,24.4200,0,8.0935,819,1641,10346.66,2674.24,2672.53,0.258464,0.258299,523.81,0.1758,NULL,NULL,NULL,NULL,NULL,NULL,NULL,NULL,NULL,NULL,NULL,NULL,NULL,NULL,NULL
29181,2023,MO,Ripley,9,Nonmetro,"Nonmetro - Urban population of fewer than 5,000, not adjacent to a metro area",10,1,0,50.9684,1,16.6957,1962,3598,9916.02,2467.13,2362.73,0.248802,0.238274,516.82,0.1448,NULL,NULL,NULL,NULL,NULL,NULL,NULL,NULL,NULL,NULL,NULL,NULL,NULL,NULL,NULL
29183,2023,MO,St. Charles,1,Metro,Metro - Counties in metro areas of 1 million population or more,103,1,0,36.0316,12,7.8800,28586,83586,12840.55,3162.15,2843.00,0.246263,0.221408,623.10,0.1789,NULL,NULL,NULL,NULL,NULL,NULL,NULL,NULL,NULL,NULL,NULL,NULL,NULL,NULL,NULL
29185,2023,MO,St. Clair,8,Nonmetro,"Nonmetro - Urban population of fewer than 5,000, adjacent to a metro area",3,0,0,24.5298,0,6.6514,1223,2879,12106.21,2645.23,3730.69,0.218502,0.308163,614.88,0.1834,NULL,NULL,NULL,NULL,NULL,NULL,NULL,NULL,NULL,NULL,NULL,NULL,NULL,NULL,NULL
29186,2023,MO,Ste. Genevieve,8,Nonmetro,"Nonmetro - Urban population of fewer than 5,000, adjacent to a metro area",6,0,0,29.3830,1,11.5259,2042,4791,13559.60,2708.02,3069.03,0.199712,0.226336,620.47,0.1757,NULL,NULL,NULL,NULL,NULL,NULL,NULL,NULL,NULL,NULL,NULL,NULL,NULL,NULL,NULL
29187,2023,MO,St. Francois,4,Nonmetro,"Nonmetro - Urban population of 20,000 or more, adjacent to a metro area",38,2,0,56.0472,9,24.3567,6780,16459,11635.95,3060.73,2269.39,0.263041,0.195033,726.99,0.1730,NULL,NULL,NULL,NULL,NULL,NULL,NULL,NULL,NULL,NULL,NULL,NULL,NULL,NULL,NULL
29189,2023,MO,St. Louis,1,Metro,Metro - Counties in metro areas of 1 million population or more,362,13,0,44.5122,46,12.2568,81326,226240,12853.79,3302.55,2573.90,0.256932,0.200244,626.15,0.1966,NULL,NULL,NULL,NULL,NULL,NULL,NULL,NULL,NULL,NULL,NULL,NULL,NULL,NULL,NULL
29195,2023,MO,Saline,7,Nonmetro,"Nonmetro - Urban population of 5,000 to 20,000, not adjacent to a metro area",15,0,0,58.3658,1,14.1040,2570,5190,10536.78,2764.48,3083.35,0.262365,0.292627,697.28,0.1861,NULL,NULL,NULL,NULL,NULL,NULL,NULL,NULL,NULL,NULL,NULL,NULL,NULL,NULL,NULL
29197,2023,MO,Schuyler,9,Nonmetro,"Nonmetro - Urban population of fewer than 5,000, not adjacent to a metro area",2,0,0,29.3686,1,17.1586,681,1048,11095.90,2859.82,2566.10,0.257737,0.231266,607.93,0.1507,NULL,NULL,NULL,NULL,NULL,NULL,NULL,NULL,NULL,NULL,NULL,NULL,NULL,NULL,NULL
29199,2023,MO,Scotland,9,Nonmetro,"Nonmetro - Urban population of fewer than 5,000, not adjacent to a metro area",3,0,0,40.4858,0,3.2187,741,991,15007.72,4260.38,3036.16,0.283879,0.202307,716.60,0.2212,NULL,NULL,NULL,NULL,NULL,NULL,NULL,NULL,NULL,NULL,NULL,NULL,NULL,NULL,NULL
29201,2023,MO,Scott,4,Nonmetro,"Nonmetro - Urban population of 20,000 or more, adjacent to a metro area",20,2,0,38.1971,5,17.3028,5236,9625,10974.09,2490.79,2663.64,0.226970,0.242721,560.92,0.1627,NULL,NULL,NULL,NULL,NULL,NULL,NULL,NULL,NULL,NULL,NULL,NULL,NULL,NULL,NULL
29203,2023,MO,Shannon,9,Nonmetro,"Nonmetro - Urban population of fewer than 5,000, not adjacent to a metro area",2,1,0,23.1750,1,15.3929,863,2092,10108.39,2578.24,2696.99,0.255059,0.266807,625.72,0.1598,NULL,NULL,NULL,NULL,NULL,NULL,NULL,NULL,NULL,NULL,NULL,NULL,NULL,NULL,NULL
29205,2023,MO,Shelby,9,Nonmetro,"Nonmetro - Urban population of fewer than 5,000, not adjacent to a metro area",5,0,0,44.4444,0,5.3514,1125,1693,11729.62,2682.93,2452.44,0.228731,0.209081,527.11,0.1453,NULL,NULL,NULL,NULL,NULL,NULL,NULL,NULL,NULL,NULL,NULL,NULL,NULL,NULL,NULL
29207,2023,MO,Stoddard,6,Nonmetro,"Nonmetro - Urban population of 5,000 to 20,000, adjacent to a metro area",9,0,0,21.2264,1,6.7651,4240,7928,11399.62,2784.42,2545.01,0.244256,0.223254,632.78,0.1578,NULL,NULL,NULL,NULL,NULL,NULL,NULL,NULL,NULL,NULL,NULL,NULL,NULL,NULL,NULL
29209,2023,MO,Stone,6,Nonmetro,"Nonmetro - Urban population of 5,000 to 20,000, adjacent to a metro area",10,2,0,23.2234,3,10.1442,4306,11452,10310.87,2262.79,2952.57,0.219457,0.286355,484.21,0.1443,NULL,NULL,NULL,NULL,NULL,NULL,NULL,NULL,NULL,NULL,NULL,NULL,NULL,NULL,NULL
29211,2023,MO,Sullivan,9,Nonmetro,"Nonmetro - Urban population of fewer than 5,000, not adjacent to a metro area",3,0,0,31.3808,0,5.4741,956,1497,11621.53,2090.25,3170.83,0.179860,0.272841,601.46,0.1329,NULL,NULL,NULL,NULL,NULL,NULL,NULL,NULL,NULL,NULL,NULL,NULL,NULL,NULL,NULL
29213,2023,MO,Taney,4,Nonmetro,"Nonmetro - Urban population of 20,000 or more, adjacent to a metro area",30,2,0,51.1160,5,15.7603,5869,16597,10602.94,2375.55,2840.78,0.224046,0.267924,547.62,0.1496,NULL,NULL,NULL,NULL,NULL,NULL,NULL,NULL,NULL,NULL,NULL,NULL,NULL,NULL,NULL
29215,2023,MO,Texas,9,Nonmetro,"Nonmetro - Urban population of fewer than 5,000, not adjacent to a metro area",6,0,0,16.5609,0,4.1411,3623,6867,10242.35,2721.03,2933.46,0.265665,0.286405,608.06,0.1815,NULL,NULL,NULL,NULL,NULL,NULL,NULL,NULL,NULL,NULL,NULL,NULL,NULL,NULL,NULL
29217,2023,MO,Vernon,6,Nonmetro,"Nonmetro - Urban population of 5,000 to 20,000, adjacent to a metro area",7,0,0,30.8914,0,8.1715,2266,4957,10900.29,2480.03,3203.55,0.227520,0.293896,700.79,0.1831,NULL,NULL,NULL,NULL,NULL,NULL,NULL,NULL,NULL,NULL,NULL,NULL,NULL,NULL,NULL
29219,2023,MO,Warren,1,Metro,Metro - Counties in metro areas of 1 million population or more,9,0,0,36.7797,1,11.9735,2447,8761,12032.34,2932.89,2973.09,0.243751,0.247092,560.28,0.2096,NULL,NULL,NULL,NULL,NULL,NULL,NULL,NULL,NULL,NULL,NULL,NULL,NULL,NULL,NULL
29221,2023,MO,Washington,8,Nonmetro,"Nonmetro - Urban population of fewer than 5,000, adjacent to a metro area",4,0,0,20.0602,0,7.2684,1994,5897,12148.54,3232.65,2532.97,0.266094,0.208500,762.29,0.2188,NULL,NULL,NULL,NULL,NULL,NULL,NULL,NULL,NULL,NULL,NULL,NULL,NULL,NULL,NULL
29223,2023,MO,Wayne,9,Nonmetro,"Nonmetro - Urban population of fewer than 5,000, not adjacent to a metro area",9,0,0,59.1716,2,28.4159,1521,3326,10838.95,2537.82,2521.74,0.234139,0.232655,542.41,0.1994,NULL,NULL,NULL,NULL,NULL,NULL,NULL,NULL,NULL,NULL,NULL,NULL,NULL,NULL,NULL
29225,2023,MO,Webster,2,Metro,"Metro - Counties in metro areas of 250,000 to 1 million population",20,1,0,82.0681,3,27.1940,2437,8520,11737.53,3030.50,3005.64,0.258189,0.256071,457.94,0.1645,NULL,NULL,NULL,NULL,NULL,NULL,NULL,NULL,NULL,NULL,NULL,NULL,NULL,NULL,NULL
29227,2023,MO,Worth,9,Nonmetro,"Nonmetro - Urban population of fewer than 5,000, not adjacent to a metro area",1,0,0,24.6305,0,2.7964,406,570,10476.59,1820.60,4395.11,0.173778,0.419517,443.35,NULL,NULL,NULL,NULL,NULL,NULL,NULL,NULL,NULL,NULL,NULL,NULL,NULL,NULL,NULL,NULL
29229,2023,MO,Wright,8,Nonmetro,"Nonmetro - Urban population of fewer than 5,000, adjacent to a metro area",6,1,0,35.2319,1,14.8404,1703,5347,9295.68,2373.99,2057.71,0.255386,0.221362,459.19,0.1742,NULL,NULL,NULL,NULL,NULL,NULL,NULL,NULL,NULL,NULL,NULL,NULL,NULL,NULL,NULL
29510,2023,MO,St. Louis City,1,Metro,Metro - Counties in metro areas of 1 million population or more,96,4,0,69.9913,13,31.4655,13716,51088,13067.83,3759.65,2246.33,0.287703,0.171898,671.92,0.2222,NULL,NULL,NULL,NULL,NULL,NULL,NULL,NULL,NULL,NULL,NULL,NULL,NULL,NULL,NULL
30000,2023,MT,UNKNOWN,NULL,NULL,NULL,NULL,NULL,NULL,NULL,NULL,NULL,NULL,NULL,NULL,NULL,NULL,NULL,NULL,NULL,NULL,NULL,NULL,NULL,NULL,NULL,NULL,NULL,NULL,NULL,NULL,NULL,NULL,NULL,NULL,NULL
30001,2023,MT,Beaverhead,9,Nonmetro,"Nonmetro - Urban population of fewer than 5,000, not adjacent to a metro area",5,0,0,26.2467,0,0.3131,1905,2721,9843.21,1930.02,4462.72,0.196076,0.453381,555.91,0.0854,NULL,NULL,NULL,NULL,NULL,NULL,NULL,NULL,NULL,NULL,NULL,NULL,NULL,NULL,NULL
30003,2023,MT,Big Horn,8,Nonmetro,"Nonmetro - Urban population of fewer than 5,000, adjacent to a metro area",5,0,0,43.0663,0,8.3441,1161,2041,13413.25,2952.85,5569.03,0.220144,0.415189,713.18,0.1556,NULL,NULL,NULL,NULL,NULL,NULL,NULL,NULL,NULL,NULL,NULL,NULL,NULL,NULL,NULL
30005,2023,MT,Blaine,9,Nonmetro,"Nonmetro - Urban population of fewer than 5,000, not adjacent to a metro area",2,0,0,19.1388,0,0.0548,1045,1247,9978.44,2269.39,3652.68,0.227429,0.366057,465.07,0.1277,NULL,NULL,NULL,NULL,NULL,NULL,NULL,NULL,NULL,NULL,NULL,NULL,NULL,NULL,NULL
30007,2023,MT,Broadwater,3,Metro,"Metro - Counties in metro areas of fewer than 250,000 population",1,0,0,8.1169,0,0.0718,1232,1954,9182.28,1612.52,3582.74,0.175612,0.390180,488.64,0.1742,NULL,NULL,NULL,NULL,NULL,NULL,NULL,NULL,NULL,NULL,NULL,NULL,NULL,NULL,NULL
30009,2023,MT,Carbon,3,Metro,"Metro - Counties in metro areas of fewer than 250,000 population",1,0,0,4.8239,0,-0.0565,2073,3449,8437.51,1736.90,3349.98,0.205855,0.397034,396.04,0.1078,NULL,NULL,NULL,NULL,NULL,NULL,NULL,NULL,NULL,NULL,NULL,NULL,NULL,NULL,NULL
30011,2023,MT,Carter,9,Nonmetro,"Nonmetro - Urban population of fewer than 5,000, not adjacent to a metro area",1,0,0,31.5457,0,-2.7009,317,374,15744.22,1751.78,4831.87,0.111265,0.306898,447.95,NULL,NULL,NULL,NULL,NULL,NULL,NULL,NULL,NULL,NULL,NULL,NULL,NULL,NULL,NULL,NULL
30013,2023,MT,Cascade,3,Metro,"Metro - Counties in metro areas of fewer than 250,000 population",34,2,0,29.9269,5,6.3286,11361,19845,9835.49,2311.37,3484.50,0.235003,0.354278,517.91,0.1480,NULL,NULL,NULL,NULL,NULL,NULL,NULL,NULL,NULL,NULL,NULL,NULL,NULL,NULL,NULL
30015,2023,MT,Chouteau,8,Nonmetro,"Nonmetro - Urban population of fewer than 5,000, adjacent to a metro area",3,0,0,29.4695,0,-0.4408,1018,1486,11100.69,2395.41,3567.09,0.215789,0.321339,455.80,0.2000,NULL,NULL,NULL,NULL,NULL,NULL,NULL,NULL,NULL,NULL,NULL,NULL,NULL,NULL,NULL
30017,2023,MT,Custer,7,Nonmetro,"Nonmetro - Urban population of 5,000 to 20,000, not adjacent to a metro area",5,0,0,22.5124,0,1.3439,2221,2915,10748.29,2181.17,3824.26,0.202932,0.355802,602.88,0.1343,NULL,NULL,NULL,NULL,NULL,NULL,NULL,NULL,NULL,NULL,NULL,NULL,NULL,NULL,NULL
30019,2023,MT,Daniels,9,Nonmetro,"Nonmetro - Urban population of fewer than 5,000, not adjacent to a metro area",2,0,0,45.0450,1,21.1216,444,500,13021.97,2095.17,3633.81,0.160895,0.279052,644.14,0.1446,NULL,NULL,NULL,NULL,NULL,NULL,NULL,NULL,NULL,NULL,NULL,NULL,NULL,NULL,NULL
30021,2023,MT,Dawson,7,Nonmetro,"Nonmetro - Urban population of 5,000 to 20,000, not adjacent to a metro area",5,1,0,27.7469,1,5.1608,1802,2192,9763.26,1715.78,3964.28,0.175738,0.406041,829.63,0.1655,NULL,NULL,NULL,NULL,NULL,NULL,NULL,NULL,NULL,NULL,NULL,NULL,NULL,NULL,NULL
30023,2023,MT,Deer Lodge,7,Nonmetro,"Nonmetro - Urban population of 5,000 to 20,000, not adjacent to a metro area",7,0,0,33.1754,0,2.2156,2110,3125,9596.12,2079.67,3995.66,0.216720,0.416383,655.92,0.1451,NULL,NULL,NULL,NULL,NULL,NULL,NULL,NULL,NULL,NULL,NULL,NULL,NULL,NULL,NULL
30025,2023,MT,Fallon,9,Nonmetro,"Nonmetro - Urban population of fewer than 5,000, not adjacent to a metro area",4,0,0,72.2022,1,13.3787,554,639,10664.29,1930.97,3902.04,0.181069,0.365898,543.32,NULL,NULL,NULL,NULL,NULL,NULL,NULL,NULL,NULL,NULL,NULL,NULL,NULL,NULL,NULL,NULL
30027,2023,MT,Fergus,7,Nonmetro,"Nonmetro - Urban population of 5,000 to 20,000, not adjacent to a metro area",6,0,0,29.3830,1,7.7380,2042,3462,7747.34,1547.73,3684.88,0.199776,0.475632,476.98,0.1345,NULL,NULL,NULL,NULL,NULL,NULL,NULL,NULL,NULL,NULL,NULL,NULL,NULL,NULL,NULL
30029,2023,MT,Flathead,5,Nonmetro,"Nonmetro - Urban population of 20,000 or more, not adjacent to a metro area",45,1,0,26.6619,6,3.4931,16878,28140,8383.94,1689.13,3055.60,0.201472,0.364459,418.36,0.1468,NULL,NULL,NULL,NULL,NULL,NULL,NULL,NULL,NULL,NULL,NULL,NULL,NULL,NULL,NULL
30031,2023,MT,Gallatin,3,Metro,"Metro - Counties in metro areas of fewer than 250,000 population",30,0,0,24.0115,5,2.7783,12494,19263,8985.16,1824.15,2882.49,0.203018,0.320806,444.85,0.1380,NULL,NULL,NULL,NULL,NULL,NULL,NULL,NULL,NULL,NULL,NULL,NULL,NULL,NULL,NULL
30033,2023,MT,Garfield,9,Nonmetro,"Nonmetro - Urban population of fewer than 5,000, not adjacent to a metro area",NULL,NULL,NULL,NULL,NULL,NULL,267,308,8054.03,2286.99,2954.60,0.283956,0.366847,565.54,NULL,NULL,NULL,NULL,NULL,NULL,NULL,NULL,NULL,NULL,NULL,NULL,NULL,NULL,NULL,NULL
30035,2023,MT,Glacier,9,Nonmetro,"Nonmetro - Urban population of fewer than 5,000, not adjacent to a metro area",4,0,0,25.0784,0,0.2182,1595,2268,9261.80,2296.33,3815.92,0.247936,0.412006,459.56,0.1184,NULL,NULL,NULL,NULL,NULL,NULL,NULL,NULL,NULL,NULL,NULL,NULL,NULL,NULL,NULL
30037,2023,MT,Golden Valley,8,Nonmetro,"Nonmetro - Urban population of fewer than 5,000, adjacent to a metro area",NULL,NULL,NULL,NULL,NULL,NULL,162,304,10994.74,2757.54,2704.81,0.250805,0.246009,358.02,NULL,NULL,NULL,NULL,NULL,NULL,NULL,NULL,NULL,NULL,NULL,NULL,NULL,NULL,NULL,NULL
30039,2023,MT,Granite,8,Nonmetro,"Nonmetro - Urban population of fewer than 5,000, adjacent to a metro area",2,0,0,30.9119,0,4.6996,647,1020,10094.14,2160.89,3106.08,0.214074,0.307711,432.77,0.2632,NULL,NULL,NULL,NULL,NULL,NULL,NULL,NULL,NULL,NULL,NULL,NULL,NULL,NULL,NULL
30041,2023,MT,Hill,7,Nonmetro,"Nonmetro - Urban population of 5,000 to 20,000, not adjacent to a metro area",8,0,0,28.2686,1,3.0070,2830,3330,8822.71,2271.23,2572.61,0.257430,0.291590,636.04,0.1109,NULL,NULL,NULL,NULL,NULL,NULL,NULL,NULL,NULL,NULL,NULL,NULL,NULL,NULL,NULL
30043,2023,MT,Jefferson,3,Metro,"Metro - Counties in metro areas of fewer than 250,000 population",2,0,0,8.5874,0,-0.1615,2329,3670,8233.74,1909.90,2838.07,0.231960,0.344688,357.66,0.1149,NULL,NULL,NULL,NULL,NULL,NULL,NULL,NULL,NULL,NULL,NULL,NULL,NULL,NULL,NULL
30045,2023,MT,Judith Basin,8,Nonmetro,"Nonmetro - Urban population of fewer than 5,000, adjacent to a metro area",1,1,0,26.1780,1,26.1780,382,667,5753.52,1185.68,2499.40,0.206079,0.434412,353.40,NULL,NULL,NULL,NULL,NULL,NULL,NULL,NULL,NULL,NULL,NULL,NULL,NULL,NULL,NULL,NULL
30047,2023,MT,Lake,6,Nonmetro,"Nonmetro - Urban population of 5,000 to 20,000, adjacent to a metro area",18,1,0,31.9546,1,1.5758,5633,9092,8585.23,1755.64,2838.92,0.204495,0.330675,507.01,0.1530,NULL,NULL,NULL,NULL,NULL,NULL,NULL,NULL,NULL,NULL,NULL,NULL,NULL,NULL,NULL
30049,2023,MT,Lewis and Clark,3,Metro,"Metro - Counties in metro areas of fewer than 250,000 population",22,1,0,19.6780,5,4.0731,11180,17993,8474.13,1840.34,2917.36,0.217172,0.344267,444.81,0.1515,NULL,NULL,NULL,NULL,NULL,NULL,NULL,NULL,NULL,NULL,NULL,NULL,NULL,NULL,NULL
30051,2023,MT,Liberty,9,Nonmetro,"Nonmetro - Urban population of fewer than 5,000, not adjacent to a metro area",2,0,0,51.2821,0,0.0000,390,520,10916.75,2030.02,4358.95,0.185955,0.399290,533.33,NULL,NULL,NULL,NULL,NULL,NULL,NULL,NULL,NULL,NULL,NULL,NULL,NULL,NULL,NULL,NULL
30053,2023,MT,Lincoln,9,Nonmetro,"Nonmetro - Urban population of fewer than 5,000, not adjacent to a metro area",10,0,0,23.4082,1,4.5086,4272,8376,8520.48,1822.60,3195.92,0.213908,0.375087,457.87,0.1592,NULL,NULL,NULL,NULL,NULL,NULL,NULL,NULL,NULL,NULL,NULL,NULL,NULL,NULL,NULL
30055,2023,MT,McCone,9,Nonmetro,"Nonmetro - Urban population of fewer than 5,000, not adjacent to a metro area",1,0,0,22.6244,0,-2.7563,442,508,11385.37,1851.28,3812.11,0.162602,0.334825,506.79,0.1646,NULL,NULL,NULL,NULL,NULL,NULL,NULL,NULL,NULL,NULL,NULL,NULL,NULL,NULL,NULL
30057,2023,MT,Madison,8,Nonmetro,"Nonmetro - Urban population of fewer than 5,000, adjacent to a metro area",4,0,0,19.0114,2,9.8873,2104,2865,8884.89,1565.98,3264.75,0.176252,0.367450,409.70,0.0882,NULL,NULL,NULL,NULL,NULL,NULL,NULL,NULL,NULL,NULL,NULL,NULL,NULL,NULL,NULL
30059,2023,MT,Meagher,8,Nonmetro,"Nonmetro - Urban population of fewer than 5,000, adjacent to a metro area",1,0,0,20.8768,0,-0.1316,479,651,14263.33,1301.90,3354.98,0.091276,0.235217,363.26,NULL,NULL,NULL,NULL,NULL,NULL,NULL,NULL,NULL,NULL,NULL,NULL,NULL,NULL,NULL,NULL
30061,2023,MT,Mineral,3,Metro,"Metro - Counties in metro areas of fewer than 250,000 population",2,0,0,19.8216,1,11.1561,1009,1695,8860.06,1774.09,2843.73,0.200235,0.320961,500.50,0.1212,NULL,NULL,NULL,NULL,NULL,NULL,NULL,NULL,NULL,NULL,NULL,NULL,NULL,NULL,NULL
30063,2023,MT,Missoula,3,Metro,"Metro - Counties in metro areas of fewer than 250,000 population",49,1,0,29.1164,4,2.1800,16829,25928,8590.44,1874.63,2419.44,0.218223,0.281643,512.81,0.1534,NULL,NULL,NULL,NULL,NULL,NULL,NULL,NULL,NULL,NULL,NULL,NULL,NULL,NULL,NULL
30065,2023,MT,Musselshell,8,Nonmetro,"Nonmetro - Urban population of fewer than 5,000, adjacent to a metro area",4,0,0,37.1402,1,10.0644,1077,1705,9665.61,1623.25,3724.87,0.167941,0.385374,565.46,NULL,NULL,NULL,NULL,NULL,NULL,NULL,NULL,NULL,NULL,NULL,NULL,NULL,NULL,NULL,NULL
30067,2023,MT,Park,6,Nonmetro,"Nonmetro - Urban population of 5,000 to 20,000, adjacent to a metro area",10,0,0,28.2087,1,4.5245,3545,4750,9424.95,1823.95,3726.18,0.193524,0.395353,601.69,0.1532,NULL,NULL,NULL,NULL,NULL,NULL,NULL,NULL,NULL,NULL,NULL,NULL,NULL,NULL,NULL
30069,2023,MT,Petroleum,9,Nonmetro,"Nonmetro - Urban population of fewer than 5,000, not adjacent to a metro area",NULL,NULL,NULL,NULL,NULL,NULL,99,129,12496.24,3185.11,2393.13,0.254885,0.191508,454.55,NULL,NULL,NULL,NULL,NULL,NULL,NULL,NULL,NULL,NULL,NULL,NULL,NULL,NULL,NULL,NULL
30071,2023,MT,Phillips,9,Nonmetro,"Nonmetro - Urban population of fewer than 5,000, not adjacent to a metro area",1,0,0,10.8814,0,0.0472,919,1084,9589.33,2142.03,3498.52,0.223376,0.364835,725.79,0.1250,NULL,NULL,NULL,NULL,NULL,NULL,NULL,NULL,NULL,NULL,NULL,NULL,NULL,NULL,NULL
30073,2023,MT,Pondera,9,Nonmetro,"Nonmetro - Urban population of fewer than 5,000, not adjacent to a metro area",3,0,0,29.2969,1,10.5528,1024,1553,9632.49,1675.26,3720.01,0.173918,0.386194,459.96,NULL,NULL,NULL,NULL,NULL,NULL,NULL,NULL,NULL,NULL,NULL,NULL,NULL,NULL,NULL,NULL
30075,2023,MT,Powder River,9,Nonmetro,"Nonmetro - Urban population of fewer than 5,000, not adjacent to a metro area",2,0,0,52.3560,0,-7.1678,382,450,6711.91,1546.44,2366.83,0.230402,0.352631,329.84,NULL,NULL,NULL,NULL,NULL,NULL,NULL,NULL,NULL,NULL,NULL,NULL,NULL,NULL,NULL,NULL
30077,2023,MT,Powell,8,Nonmetro,"Nonmetro - Urban population of fewer than 5,000, adjacent to a metro area",1,0,0,8.1566,0,0.3073,1226,1806,9511.62,1909.93,3421.09,0.200800,0.359675,587.28,0.1437,NULL,NULL,NULL,NULL,NULL,NULL,NULL,NULL,NULL,NULL,NULL,NULL,NULL,NULL,NULL
30079,2023,MT,Prairie,9,Nonmetro,"Nonmetro - Urban population of fewer than 5,000, not adjacent to a metro area",NULL,NULL,NULL,NULL,NULL,NULL,386,448,9997.07,1352.31,3422.27,0.135271,0.342327,479.27,NULL,NULL,NULL,NULL,NULL,NULL,NULL,NULL,NULL,NULL,NULL,NULL,NULL,NULL,NULL,NULL
30081,2023,MT,Ravalli,6,Nonmetro,"Nonmetro - Urban population of 5,000 to 20,000, adjacent to a metro area",23,0,0,24.4473,1,1.1422,9408,15336,8612.06,1756.99,2965.88,0.204015,0.344387,486.50,0.1236,NULL,NULL,NULL,NULL,NULL,NULL,NULL,NULL,NULL,NULL,NULL,NULL,NULL,NULL,NULL
30083,2023,MT,Richland,7,Nonmetro,"Nonmetro - Urban population of 5,000 to 20,000, not adjacent to a metro area",5,0,0,26.4271,0,-1.6786,1892,2276,10889.00,2851.74,4420.39,0.261892,0.405950,718.82,0.1242,NULL,NULL,NULL,NULL,NULL,NULL,NULL,NULL,NULL,NULL,NULL,NULL,NULL,NULL,NULL
30085,2023,MT,Roosevelt,9,Nonmetro,"Nonmetro - Urban population of fewer than 5,000, not adjacent to a metro area",6,0,0,38.3632,1,4.3727,1564,1837,11320.89,2529.48,4136.33,0.223435,0.365371,923.27,0.1720,NULL,NULL,NULL,NULL,NULL,NULL,NULL,NULL,NULL,NULL,NULL,NULL,NULL,NULL,NULL
30087,2023,MT,Rosebud,8,Nonmetro,"Nonmetro - Urban population of fewer than 5,000, adjacent to a metro area",4,0,0,31.3725,1,9.8825,1275,1951,9039.01,2248.38,3329.22,0.248742,0.368317,435.29,0.1714,NULL,NULL,NULL,NULL,NULL,NULL,NULL,NULL,NULL,NULL,NULL,NULL,NULL,NULL,NULL
30089,2023,MT,Sanders,8,Nonmetro,"Nonmetro - Urban population of fewer than 5,000, adjacent to a metro area",5,0,0,16.3720,0,0.9826,3054,4977,7717.55,1779.28,2473.82,0.230550,0.320545,432.87,0.1407,NULL,NULL,NULL,NULL,NULL,NULL,NULL,NULL,NULL,NULL,NULL,NULL,NULL,NULL,NULL
30091,2023,MT,Sheridan,9,Nonmetro,"Nonmetro - Urban population of fewer than 5,000, not adjacent to a metro area",1,0,0,11.4811,0,-0.0396,871,1041,12378.57,2300.70,4795.76,0.185862,0.387424,467.28,NULL,NULL,NULL,NULL,NULL,NULL,NULL,NULL,NULL,NULL,NULL,NULL,NULL,NULL,NULL,NULL
30093,2023,MT,Silver Bow,5,Nonmetro,"Nonmetro - Urban population of 20,000 or more, not adjacent to a metro area",11,0,0,19.3594,1,3.8073,5682,8875,9417.01,2190.59,3035.51,0.232621,0.322343,552.62,0.1486,NULL,NULL,NULL,NULL,NULL,NULL,NULL,NULL,NULL,NULL,NULL,NULL,NULL,NULL,NULL
30095,2023,MT,Stillwater,3,Metro,"Metro - Counties in metro areas of fewer than 250,000 population",2,0,0,12.0700,1,6.3295,1657,2834,9082.44,2083.45,3340.17,0.229393,0.367761,448.40,0.1229,NULL,NULL,NULL,NULL,NULL,NULL,NULL,NULL,NULL,NULL,NULL,NULL,NULL,NULL,NULL
30097,2023,MT,Sweet Grass,8,Nonmetro,"Nonmetro - Urban population of fewer than 5,000, adjacent to a metro area",3,0,0,37.1747,0,-0.3722,807,1106,10230.13,2037.94,3675.84,0.199210,0.359315,508.05,0.2117,NULL,NULL,NULL,NULL,NULL,NULL,NULL,NULL,NULL,NULL,NULL,NULL,NULL,NULL,NULL
30099,2023,MT,Teton,8,Nonmetro,"Nonmetro - Urban population of fewer than 5,000, adjacent to a metro area",4,0,0,41.0256,0,0.2924,975,1718,11042.15,1619.44,2756.03,0.146660,0.249592,456.41,0.1000,NULL,NULL,NULL,NULL,NULL,NULL,NULL,NULL,NULL,NULL,NULL,NULL,NULL,NULL,NULL
30101,2023,MT,Toole,9,Nonmetro,"Nonmetro - Urban population of fewer than 5,000, not adjacent to a metro area",4,0,0,48.2509,0,-0.6489,829,1071,8527.48,1965.08,3369.87,0.230441,0.395178,463.21,0.1391,NULL,NULL,NULL,NULL,NULL,NULL,NULL,NULL,NULL,NULL,NULL,NULL,NULL,NULL,NULL
30103,2023,MT,Treasure,8,Nonmetro,"Nonmetro - Urban population of fewer than 5,000, adjacent to a metro area",NULL,NULL,NULL,NULL,NULL,NULL,152,248,12560.08,2445.84,3842.65,0.194731,0.305942,381.58,NULL,NULL,NULL,NULL,NULL,NULL,NULL,NULL,NULL,NULL,NULL,NULL,NULL,NULL,NULL,NULL
30105,2023,MT,Valley,9,Nonmetro,"Nonmetro - Urban population of fewer than 5,000, not adjacent to a metro area",3,0,0,18.1050,0,0.2585,1657,1944,10257.03,2012.01,3931.97,0.196159,0.383344,691.01,0.1673,NULL,NULL,NULL,NULL,NULL,NULL,NULL,NULL,NULL,NULL,NULL,NULL,NULL,NULL,NULL
30107,2023,MT,Wheatland,9,Nonmetro,"Nonmetro - Urban population of fewer than 5,000, not adjacent to a metro area",1,0,0,26.8097,0,4.8799,373,630,9608.85,1699.01,4101.75,0.176817,0.426872,528.15,NULL,NULL,NULL,NULL,NULL,NULL,NULL,NULL,NULL,NULL,NULL,NULL,NULL,NULL,NULL,NULL
30109,2023,MT,Wibaux,9,Nonmetro,"Nonmetro - Urban population of fewer than 5,000, not adjacent to a metro area",NULL,NULL,NULL,NULL,NULL,NULL,218,253,10242.23,2021.07,2984.61,0.197327,0.291402,633.03,NULL,NULL,NULL,NULL,NULL,NULL,NULL,NULL,NULL,NULL,NULL,NULL,NULL,NULL,NULL,NULL
30111,2023,MT,Yellowstone,3,Metro,"Metro - Counties in metro areas of fewer than 250,000 population",60,2,0,29.2085,8,5.2553,20542,36772,9853.57,2391.09,3204.36,0.242662,0.325198,543.67,0.1504,NULL,NULL,NULL,NULL,NULL,NULL,NULL,NULL,NULL,NULL,NULL,NULL,NULL,NULL,NULL
31000,2023,NE,UNKNOWN,NULL,NULL,NULL,NULL,NULL,NULL,NULL,NULL,NULL,NULL,NULL,NULL,NULL,NULL,NULL,NULL,NULL,NULL,NULL,NULL,NULL,NULL,NULL,NULL,NULL,NULL,NULL,NULL,NULL,NULL,NULL,NULL,NULL
31001,2023,NE,Adams,4,Nonmetro,"Nonmetro - Urban population of 20,000 or more, adjacent to a metro area",15,0,0,33.7686,2,11.4701,4442,7361,10946.73,2299.71,3116.91,0.210082,0.284734,488.29,0.1092,NULL,NULL,NULL,NULL,NULL,NULL,NULL,NULL,NULL,NULL,NULL,NULL,NULL,NULL,NULL
31003,2023,NE,Antelope,9,Nonmetro,"Nonmetro - Urban population of fewer than 5,000, not adjacent to a metro area",8,1,0,68.9061,3,34.8693,1161,1687,11890.95,2400.86,3199.87,0.201906,0.269101,401.38,0.1743,NULL,NULL,NULL,NULL,NULL,NULL,NULL,NULL,NULL,NULL,NULL,NULL,NULL,NULL,NULL
31005,2023,NE,Arthur,9,Nonmetro,"Nonmetro - Urban population of fewer than 5,000, not adjacent to a metro area",NULL,NULL,NULL,NULL,NULL,NULL,89,105,6330.61,NULL,2703.38,NULL,0.427033,460.67,NULL,NULL,NULL,NULL,NULL,NULL,NULL,NULL,NULL,NULL,NULL,NULL,NULL,NULL,NULL,NULL
31007,2023,NE,Banner,8,Nonmetro,"Nonmetro - Urban population of fewer than 5,000, adjacent to a metro area",NULL,NULL,NULL,NULL,NULL,NULL,74,115,12973.90,3286.14,5183.71,0.253289,0.399549,405.41,NULL,NULL,NULL,NULL,NULL,NULL,NULL,NULL,NULL,NULL,NULL,NULL,NULL,NULL,NULL,NULL
31009,2023,NE,Blaine,9,Nonmetro,"Nonmetro - Urban population of fewer than 5,000, not adjacent to a metro area",NULL,NULL,NULL,NULL,NULL,NULL,110,133,10726.94,2177.55,3655.41,0.202998,0.340769,472.73,NULL,NULL,NULL,NULL,NULL,NULL,NULL,NULL,NULL,NULL,NULL,NULL,NULL,NULL,NULL,NULL
31011,2023,NE,Boone,9,Nonmetro,"Nonmetro - Urban population of fewer than 5,000, not adjacent to a metro area",4,0,0,43.9078,0,10.0669,911,1509,13870.58,2522.71,4094.24,0.181875,0.295174,416.03,0.1841,NULL,NULL,NULL,NULL,NULL,NULL,NULL,NULL,NULL,NULL,NULL,NULL,NULL,NULL,NULL
31013,2023,NE,Box Butte,7,Nonmetro,"Nonmetro - Urban population of 5,000 to 20,000, not adjacent to a metro area",7,0,0,30.4216,1,2.8734,2301,2753,12077.31,2471.69,4130.40,0.204656,0.341997,625.38,0.1030,NULL,NULL,NULL,NULL,NULL,NULL,NULL,NULL,NULL,NULL,NULL,NULL,NULL,NULL,NULL
31015,2023,NE,Boyd,9,Nonmetro,"Nonmetro - Urban population of fewer than 5,000, not adjacent to a metro area",NULL,NULL,NULL,NULL,NULL,NULL,508,659,11198.95,1844.29,3477.10,0.164684,0.310484,362.20,0.1728,NULL,NULL,NULL,NULL,NULL,NULL,NULL,NULL,NULL,NULL,NULL,NULL,NULL,NULL,NULL
31017,2023,NE,Brown,9,Nonmetro,"Nonmetro - Urban population of fewer than 5,000, not adjacent to a metro area",2,0,0,26.1780,0,0.4380,764,855,10229.37,1718.03,3991.45,0.167951,0.390195,380.89,NULL,NULL,NULL,NULL,NULL,NULL,NULL,NULL,NULL,NULL,NULL,NULL,NULL,NULL,NULL,NULL
31019,2023,NE,Buffalo,4,Nonmetro,"Nonmetro - Urban population of 20,000 or more, adjacent to a metro area",19,1,0,32.7022,2,8.2418,5810,9654,11490.40,2782.95,3089.77,0.242198,0.268900,491.22,0.1694,NULL,NULL,NULL,NULL,NULL,NULL,NULL,NULL,NULL,NULL,NULL,NULL,NULL,NULL,NULL
31021,2023,NE,Burt,8,Nonmetro,"Nonmetro - Urban population of fewer than 5,000, adjacent to a metro area",1,0,0,7.9681,0,1.1047,1255,2012,13276.76,2629.03,4236.98,0.198017,0.319128,530.68,0.1111,NULL,NULL,NULL,NULL,NULL,NULL,NULL,NULL,NULL,NULL,NULL,NULL,NULL,NULL,NULL
31023,2023,NE,Butler,8,Nonmetro,"Nonmetro - Urban population of fewer than 5,000, adjacent to a metro area",3,0,0,21.8978,1,9.3900,1370,2032,11048.47,2357.17,2939.69,0.213348,0.266072,359.12,0.1702,NULL,NULL,NULL,NULL,NULL,NULL,NULL,NULL,NULL,NULL,NULL,NULL,NULL,NULL,NULL
31025,2023,NE,Cass,2,Metro,"Metro - Counties in metro areas of 250,000 to 1 million population",9,0,0,25.9665,3,10.5582,3466,6075,11164.74,2765.74,2477.94,0.247721,0.221943,486.15,0.1734,NULL,NULL,NULL,NULL,NULL,NULL,NULL,NULL,NULL,NULL,NULL,NULL,NULL,NULL,NULL
31027,2023,NE,Cedar,9,Nonmetro,"Nonmetro - Urban population of fewer than 5,000, not adjacent to a metro area",3,0,0,23.5110,1,10.1509,1276,2183,10431.09,2384.31,2266.54,0.228577,0.217287,347.96,0.1840,NULL,NULL,NULL,NULL,NULL,NULL,NULL,NULL,NULL,NULL,NULL,NULL,NULL,NULL,NULL
31029,2023,NE,Chase,9,Nonmetro,"Nonmetro - Urban population of fewer than 5,000, not adjacent to a metro area",2,0,0,24.0964,0,0.3997,830,957,13082.73,2342.43,5142.95,0.179047,0.393110,456.63,0.2073,NULL,NULL,NULL,NULL,NULL,NULL,NULL,NULL,NULL,NULL,NULL,NULL,NULL,NULL,NULL
31031,2023,NE,Cherry,9,Nonmetro,"Nonmetro - Urban population of fewer than 5,000, not adjacent to a metro area",4,0,0,30.8642,0,-0.4347,1296,1450,11608.85,2381.91,4149.05,0.205181,0.357404,584.88,0.1532,NULL,NULL,NULL,NULL,NULL,NULL,NULL,NULL,NULL,NULL,NULL,NULL,NULL,NULL,NULL
31033,2023,NE,Cheyenne,7,Nonmetro,"Nonmetro - Urban population of 5,000 to 20,000, not adjacent to a metro area",6,1,0,29.6589,2,8.1072,2023,2503,13143.40,2609.21,5002.16,0.198519,0.380583,639.64,0.1492,NULL,NULL,NULL,NULL,NULL,NULL,NULL,NULL,NULL,NULL,NULL,NULL,NULL,NULL,NULL
31035,2023,NE,Clay,9,Nonmetro,"Nonmetro - Urban population of fewer than 5,000, not adjacent to a metro area",1,0,0,9.0992,0,2.0371,1099,1613,10900.20,2398.29,3127.49,0.220023,0.286920,422.20,0.1524,NULL,NULL,NULL,NULL,NULL,NULL,NULL,NULL,NULL,NULL,NULL,NULL,NULL,NULL,NULL
31037,2023,NE,Colfax,7,Nonmetro,"Nonmetro - Urban population of 5,000 to 20,000, not adjacent to a metro area",6,0,0,50.1672,0,5.6238,1196,1774,11449.50,2580.36,2458.93,0.225369,0.214763,433.11,0.1598,NULL,NULL,NULL,NULL,NULL,NULL,NULL,NULL,NULL,NULL,NULL,NULL,NULL,NULL,NULL
31039,2023,NE,Cuming,9,Nonmetro,"Nonmetro - Urban population of fewer than 5,000, not adjacent to a metro area",7,0,0,44.4162,1,11.8429,1576,2219,12704.46,2584.02,3791.31,0.203395,0.298424,424.49,0.1466,NULL,NULL,NULL,NULL,NULL,NULL,NULL,NULL,NULL,NULL,NULL,NULL,NULL,NULL,NULL
31041,2023,NE,Custer,9,Nonmetro,"Nonmetro - Urban population of fewer than 5,000, not adjacent to a metro area",6,0,0,30.6905,1,10.5211,1955,2831,11908.37,2445.20,3856.30,0.205335,0.323831,454.22,0.1541,NULL,NULL,NULL,NULL,NULL,NULL,NULL,NULL,NULL,NULL,NULL,NULL,NULL,NULL,NULL
31043,2023,NE,Dakota,3,Metro,"Metro - Counties in metro areas of fewer than 250,000 population",6,0,0,38.6349,1,14.0044,1553,3570,11003.72,2919.89,1895.81,0.265355,0.172288,498.39,0.2775,NULL,NULL,NULL,NULL,NULL,NULL,NULL,NULL,NULL,NULL,NULL,NULL,NULL,NULL,NULL
31045,2023,NE,Dawes,9,Nonmetro,"Nonmetro - Urban population of fewer than 5,000, not adjacent to a metro area",6,1,0,41.8410,2,13.0433,1434,1873,10478.79,2657.41,3297.95,0.253599,0.314726,484.66,0.1150,NULL,NULL,NULL,NULL,NULL,NULL,NULL,NULL,NULL,NULL,NULL,NULL,NULL,NULL,NULL
31047,2023,NE,Dawson,7,Nonmetro,"Nonmetro - Urban population of 5,000 to 20,000, not adjacent to a metro area",12,0,0,36.8324,2,8.6872,3258,4639,13003.47,2277.01,4866.15,0.175108,0.374219,472.99,0.1471,NULL,NULL,NULL,NULL,NULL,NULL,NULL,NULL,NULL,NULL,NULL,NULL,NULL,NULL,NULL
31049,2023,NE,Deuel,9,Nonmetro,"Nonmetro - Urban population of fewer than 5,000, not adjacent to a metro area",2,0,0,42.0168,0,-0.1773,476,581,10198.79,1908.36,3922.78,0.187116,0.384632,527.31,NULL,NULL,NULL,NULL,NULL,NULL,NULL,NULL,NULL,NULL,NULL,NULL,NULL,NULL,NULL,NULL
31051,2023,NE,Dixon,8,Nonmetro,"Nonmetro - Urban population of fewer than 5,000, adjacent to a metro area",3,0,0,39.0117,1,17.6897,769,1436,9330.58,1512.22,3145.25,0.162071,0.337091,433.03,0.1171,NULL,NULL,NULL,NULL,NULL,NULL,NULL,NULL,NULL,NULL,NULL,NULL,NULL,NULL,NULL
31053,2023,NE,Dodge,4,Nonmetro,"Nonmetro - Urban population of 20,000 or more, adjacent to a metro area",18,0,0,35.4052,3,10.6241,5084,8743,11918.66,2827.08,2173.10,0.237198,0.182328,620.77,0.1779,NULL,NULL,NULL,NULL,NULL,NULL,NULL,NULL,NULL,NULL,NULL,NULL,NULL,NULL,NULL
31055,2023,NE,Douglas,2,Metro,"Metro - Counties in metro areas of 250,000 to 1 million population",196,7,0,42.4050,23,9.9222,46221,100089,11174.09,2749.83,2287.11,0.246090,0.204680,532.79,0.1804,NULL,NULL,NULL,NULL,NULL,NULL,NULL,NULL,NULL,NULL,NULL,NULL,NULL,NULL,NULL
31057,2023,NE,Dundy,9,Nonmetro,"Nonmetro - Urban population of fewer than 5,000, not adjacent to a metro area",2,0,0,46.4037,0,3.0198,431,514,15806.84,2387.95,6235.99,0.151071,0.394512,468.68,0.1613,NULL,NULL,NULL,NULL,NULL,NULL,NULL,NULL,NULL,NULL,NULL,NULL,NULL,NULL,NULL
31059,2023,NE,Fillmore,8,Nonmetro,"Nonmetro - Urban population of fewer than 5,000, adjacent to a metro area",1,0,0,9.2081,0,2.0550,1086,1579,12882.80,2498.36,4058.49,0.193930,0.315032,500.92,0.1313,NULL,NULL,NULL,NULL,NULL,NULL,NULL,NULL,NULL,NULL,NULL,NULL,NULL,NULL,NULL
31061,2023,NE,Franklin,9,Nonmetro,"Nonmetro - Urban population of fewer than 5,000, not adjacent to a metro area",4,1,0,73.6648,1,35.3506,543,846,12751.35,2566.67,4205.25,0.201286,0.329789,482.50,NULL,NULL,NULL,NULL,NULL,NULL,NULL,NULL,NULL,NULL,NULL,NULL,NULL,NULL,NULL,NULL
31063,2023,NE,Frontier,9,Nonmetro,"Nonmetro - Urban population of fewer than 5,000, not adjacent to a metro area",1,0,0,25.3165,0,5.8233,395,613,11330.61,2270.37,4308.47,0.200375,0.380250,387.34,NULL,NULL,NULL,NULL,NULL,NULL,NULL,NULL,NULL,NULL,NULL,NULL,NULL,NULL,NULL,NULL
31065,2023,NE,Furnas,9,Nonmetro,"Nonmetro - Urban population of fewer than 5,000, not adjacent to a metro area",3,0,0,27.4223,0,4.2384,1094,1457,12417.24,1939.06,4849.57,0.156159,0.390551,462.52,0.1714,NULL,NULL,NULL,NULL,NULL,NULL,NULL,NULL,NULL,NULL,NULL,NULL,NULL,NULL,NULL
31067,2023,NE,Gage,6,Nonmetro,"Nonmetro - Urban population of 5,000 to 20,000, adjacent to a metro area",10,2,0,28.8018,2,10.0225,3472,5875,11310.83,2152.49,3314.42,0.190303,0.293031,463.42,0.1363,NULL,NULL,NULL,NULL,NULL,NULL,NULL,NULL,NULL,NULL,NULL,NULL,NULL,NULL,NULL
31069,2023,NE,Garden,9,Nonmetro,"Nonmetro - Urban population of fewer than 5,000, not adjacent to a metro area",1,0,0,20.4082,0,2.0258,490,626,13024.55,2777.24,5049.80,0.213231,0.387714,546.94,0.1545,NULL,NULL,NULL,NULL,NULL,NULL,NULL,NULL,NULL,NULL,NULL,NULL,NULL,NULL,NULL
31071,2023,NE,Garfield,9,Nonmetro,"Nonmetro - Urban population of fewer than 5,000, not adjacent to a metro area",1,0,0,30.7692,0,10.1080,325,510,12502.75,2069.55,3736.67,0.165528,0.298868,393.85,NULL,NULL,NULL,NULL,NULL,NULL,NULL,NULL,NULL,NULL,NULL,NULL,NULL,NULL,NULL,NULL
31073,2023,NE,Gosper,9,Nonmetro,"Nonmetro - Urban population of fewer than 5,000, not adjacent to a metro area",NULL,NULL,NULL,NULL,NULL,NULL,393,558,11061.68,2175.60,3556.40,0.196679,0.321506,437.66,NULL,NULL,NULL,NULL,NULL,NULL,NULL,NULL,NULL,NULL,NULL,NULL,NULL,NULL,NULL,NULL
31075,2023,NE,Grant,9,Nonmetro,"Nonmetro - Urban population of fewer than 5,000, not adjacent to a metro area",NULL,NULL,NULL,NULL,NULL,NULL,139,165,9019.25,1718.78,4537.93,0.190568,0.503138,395.68,NULL,NULL,NULL,NULL,NULL,NULL,NULL,NULL,NULL,NULL,NULL,NULL,NULL,NULL,NULL,NULL
31077,2023,NE,Greeley,8,Nonmetro,"Nonmetro - Urban population of fewer than 5,000, adjacent to a metro area",1,0,0,23.0415,0,4.9910,434,645,11652.27,2353.13,3083.11,0.201946,0.264593,352.53,NULL,NULL,NULL,NULL,NULL,NULL,NULL,NULL,NULL,NULL,NULL,NULL,NULL,NULL,NULL,NULL
31079,2023,NE,Hall,3,Metro,"Metro - Counties in metro areas of fewer than 250,000 population",30,2,0,48.6224,6,21.2314,6170,11710,10804.42,2548.29,2233.49,0.235856,0.206720,493.84,0.1750,NULL,NULL,NULL,NULL,NULL,NULL,NULL,NULL,NULL,NULL,NULL,NULL,NULL,NULL,NULL
31081,2023,NE,Hamilton,8,Nonmetro,"Nonmetro - Urban population of fewer than 5,000, adjacent to a metro area",4,0,0,27.2665,0,5.8876,1467,2270,11919.95,2299.01,3069.25,0.192871,0.257488,443.08,0.1498,NULL,NULL,NULL,NULL,NULL,NULL,NULL,NULL,NULL,NULL,NULL,NULL,NULL,NULL,NULL
31083,2023,NE,Harlan,9,Nonmetro,"Nonmetro - Urban population of fewer than 5,000, not adjacent to a metro area",1,0,0,14.9031,0,3.2887,671,941,13957.48,2380.35,5979.91,0.170543,0.428438,511.18,0.0960,NULL,NULL,NULL,NULL,NULL,NULL,NULL,NULL,NULL,NULL,NULL,NULL,NULL,NULL,NULL
31085,2023,NE,Hayes,9,Nonmetro,"Nonmetro - Urban population of fewer than 5,000, not adjacent to a metro area",NULL,NULL,NULL,NULL,NULL,NULL,195,222,7786.15,1011.25,2732.67,0.129878,0.350965,241.03,NULL,NULL,NULL,NULL,NULL,NULL,NULL,NULL,NULL,NULL,NULL,NULL,NULL,NULL,NULL,NULL
31087,2023,NE,Hitchcock,9,Nonmetro,"Nonmetro - Urban population of fewer than 5,000, not adjacent to a metro area",NULL,NULL,NULL,NULL,NULL,NULL,637,815,10915.45,2029.06,4669.01,0.185889,0.427743,488.23,0.2212,NULL,NULL,NULL,NULL,NULL,NULL,NULL,NULL,NULL,NULL,NULL,NULL,NULL,NULL,NULL
31089,2023,NE,Holt,9,Nonmetro,"Nonmetro - Urban population of fewer than 5,000, not adjacent to a metro area",4,0,0,19.5599,0,2.9417,2045,2782,12682.60,2570.89,3825.08,0.202710,0.301601,343.77,0.1678,NULL,NULL,NULL,NULL,NULL,NULL,NULL,NULL,NULL,NULL,NULL,NULL,NULL,NULL,NULL
31091,2023,NE,Hooker,9,Nonmetro,"Nonmetro - Urban population of fewer than 5,000, not adjacent to a metro area",NULL,NULL,NULL,NULL,NULL,NULL,212,252,8968.53,2151.11,3058.68,0.239851,0.341046,438.68,NULL,NULL,NULL,NULL,NULL,NULL,NULL,NULL,NULL,NULL,NULL,NULL,NULL,NULL,NULL,NULL
31093,2023,NE,Howard,3,Metro,"Metro - Counties in metro areas of fewer than 250,000 population",2,0,0,19.5503,0,4.8660,1023,1662,12234.94,1862.07,3503.03,0.152193,0.286314,422.29,0.1130,NULL,NULL,NULL,NULL,NULL,NULL,NULL,NULL,NULL,NULL,NULL,NULL,NULL,NULL,NULL
31095,2023,NE,Jefferson,9,Nonmetro,"Nonmetro - Urban population of fewer than 5,000, not adjacent to a metro area",5,0,0,38.1098,1,14.4691,1312,2109,11704.91,1583.80,4114.62,0.135311,0.351529,472.56,0.0859,NULL,NULL,NULL,NULL,NULL,NULL,NULL,NULL,NULL,NULL,NULL,NULL,NULL,NULL,NULL
31097,2023,NE,Johnson,8,Nonmetro,"Nonmetro - Urban population of fewer than 5,000, adjacent to a metro area",1,0,0,12.9870,0,2.5158,770,1103,13752.50,2887.04,4076.46,0.209928,0.296416,485.71,0.1258,NULL,NULL,NULL,NULL,NULL,NULL,NULL,NULL,NULL,NULL,NULL,NULL,NULL,NULL,NULL
31099,2023,NE,Kearney,9,Nonmetro,"Nonmetro - Urban population of fewer than 5,000, not adjacent to a metro area",1,0,0,9.8039,0,1.9423,1020,1565,14030.46,2948.45,4104.09,0.210146,0.292513,516.67,0.2105,NULL,NULL,NULL,NULL,NULL,NULL,NULL,NULL,NULL,NULL,NULL,NULL,NULL,NULL,NULL
31101,2023,NE,Keith,9,Nonmetro,"Nonmetro - Urban population of fewer than 5,000, not adjacent to a metro area",6,0,0,34.9854,1,9.2387,1715,2390,10301.11,1990.57,4067.76,0.193238,0.394886,555.10,0.1495,NULL,NULL,NULL,NULL,NULL,NULL,NULL,NULL,NULL,NULL,NULL,NULL,NULL,NULL,NULL
31103,2023,NE,Keya Paha,9,Nonmetro,"Nonmetro - Urban population of fewer than 5,000, not adjacent to a metro area",NULL,NULL,NULL,NULL,NULL,NULL,188,224,13371.15,2284.56,5627.92,0.170857,0.420900,452.13,NULL,NULL,NULL,NULL,NULL,NULL,NULL,NULL,NULL,NULL,NULL,NULL,NULL,NULL,NULL,NULL
31105,2023,NE,Kimball,8,Nonmetro,"Nonmetro - Urban population of fewer than 5,000, adjacent to a metro area",4,0,0,44.4939,1,11.9206,899,1093,12898.11,3019.22,4545.13,0.234082,0.352387,625.14,0.2757,NULL,NULL,NULL,NULL,NULL,NULL,NULL,NULL,NULL,NULL,NULL,NULL,NULL,NULL,NULL
31107,2023,NE,Knox,9,Nonmetro,"Nonmetro - Urban population of fewer than 5,000, not adjacent to a metro area",3,0,0,21.0970,0,5.1650,1422,2434,10451.48,1831.68,2369.97,0.175256,0.226759,447.26,0.1283,NULL,NULL,NULL,NULL,NULL,NULL,NULL,NULL,NULL,NULL,NULL,NULL,NULL,NULL,NULL
31109,2023,NE,Lancaster,2,Metro,"Metro - Counties in metro areas of 250,000 to 1 million population",106,0,0,31.6531,11,5.7647,33488,58842,11496.32,2621.83,1905.05,0.228058,0.165710,481.96,0.1630,NULL,NULL,NULL,NULL,NULL,NULL,NULL,NULL,NULL,NULL,NULL,NULL,NULL,NULL,NULL
31111,2023,NE,Lincoln,5,Nonmetro,"Nonmetro - Urban population of 20,000 or more, not adjacent to a metro area",10,0,0,18.2949,0,2.8078,5466,8568,12297.25,3115.58,3805.38,0.253356,0.309450,625.69,0.1833,NULL,NULL,NULL,NULL,NULL,NULL,NULL,NULL,NULL,NULL,NULL,NULL,NULL,NULL,NULL
31113,2023,NE,Logan,9,Nonmetro,"Nonmetro - Urban population of fewer than 5,000, not adjacent to a metro area",NULL,NULL,NULL,NULL,NULL,NULL,137,179,10526.67,3782.36,3296.58,0.359312,0.313165,408.76,NULL,NULL,NULL,NULL,NULL,NULL,NULL,NULL,NULL,NULL,NULL,NULL,NULL,NULL,NULL,NULL
31115,2023,NE,Loup,9,Nonmetro,"Nonmetro - Urban population of fewer than 5,000, not adjacent to a metro area",NULL,NULL,NULL,NULL,NULL,NULL,136,193,9962.39,1429.76,4324.29,0.143516,0.434062,411.76,NULL,NULL,NULL,NULL,NULL,NULL,NULL,NULL,NULL,NULL,NULL,NULL,NULL,NULL,NULL,NULL
31117,2023,NE,McPherson,9,Nonmetro,"Nonmetro - Urban population of fewer than 5,000, not adjacent to a metro area",NULL,NULL,NULL,NULL,NULL,NULL,83,112,13573.06,3531.15,5020.11,0.260159,0.369858,469.88,NULL,NULL,NULL,NULL,NULL,NULL,NULL,NULL,NULL,NULL,NULL,NULL,NULL,NULL,NULL,NULL
31119,2023,NE,Madison,5,Nonmetro,"Nonmetro - Urban population of 20,000 or more, not adjacent to a metro area",17,0,0,39.9812,2,11.6793,4252,7697,10894.67,2654.74,2189.28,0.243673,0.200950,484.48,0.1481,NULL,NULL,NULL,NULL,NULL,NULL,NULL,NULL,NULL,NULL,NULL,NULL,NULL,NULL,NULL
31121,2023,NE,Merrick,3,Metro,"Metro - Counties in metro areas of fewer than 250,000 population",5,0,0,39.6511,0,8.7296,1261,1944,12553.41,2263.05,3670.29,0.180274,0.292374,444.09,0.1394,NULL,NULL,NULL,NULL,NULL,NULL,NULL,NULL,NULL,NULL,NULL,NULL,NULL,NULL,NULL
31123,2023,NE,Morrill,9,Nonmetro,"Nonmetro - Urban population of fewer than 5,000, not adjacent to a metro area",2,0,0,20.3252,0,0.5624,984,1245,10459.70,2340.81,3378.23,0.223793,0.322976,540.65,0.1646,NULL,NULL,NULL,NULL,NULL,NULL,NULL,NULL,NULL,NULL,NULL,NULL,NULL,NULL,NULL
31125,2023,NE,Nance,8,Nonmetro,"Nonmetro - Urban population of fewer than 5,000, adjacent to a metro area",2,0,0,30.4414,0,3.7034,657,922,12266.27,2348.01,3351.92,0.191420,0.273263,494.67,0.1462,NULL,NULL,NULL,NULL,NULL,NULL,NULL,NULL,NULL,NULL,NULL,NULL,NULL,NULL,NULL
31127,2023,NE,Nemaha,9,Nonmetro,"Nonmetro - Urban population of fewer than 5,000, not adjacent to a metro area",7,0,0,58.8730,2,23.5123,1189,1641,13220.87,2941.14,3994.52,0.222462,0.302137,534.90,0.1811,NULL,NULL,NULL,NULL,NULL,NULL,NULL,NULL,NULL,NULL,NULL,NULL,NULL,NULL,NULL
31129,2023,NE,Nuckolls,9,Nonmetro,"Nonmetro - Urban population of fewer than 5,000, not adjacent to a metro area",2,0,0,18.1653,0,0.9832,1101,1422,12508.44,1985.38,4405.89,0.158723,0.352233,457.77,0.1055,NULL,NULL,NULL,NULL,NULL,NULL,NULL,NULL,NULL,NULL,NULL,NULL,NULL,NULL,NULL
31131,2023,NE,Otoe,6,Nonmetro,"Nonmetro - Urban population of 5,000 to 20,000, adjacent to a metro area",7,0,0,29.0939,2,10.1688,2406,3917,13516.20,2722.79,3977.44,0.201446,0.294272,505.40,0.1341,NULL,NULL,NULL,NULL,NULL,NULL,NULL,NULL,NULL,NULL,NULL,NULL,NULL,NULL,NULL
31133,2023,NE,Pawnee,9,Nonmetro,"Nonmetro - Urban population of fewer than 5,000, not adjacent to a metro area",2,0,0,34.7826,1,21.1400,575,794,11318.18,1705.52,4345.61,0.150689,0.383950,370.43,NULL,NULL,NULL,NULL,NULL,NULL,NULL,NULL,NULL,NULL,NULL,NULL,NULL,NULL,NULL,NULL
31135,2023,NE,Perkins,9,Nonmetro,"Nonmetro - Urban population of fewer than 5,000, not adjacent to a metro area",2,0,0,34.5423,0,3.3897,579,723,12475.29,2266.66,4779.17,0.181692,0.383091,575.13,0.1215,NULL,NULL,NULL,NULL,NULL,NULL,NULL,NULL,NULL,NULL,NULL,NULL,NULL,NULL,NULL
31137,2023,NE,Phelps,7,Nonmetro,"Nonmetro - Urban population of 5,000 to 20,000, not adjacent to a metro area",4,0,0,24.1838,1,9.3470,1654,2268,13725.76,2719.82,4786.16,0.198154,0.348699,487.30,0.1303,NULL,NULL,NULL,NULL,NULL,NULL,NULL,NULL,NULL,NULL,NULL,NULL,NULL,NULL,NULL
31139,2023,NE,Pierce,9,Nonmetro,"Nonmetro - Urban population of fewer than 5,000, not adjacent to a metro area",4,0,0,38.4986,1,17.0547,1039,1666,12222.53,2052.58,2796.05,0.167934,0.228762,414.82,0.1044,NULL,NULL,NULL,NULL,NULL,NULL,NULL,NULL,NULL,NULL,NULL,NULL,NULL,NULL,NULL
31141,2023,NE,Platte,5,Nonmetro,"Nonmetro - Urban population of 20,000 or more, not adjacent to a metro area",11,0,0,22.0308,2,6.0280,4993,7187,10510.78,2608.08,2090.92,0.248134,0.198931,529.94,0.1568,NULL,NULL,NULL,NULL,NULL,NULL,NULL,NULL,NULL,NULL,NULL,NULL,NULL,NULL,NULL
31143,2023,NE,Polk,8,Nonmetro,"Nonmetro - Urban population of fewer than 5,000, adjacent to a metro area",6,2,0,57.5816,2,23.9964,1042,1395,10828.62,2208.91,3441.23,0.203988,0.317790,420.35,0.1899,NULL,NULL,NULL,NULL,NULL,NULL,NULL,NULL,NULL,NULL,NULL,NULL,NULL,NULL,NULL
31145,2023,NE,Red Willow,7,Nonmetro,"Nonmetro - Urban population of 5,000 to 20,000, not adjacent to a metro area",5,1,0,22.2321,1,5.1527,2249,2682,11023.61,2276.67,4384.54,0.206527,0.397741,573.59,0.1261,NULL,NULL,NULL,NULL,NULL,NULL,NULL,NULL,NULL,NULL,NULL,NULL,NULL,NULL,NULL
31147,2023,NE,Richardson,9,Nonmetro,"Nonmetro - Urban population of fewer than 5,000, not adjacent to a metro area",5,1,0,26.3992,1,7.2421,1894,2308,12684.80,2966.04,4055.40,0.233826,0.319705,493.14,0.1660,NULL,NULL,NULL,NULL,NULL,NULL,NULL,NULL,NULL,NULL,NULL,NULL,NULL,NULL,NULL
31149,2023,NE,Rock,9,Nonmetro,"Nonmetro - Urban population of fewer than 5,000, not adjacent to a metro area",2,0,0,63.0915,0,10.0411,317,412,12143.60,2484.13,4900.73,0.204563,0.403565,258.68,0.2000,NULL,NULL,NULL,NULL,NULL,NULL,NULL,NULL,NULL,NULL,NULL,NULL,NULL,NULL,NULL
31151,2023,NE,Saline,6,Nonmetro,"Nonmetro - Urban population of 5,000 to 20,000, adjacent to a metro area",5,0,0,28.6862,0,4.9783,1743,2822,11999.27,2648.84,3382.93,0.220750,0.281928,451.52,0.1246,NULL,NULL,NULL,NULL,NULL,NULL,NULL,NULL,NULL,NULL,NULL,NULL,NULL,NULL,NULL
31153,2023,NE,Sarpy,2,Metro,"Metro - Counties in metro areas of 250,000 to 1 million population",58,2,0,34.2446,4,4.3144,16937,31254,11189.41,2862.25,2473.43,0.255800,0.221051,552.10,0.1774,NULL,NULL,NULL,NULL,NULL,NULL,NULL,NULL,NULL,NULL,NULL,NULL,NULL,NULL,NULL
31155,2023,NE,Saunders,2,Metro,"Metro - Counties in metro areas of 250,000 to 1 million population",10,1,0,33.9098,3,12.7105,2949,5007,12695.58,2713.93,2778.90,0.213770,0.218887,462.87,0.1496,NULL,NULL,NULL,NULL,NULL,NULL,NULL,NULL,NULL,NULL,NULL,NULL,NULL,NULL,NULL
31157,2023,NE,Scotts Bluff,5,Nonmetro,"Nonmetro - Urban population of 20,000 or more, not adjacent to a metro area",11,1,0,19.1171,1,5.0682,5754,8923,10620.82,2870.19,2736.67,0.270242,0.257670,575.60,0.1550,NULL,NULL,NULL,NULL,NULL,NULL,NULL,NULL,NULL,NULL,NULL,NULL,NULL,NULL,NULL
31159,2023,NE,Seward,2,Metro,"Metro - Counties in metro areas of 250,000 to 1 million population",4,0,0,16.5221,0,2.7242,2421,3799,12922.64,2471.10,2751.03,0.191223,0.212885,496.49,0.1362,NULL,NULL,NULL,NULL,NULL,NULL,NULL,NULL,NULL,NULL,NULL,NULL,NULL,NULL,NULL
31161,2023,NE,Sheridan,9,Nonmetro,"Nonmetro - Urban population of fewer than 5,000, not adjacent to a metro area",4,0,0,34.5722,1,9.0837,1157,1475,11937.32,2820.88,3821.49,0.236308,0.320130,442.52,0.1506,NULL,NULL,NULL,NULL,NULL,NULL,NULL,NULL,NULL,NULL,NULL,NULL,NULL,NULL,NULL
31163,2023,NE,Sherman,8,Nonmetro,"Nonmetro - Urban population of fewer than 5,000, adjacent to a metro area",2,0,0,38.6847,0,8.8784,517,890,10892.73,2311.16,3257.19,0.212175,0.299024,400.39,0.2292,NULL,NULL,NULL,NULL,NULL,NULL,NULL,NULL,NULL,NULL,NULL,NULL,NULL,NULL,NULL
31165,2023,NE,Sioux,9,Nonmetro,"Nonmetro - Urban population of fewer than 5,000, not adjacent to a metro area",NULL,NULL,NULL,NULL,NULL,NULL,239,302,10132.49,1765.26,4045.80,0.174218,0.399290,422.59,NULL,NULL,NULL,NULL,NULL,NULL,NULL,NULL,NULL,NULL,NULL,NULL,NULL,NULL,NULL,NULL
31167,2023,NE,Stanton,9,Nonmetro,"Nonmetro - Urban population of fewer than 5,000, not adjacent to a metro area",NULL,NULL,NULL,NULL,NULL,NULL,697,1194,8845.33,1792.45,1888.08,0.202644,0.213455,383.07,NULL,NULL,NULL,NULL,NULL,NULL,NULL,NULL,NULL,NULL,NULL,NULL,NULL,NULL,NULL,NULL
31169,2023,NE,Thayer,9,Nonmetro,"Nonmetro - Urban population of fewer than 5,000, not adjacent to a metro area",3,0,0,27.2975,1,12.5916,1099,1505,14156.37,2302.61,6131.24,0.162655,0.433108,311.19,0.1229,NULL,NULL,NULL,NULL,NULL,NULL,NULL,NULL,NULL,NULL,NULL,NULL,NULL,NULL,NULL
31171,2023,NE,Thomas,9,Nonmetro,"Nonmetro - Urban population of fewer than 5,000, not adjacent to a metro area",NULL,NULL,NULL,NULL,NULL,NULL,176,227,9461.06,2159.12,3681.35,0.228211,0.389105,414.77,NULL,NULL,NULL,NULL,NULL,NULL,NULL,NULL,NULL,NULL,NULL,NULL,NULL,NULL,NULL,NULL
31173,2023,NE,Thurston,8,Nonmetro,"Nonmetro - Urban population of fewer than 5,000, adjacent to a metro area",4,0,0,61.5385,1,27.6018,650,1115,14039.04,3206.98,4010.92,0.228433,0.285698,455.38,0.2276,NULL,NULL,NULL,NULL,NULL,NULL,NULL,NULL,NULL,NULL,NULL,NULL,NULL,NULL,NULL
31175,2023,NE,Valley,9,Nonmetro,"Nonmetro - Urban population of fewer than 5,000, not adjacent to a metro area",3,0,0,39.1134,0,10.6504,767,1197,12603.80,1777.71,3854.94,0.141046,0.305855,408.08,0.1509,NULL,NULL,NULL,NULL,NULL,NULL,NULL,NULL,NULL,NULL,NULL,NULL,NULL,NULL,NULL
31177,2023,NE,Washington,2,Metro,"Metro - Counties in metro areas of 250,000 to 1 million population",7,0,0,27.5916,0,3.6026,2537,4818,11717.89,2367.95,3472.50,0.202080,0.296342,513.99,0.1894,NULL,NULL,NULL,NULL,NULL,NULL,NULL,NULL,NULL,NULL,NULL,NULL,NULL,NULL,NULL
31179,2023,NE,Wayne,7,Nonmetro,"Nonmetro - Urban population of 5,000 to 20,000, not adjacent to a metro area",4,1,0,37.7715,1,14.4070,1059,1650,12244.47,2903.97,3557.58,0.237166,0.290546,439.09,0.1530,NULL,NULL,NULL,NULL,NULL,NULL,NULL,NULL,NULL,NULL,NULL,NULL,NULL,NULL,NULL
31181,2023,NE,Webster,9,Nonmetro,"Nonmetro - Urban population of fewer than 5,000, not adjacent to a metro area",2,0,0,33.5570,0,9.9999,596,948,11208.96,1610.47,3871.87,0.143677,0.345426,449.66,NULL,NULL,NULL,NULL,NULL,NULL,NULL,NULL,NULL,NULL,NULL,NULL,NULL,NULL,NULL,NULL
31183,2023,NE,Wheeler,9,Nonmetro,"Nonmetro - Urban population of fewer than 5,000, not adjacent to a metro area",NULL,NULL,NULL,NULL,NULL,NULL,167,218,10545.53,1963.68,3743.15,0.186210,0.354951,377.25,NULL,NULL,NULL,NULL,NULL,NULL,NULL,NULL,NULL,NULL,NULL,NULL,NULL,NULL,NULL,NULL
31185,2023,NE,York,6,Nonmetro,"Nonmetro - Urban population of 5,000 to 20,000, adjacent to a metro area",6,0,0,24.4002,1,7.3702,2459,3435,11490.75,2172.19,3631.25,0.189038,0.316015,481.90,0.1568,NULL,NULL,NULL,NULL,NULL,NULL,NULL,NULL,NULL,NULL,NULL,NULL,NULL,NULL,NULL
32000,2023,NV,UNKNOWN,NULL,NULL,NULL,NULL,NULL,NULL,NULL,NULL,NULL,NULL,NULL,NULL,NULL,NULL,NULL,NULL,NULL,NULL,NULL,NULL,NULL,NULL,NULL,NULL,NULL,NULL,NULL,NULL,NULL,NULL,NULL,NULL,NULL
32001,2023,NV,Churchill,6,Nonmetro,"Nonmetro - Urban population of 5,000 to 20,000, adjacent to a metro area",5,0,0,13.6724,0,3.0589,3657,6300,9745.55,2676.30,1986.34,0.274618,0.203820,694.83,0.1524,NULL,NULL,NULL,NULL,NULL,NULL,NULL,NULL,NULL,NULL,NULL,NULL,NULL,NULL,NULL
32003,2023,NV,Clark,1,Metro,Metro - Counties in metro areas of 1 million population or more,582,22,0,40.8369,93,11.2409,142518,416477,14028.66,2956.84,998.99,0.210771,0.071211,609.81,0.2037,NULL,NULL,NULL,NULL,NULL,NULL,NULL,NULL,NULL,NULL,NULL,NULL,NULL,NULL,NULL
32005,2023,NV,Douglas,4,Nonmetro,"Nonmetro - Urban population of 20,000 or more, adjacent to a metro area",9,0,0,7.8788,0,0.5456,11423,18351,9047.86,1928.31,2600.69,0.213123,0.287437,621.03,0.1424,NULL,NULL,NULL,NULL,NULL,NULL,NULL,NULL,NULL,NULL,NULL,NULL,NULL,NULL,NULL
32007,2023,NV,Elko,5,Nonmetro,"Nonmetro - Urban population of 20,000 or more, not adjacent to a metro area",14,0,0,21.5683,1,-1.1590,6491,7988,8952.33,2289.14,1813.49,0.255703,0.202572,556.62,0.1341,NULL,NULL,NULL,NULL,NULL,NULL,NULL,NULL,NULL,NULL,NULL,NULL,NULL,NULL,NULL
32009,2023,NV,Esmeralda,9,Nonmetro,"Nonmetro - Urban population of fewer than 5,000, not adjacent to a metro area",NULL,NULL,NULL,NULL,NULL,NULL,211,270,8670.95,1909.74,3050.44,0.220246,0.351800,398.10,NULL,NULL,NULL,NULL,NULL,NULL,NULL,NULL,NULL,NULL,NULL,NULL,NULL,NULL,NULL,NULL
32011,2023,NV,Eureka,9,Nonmetro,"Nonmetro - Urban population of fewer than 5,000, not adjacent to a metro area",3,0,0,93.7500,0,-6.5844,320,387,10064.15,1977.36,1616.42,0.196476,0.160612,437.50,NULL,NULL,NULL,NULL,NULL,NULL,NULL,NULL,NULL,NULL,NULL,NULL,NULL,NULL,NULL,NULL
32013,2023,NV,Humboldt,7,Nonmetro,"Nonmetro - Urban population of 5,000 to 20,000, not adjacent to a metro area",5,0,0,17.5562,0,-2.3959,2848,3386,8853.88,2150.32,2234.76,0.242868,0.252405,605.69,0.1707,NULL,NULL,NULL,NULL,NULL,NULL,NULL,NULL,NULL,NULL,NULL,NULL,NULL,NULL,NULL
32015,2023,NV,Lander,9,Nonmetro,"Nonmetro - Urban population of fewer than 5,000, not adjacent to a metro area",3,0,0,35.2526,0,-1.3328,851,1012,8695.65,1893.37,2633.11,0.217738,0.302808,591.07,0.0991,NULL,NULL,NULL,NULL,NULL,NULL,NULL,NULL,NULL,NULL,NULL,NULL,NULL,NULL,NULL
32017,2023,NV,Lincoln,8,Nonmetro,"Nonmetro - Urban population of fewer than 5,000, adjacent to a metro area",7,0,0,72.9927,3,32.8321,959,1161,9667.56,2294.41,1907.24,0.237331,0.197282,663.19,0.1189,NULL,NULL,NULL,NULL,NULL,NULL,NULL,NULL,NULL,NULL,NULL,NULL,NULL,NULL,NULL
32019,2023,NV,Lyon,2,Metro,"Metro - Counties in metro areas of 250,000 to 1 million population",10,0,0,12.6406,0,2.4583,7911,16204,9658.28,2280.17,2152.11,0.236084,0.222825,516.24,0.1522,NULL,NULL,NULL,NULL,NULL,NULL,NULL,NULL,NULL,NULL,NULL,NULL,NULL,NULL,NULL
32021,2023,NV,Mineral,8,Nonmetro,"Nonmetro - Urban population of fewer than 5,000, adjacent to a metro area",1,0,0,11.2994,0,1.8654,885,1434,9672.50,2651.51,2059.09,0.274129,0.212881,650.85,0.1488,NULL,NULL,NULL,NULL,NULL,NULL,NULL,NULL,NULL,NULL,NULL,NULL,NULL,NULL,NULL
32023,2023,NV,Nye,4,Nonmetro,"Nonmetro - Urban population of 20,000 or more, adjacent to a metro area",14,0,0,23.6887,2,6.5164,5910,18819,11987.04,2576.70,931.78,0.214957,0.077732,279.53,0.1726,NULL,NULL,NULL,NULL,NULL,NULL,NULL,NULL,NULL,NULL,NULL,NULL,NULL,NULL,NULL
32027,2023,NV,Pershing,8,Nonmetro,"Nonmetro - Urban population of fewer than 5,000, adjacent to a metro area",3,0,0,30.7377,0,-3.1606,976,1188,12788.01,2793.29,2787.26,0.218430,0.217959,718.24,0.1554,NULL,NULL,NULL,NULL,NULL,NULL,NULL,NULL,NULL,NULL,NULL,NULL,NULL,NULL,NULL
32029,2023,NV,Storey,2,Metro,"Metro - Counties in metro areas of 250,000 to 1 million population",NULL,NULL,NULL,NULL,NULL,NULL,657,1313,9231.83,2428.02,1655.13,0.263005,0.179285,473.36,0.2605,NULL,NULL,NULL,NULL,NULL,NULL,NULL,NULL,NULL,NULL,NULL,NULL,NULL,NULL,NULL
32031,2023,NV,Washoe,2,Metro,"Metro - Counties in metro areas of 250,000 to 1 million population",102,3,0,22.7166,10,4.7682,44901,102722,9955.52,2456.72,1869.94,0.246770,0.187829,562.66,0.1758,NULL,NULL,NULL,NULL,NULL,NULL,NULL,NULL,NULL,NULL,NULL,NULL,NULL,NULL,NULL
32033,2023,NV,White Pine,9,Nonmetro,"Nonmetro - Urban population of fewer than 5,000, not adjacent to a metro area",6,0,0,34.8432,1,5.2749,1722,2030,11133.78,2579.39,2829.42,0.231672,0.254129,698.03,0.2024,NULL,NULL,NULL,NULL,NULL,NULL,NULL,NULL,NULL,NULL,NULL,NULL,NULL,NULL,NULL
32510,2023,NV,Carson City,3,Metro,"Metro - Counties in metro areas of fewer than 250,000 population",13,0,0,15.7195,0,3.3244,8270,15426,9714.22,2332.78,2050.46,0.240141,0.211078,579.32,0.1731,NULL,NULL,NULL,NULL,NULL,NULL,NULL,NULL,NULL,NULL,NULL,NULL,NULL,NULL,NULL
33000,2023,NH,UNKNOWN,NULL,NULL,NULL,NULL,NULL,NULL,NULL,NULL,NULL,NULL,NULL,NULL,NULL,NULL,NULL,NULL,NULL,NULL,NULL,NULL,NULL,NULL,NULL,NULL,NULL,NULL,NULL,NULL,NULL,NULL,NULL,NULL,NULL
33001,2023,NH,Belknap,4,Nonmetro,"Nonmetro - Urban population of 20,000 or more, adjacent to a metro area",16,0,0,14.0560,0,1.6500,11383,20829,9807.15,2481.43,2592.14,0.253023,0.264311,586.58,0.1683,NULL,NULL,NULL,NULL,NULL,NULL,NULL,NULL,NULL,NULL,NULL,NULL,NULL,NULL,NULL
33003,2023,NH,Carroll,6,Nonmetro,"Nonmetro - Urban population of 5,000 to 20,000, adjacent to a metro area",13,0,0,11.6676,1,1.8315,11142,18657,9494.65,2069.17,3227.43,0.217930,0.339921,577.90,0.1575,NULL,NULL,NULL,NULL,NULL,NULL,NULL,NULL,NULL,NULL,NULL,NULL,NULL,NULL,NULL
33005,2023,NH,Cheshire,4,Nonmetro,"Nonmetro - Urban population of 20,000 or more, adjacent to a metro area",18,0,0,14.6389,0,1.5442,12296,21515,9527.96,2294.99,3161.86,0.240869,0.331851,572.46,0.1606,NULL,NULL,NULL,NULL,NULL,NULL,NULL,NULL,NULL,NULL,NULL,NULL,NULL,NULL,NULL
33007,2023,NH,Coos,7,Nonmetro,"Nonmetro - Urban population of 5,000 to 20,000, not adjacent to a metro area",9,0,0,14.4998,1,4.7958,6207,11071,10269.47,1967.16,4000.68,0.191554,0.389570,685.36,0.1229,NULL,NULL,NULL,NULL,NULL,NULL,NULL,NULL,NULL,NULL,NULL,NULL,NULL,NULL,NULL
33009,2023,NH,Grafton,5,Nonmetro,"Nonmetro - Urban population of 20,000 or more, not adjacent to a metro area",35,0,0,24.1913,3,4.1825,14468,25012,9130.43,2170.82,3169.53,0.237757,0.347139,557.71,0.1751,NULL,NULL,NULL,NULL,NULL,NULL,NULL,NULL,NULL,NULL,NULL,NULL,NULL,NULL,NULL
33011,2023,NH,Hillsborough,2,Metro,"Metro - Counties in metro areas of 250,000 to 1 million population",91,1,0,19.2048,6,3.5305,47384,91869,10451.58,2616.44,2653.74,0.250339,0.253908,547.38,0.1825,NULL,NULL,NULL,NULL,NULL,NULL,NULL,NULL,NULL,NULL,NULL,NULL,NULL,NULL,NULL
33013,2023,NH,Merrimack,4,Nonmetro,"Nonmetro - Urban population of 20,000 or more, adjacent to a metro area",51,1,0,24.9389,4,4.4961,20450,39807,9804.11,2426.15,2510.86,0.247463,0.256103,693.69,0.1746,NULL,NULL,NULL,NULL,NULL,NULL,NULL,NULL,NULL,NULL,NULL,NULL,NULL,NULL,NULL
33015,2023,NH,Rockingham,1,Metro,Metro - Counties in metro areas of 1 million population or more,75,0,0,16.5607,4,1.5982,45288,79620,10291.13,2417.78,2546.60,0.234938,0.247456,540.23,0.1686,NULL,NULL,NULL,NULL,NULL,NULL,NULL,NULL,NULL,NULL,NULL,NULL,NULL,NULL,NULL
33017,2023,NH,Strafford,1,Metro,Metro - Counties in metro areas of 1 million population or more,28,0,0,17.4585,0,2.2071,16038,29651,9915.13,2451.61,2630.87,0.247259,0.265339,635.43,0.1794,NULL,NULL,NULL,NULL,NULL,NULL,NULL,NULL,NULL,NULL,NULL,NULL,NULL,NULL,NULL
33019,2023,NH,Sullivan,7,Nonmetro,"Nonmetro - Urban population of 5,000 to 20,000, not adjacent to a metro area",11,0,0,15.2587,0,2.7630,7209,12628,10043.92,2406.73,3646.03,0.239621,0.363009,680.40,0.1628,NULL,NULL,NULL,NULL,NULL,NULL,NULL,NULL,NULL,NULL,NULL,NULL,NULL,NULL,NULL
34000,2023,NJ,UNKNOWN,NULL,NULL,NULL,NULL,NULL,NULL,NULL,NULL,NULL,NULL,NULL,NULL,NULL,NULL,NULL,NULL,NULL,NULL,NULL,NULL,NULL,NULL,NULL,NULL,NULL,NULL,NULL,NULL,NULL,NULL,NULL,NULL,NULL
34001,2023,NJ,Atlantic,2,Metro,"Metro - Counties in metro areas of 250,000 to 1 million population",85,1,0,27.0890,7,5.6998,31378,65478,12918.90,3071.64,1765.94,0.237763,0.136694,587.77,0.1916,NULL,NULL,NULL,NULL,NULL,NULL,NULL,NULL,NULL,NULL,NULL,NULL,NULL,NULL,NULL
34003,2023,NJ,Bergen,1,Metro,Metro - Counties in metro areas of 1 million population or more,351,8,0,35.8555,32,5.9706,97893,190321,12811.67,2863.30,2412.29,0.223492,0.188288,497.82,0.1823,NULL,NULL,NULL,NULL,NULL,NULL,NULL,NULL,NULL,NULL,NULL,NULL,NULL,NULL,NULL
34005,2023,NJ,Burlington,1,Metro,Metro - Counties in metro areas of 1 million population or more,140,1,0,29.3298,6,3.7587,47733,100977,12853.13,3074.56,2068.85,0.239207,0.160961,611.99,0.2079,NULL,NULL,NULL,NULL,NULL,NULL,NULL,NULL,NULL,NULL,NULL,NULL,NULL,NULL,NULL
34007,2023,NJ,Camden,1,Metro,Metro - Counties in metro areas of 1 million population or more,171,2,0,36.6167,13,8.3119,46700,105680,13396.10,3246.28,2235.36,0.242330,0.166866,681.05,0.2234,NULL,NULL,NULL,NULL,NULL,NULL,NULL,NULL,NULL,NULL,NULL,NULL,NULL,NULL,NULL
34009,2023,NJ,Cape May,2,Metro,"Metro - Counties in metro areas of 250,000 to 1 million population",42,0,0,22.1987,2,2.2027,18920,31154,11888.57,2698.90,2178.62,0.227016,0.183253,549.89,0.1901,NULL,NULL,NULL,NULL,NULL,NULL,NULL,NULL,NULL,NULL,NULL,NULL,NULL,NULL,NULL
34011,2023,NJ,Cumberland,3,Metro,"Metro - Counties in metro areas of fewer than 250,000 population",47,0,0,36.4935,4,11.3708,12879,30881,14492.73,3662.82,1766.26,0.252735,0.121872,718.53,0.1998,NULL,NULL,NULL,NULL,NULL,NULL,NULL,NULL,NULL,NULL,NULL,NULL,NULL,NULL,NULL
34013,2023,NJ,Essex,1,Metro,Metro - Counties in metro areas of 1 million population or more,329,7,0,68.7752,45,18.9340,47837,128562,13077.67,3131.90,1976.45,0.239485,0.151132,546.96,0.2042,NULL,NULL,NULL,NULL,NULL,NULL,NULL,NULL,NULL,NULL,NULL,NULL,NULL,NULL,NULL
34015,2023,NJ,Gloucester,1,Metro,Metro - Counties in metro areas of 1 million population or more,76,0,0,25.0082,4,3.9031,30390,63998,13078.49,3127.38,2194.22,0.239124,0.167773,618.43,0.2030,NULL,NULL,NULL,NULL,NULL,NULL,NULL,NULL,NULL,NULL,NULL,NULL,NULL,NULL,NULL
34017,2023,NJ,Hudson,1,Metro,Metro - Counties in metro areas of 1 million population or more,345,16,0,116.3654,54,41.0470,29648,88092,12657.36,3120.41,1904.01,0.246529,0.150427,626.65,0.2064,NULL,NULL,NULL,NULL,NULL,NULL,NULL,NULL,NULL,NULL,NULL,NULL,NULL,NULL,NULL
34019,2023,NJ,Hunterdon,1,Metro,Metro - Counties in metro areas of 1 million population or more,37,0,0,22.5637,1,0.5319,16398,30730,11307.88,2907.19,1863.71,0.257094,0.164815,490.67,0.2017,NULL,NULL,NULL,NULL,NULL,NULL,NULL,NULL,NULL,NULL,NULL,NULL,NULL,NULL,NULL
34021,2023,NJ,Mercer,2,Metro,"Metro - Counties in metro areas of 250,000 to 1 million population",155,9,0,51.1433,16,10.4584,30307,71822,13435.06,3191.13,2021.78,0.237523,0.150485,635.86,0.2018,NULL,NULL,NULL,NULL,NULL,NULL,NULL,NULL,NULL,NULL,NULL,NULL,NULL,NULL,NULL
34023,2023,NJ,Middlesex,1,Metro,Metro - Counties in metro areas of 1 million population or more,288,8,0,40.1304,44,9.3254,71766,154468,12484.27,3046.40,1804.81,0.244019,0.144567,512.05,0.1865,NULL,NULL,NULL,NULL,NULL,NULL,NULL,NULL,NULL,NULL,NULL,NULL,NULL,NULL,NULL
34025,2023,NJ,Monmouth,1,Metro,Metro - Counties in metro areas of 1 million population or more,259,13,0,31.4381,27,3.6627,82384,143479,13228.89,3053.02,2122.10,0.230784,0.160414,557.01,0.1888,NULL,NULL,NULL,NULL,NULL,NULL,NULL,NULL,NULL,NULL,NULL,NULL,NULL,NULL,NULL
34027,2023,NJ,Morris,1,Metro,Metro - Counties in metro areas of 1 million population or more,184,6,0,32.2451,18,4.4408,57063,104265,12228.31,2781.06,2002.76,0.227428,0.163781,463.66,0.1686,NULL,NULL,NULL,NULL,NULL,NULL,NULL,NULL,NULL,NULL,NULL,NULL,NULL,NULL,NULL
34029,2023,NJ,Ocean,1,Metro,Metro - Counties in metro areas of 1 million population or more,195,4,0,21.2550,21,3.6970,91743,169034,13816.79,3213.36,2174.49,0.232569,0.157380,622.38,0.1944,NULL,NULL,NULL,NULL,NULL,NULL,NULL,NULL,NULL,NULL,NULL,NULL,NULL,NULL,NULL
34031,2023,NJ,Passaic,1,Metro,Metro - Counties in metro areas of 1 million population or more,219,13,0,60.1748,37,17.0795,36394,91427,12958.77,3042.97,2167.61,0.234819,0.167270,519.65,0.1826,NULL,NULL,NULL,NULL,NULL,NULL,NULL,NULL,NULL,NULL,NULL,NULL,NULL,NULL,NULL
34033,2023,NJ,Salem,1,Metro,Metro - Counties in metro areas of 1 million population or more,17,0,0,21.4079,1,4.8087,7941,15287,14006.26,3630.20,2238.69,0.259184,0.159835,683.67,0.2114,NULL,NULL,NULL,NULL,NULL,NULL,NULL,NULL,NULL,NULL,NULL,NULL,NULL,NULL,NULL
34035,2023,NJ,Somerset,1,Metro,Metro - Counties in metro areas of 1 million population or more,105,6,0,31.6322,15,6.1876,33194,65010,11537.47,2755.75,1721.29,0.238852,0.149191,446.50,0.1672,NULL,NULL,NULL,NULL,NULL,NULL,NULL,NULL,NULL,NULL,NULL,NULL,NULL,NULL,NULL
34037,2023,NJ,Sussex,1,Metro,Metro - Counties in metro areas of 1 million population or more,43,1,0,23.6433,2,2.5571,18187,33488,11667.01,2972.08,1852.87,0.254742,0.158813,510.47,0.1817,NULL,NULL,NULL,NULL,NULL,NULL,NULL,NULL,NULL,NULL,NULL,NULL,NULL,NULL,NULL
34039,2023,NJ,Union,1,Metro,Metro - Counties in metro areas of 1 million population or more,189,4,0,49.2688,24,12.6233,38361,95438,11698.60,2765.06,1791.85,0.236358,0.153168,482.10,0.1796,NULL,NULL,NULL,NULL,NULL,NULL,NULL,NULL,NULL,NULL,NULL,NULL,NULL,NULL,NULL
34041,2023,NJ,Warren,2,Metro,"Metro - Counties in metro areas of 250,000 to 1 million population",40,3,0,29.3255,8,8.0941,13640,25810,12469.15,3316.63,2307.25,0.265987,0.185037,644.79,0.1979,NULL,NULL,NULL,NULL,NULL,NULL,NULL,NULL,NULL,NULL,NULL,NULL,NULL,NULL,NULL
35000,2023,NM,UNKNOWN,NULL,NULL,NULL,NULL,NULL,NULL,NULL,NULL,NULL,NULL,NULL,NULL,NULL,NULL,NULL,NULL,NULL,NULL,NULL,NULL,NULL,NULL,NULL,NULL,NULL,NULL,NULL,NULL,NULL,NULL,NULL,NULL,NULL
35001,2023,NM,Bernalillo,2,Metro,"Metro - Counties in metro areas of 250,000 to 1 million population",183,4,0,42.5888,14,7.9093,42969,143096,9634.05,2161.89,2029.20,0.224401,0.210628,499.50,0.1510,NULL,NULL,NULL,NULL,NULL,NULL,NULL,NULL,NULL,NULL,NULL,NULL,NULL,NULL,NULL
35003,2023,NM,Catron,9,Nonmetro,"Nonmetro - Urban population of fewer than 5,000, not adjacent to a metro area",NULL,NULL,NULL,NULL,NULL,NULL,889,1634,7368.49,1857.62,1502.62,0.252103,0.203925,440.94,0.1250,NULL,NULL,NULL,NULL,NULL,NULL,NULL,NULL,NULL,NULL,NULL,NULL,NULL,NULL,NULL
35005,2023,NM,Chaves,5,Nonmetro,"Nonmetro - Urban population of 20,000 or more, not adjacent to a metro area",11,0,0,17.1794,0,4.2443,6403,12669,10519.26,2420.09,1717.81,0.230063,0.163301,715.76,0.1627,NULL,NULL,NULL,NULL,NULL,NULL,NULL,NULL,NULL,NULL,NULL,NULL,NULL,NULL,NULL
35006,2023,NM,Cibola,6,Nonmetro,"Nonmetro - Urban population of 5,000 to 20,000, adjacent to a metro area",9,0,0,42.9185,0,12.5234,2097,5082,9987.71,2546.57,1841.89,0.254970,0.184416,622.79,0.1778,NULL,NULL,NULL,NULL,NULL,NULL,NULL,NULL,NULL,NULL,NULL,NULL,NULL,NULL,NULL
35007,2023,NM,Colfax,7,Nonmetro,"Nonmetro - Urban population of 5,000 to 20,000, not adjacent to a metro area",10,1,0,48.7092,2,18.6679,2053,3979,8402.96,1981.11,2024.45,0.235763,0.240921,581.59,0.1573,NULL,NULL,NULL,NULL,NULL,NULL,NULL,NULL,NULL,NULL,NULL,NULL,NULL,NULL,NULL
35009,2023,NM,Curry,5,Nonmetro,"Nonmetro - Urban population of 20,000 or more, not adjacent to a metro area",7,0,0,14.6966,0,2.9516,4763,8044,11439.17,2450.22,2116.26,0.214196,0.185001,727.48,0.1393,NULL,NULL,NULL,NULL,NULL,NULL,NULL,NULL,NULL,NULL,NULL,NULL,NULL,NULL,NULL
35011,2023,NM,De Baca,9,Nonmetro,"Nonmetro - Urban population of fewer than 5,000, not adjacent to a metro area",NULL,NULL,NULL,NULL,NULL,NULL,359,548,9084.89,2148.49,1577.17,0.236490,0.173604,557.10,NULL,NULL,NULL,NULL,NULL,NULL,NULL,NULL,NULL,NULL,NULL,NULL,NULL,NULL,NULL,NULL
35013,2023,NM,Dona Ana,3,Metro,"Metro - Counties in metro areas of fewer than 250,000 population",40,0,0,20.4803,6,5.0496,19531,47842,10462.77,2439.61,1770.98,0.233171,0.169265,610.41,0.1695,NULL,NULL,NULL,NULL,NULL,NULL,NULL,NULL,NULL,NULL,NULL,NULL,NULL,NULL,NULL
35015,2023,NM,Eddy,5,Nonmetro,"Nonmetro - Urban population of 20,000 or more, not adjacent to a metro area",12,0,0,19.4049,1,7.0440,6184,10320,11625.50,2655.19,2062.53,0.228394,0.177414,799.97,0.1776,NULL,NULL,NULL,NULL,NULL,NULL,NULL,NULL,NULL,NULL,NULL,NULL,NULL,NULL,NULL
35017,2023,NM,Grant,7,Nonmetro,"Nonmetro - Urban population of 5,000 to 20,000, not adjacent to a metro area",9,1,0,19.0034,1,4.6382,4736,9434,8816.39,1987.13,2518.40,0.225390,0.285650,553.63,0.1331,NULL,NULL,NULL,NULL,NULL,NULL,NULL,NULL,NULL,NULL,NULL,NULL,NULL,NULL,NULL
35019,2023,NM,Guadalupe,9,Nonmetro,"Nonmetro - Urban population of fewer than 5,000, not adjacent to a metro area",2,0,0,45.9770,0,20.9770,435,1086,9960.87,2017.10,1826.72,0.202502,0.183390,659.77,0.2121,NULL,NULL,NULL,NULL,NULL,NULL,NULL,NULL,NULL,NULL,NULL,NULL,NULL,NULL,NULL
35021,2023,NM,Harding,9,Nonmetro,"Nonmetro - Urban population of fewer than 5,000, not adjacent to a metro area",NULL,NULL,NULL,NULL,NULL,NULL,166,239,10715.38,2138.55,2656.78,0.199578,0.247941,409.64,NULL,NULL,NULL,NULL,NULL,NULL,NULL,NULL,NULL,NULL,NULL,NULL,NULL,NULL,NULL,NULL
35023,2023,NM,Hidalgo,9,Nonmetro,"Nonmetro - Urban population of fewer than 5,000, not adjacent to a metro area",3,0,0,58.9391,0,12.3552,509,1150,9263.71,2204.13,1795.04,0.237932,0.193771,540.28,0.1744,NULL,NULL,NULL,NULL,NULL,NULL,NULL,NULL,NULL,NULL,NULL,NULL,NULL,NULL,NULL
35025,2023,NM,Lea,5,Nonmetro,"Nonmetro - Urban population of 20,000 or more, not adjacent to a metro area",16,0,0,27.1739,2,10.3450,5888,9831,12027.91,2262.98,3021.18,0.188144,0.251181,733.87,0.1405,NULL,NULL,NULL,NULL,NULL,NULL,NULL,NULL,NULL,NULL,NULL,NULL,NULL,NULL,NULL
35027,2023,NM,Lincoln,7,Nonmetro,"Nonmetro - Urban population of 5,000 to 20,000, not adjacent to a metro area",5,0,0,13.5943,0,2.2203,3678,6757,9872.12,2310.67,2936.82,0.234060,0.297486,594.07,0.1059,NULL,NULL,NULL,NULL,NULL,NULL,NULL,NULL,NULL,NULL,NULL,NULL,NULL,NULL,NULL
35028,2023,NM,Los Alamos,6,Nonmetro,"Nonmetro - Urban population of 5,000 to 20,000, adjacent to a metro area",6,0,0,21.2917,0,0.0076,2818,3805,8527.36,1700.21,2407.51,0.199383,0.282328,489.71,0.1433,NULL,NULL,NULL,NULL,NULL,NULL,NULL,NULL,NULL,NULL,NULL,NULL,NULL,NULL,NULL
35029,2023,NM,Luna,6,Nonmetro,"Nonmetro - Urban population of 5,000 to 20,000, adjacent to a metro area",7,0,0,29.4118,0,7.7400,2380,7011,9794.63,2793.58,1603.66,0.285215,0.163728,623.53,0.1947,NULL,NULL,NULL,NULL,NULL,NULL,NULL,NULL,NULL,NULL,NULL,NULL,NULL,NULL,NULL
35031,2023,NM,McKinley,5,Nonmetro,"Nonmetro - Urban population of 20,000 or more, not adjacent to a metro area",9,0,0,17.2579,1,6.7853,5215,12387,10937.07,2787.28,2778.73,0.254847,0.254065,353.79,0.1671,NULL,NULL,NULL,NULL,NULL,NULL,NULL,NULL,NULL,NULL,NULL,NULL,NULL,NULL,NULL
35033,2023,NM,Mora,8,Nonmetro,"Nonmetro - Urban population of fewer than 5,000, adjacent to a metro area",2,0,0,27.1003,0,9.3383,738,1560,8406.15,2108.04,2047.82,0.250774,0.243610,489.16,0.2233,NULL,NULL,NULL,NULL,NULL,NULL,NULL,NULL,NULL,NULL,NULL,NULL,NULL,NULL,NULL
35035,2023,NM,Otero,4,Nonmetro,"Nonmetro - Urban population of 20,000 or more, adjacent to a metro area",13,1,0,16.7052,1,3.5574,7782,14743,10383.52,2336.51,2550.20,0.225021,0.245601,663.58,0.1439,NULL,NULL,NULL,NULL,NULL,NULL,NULL,NULL,NULL,NULL,NULL,NULL,NULL,NULL,NULL
35037,2023,NM,Quay,7,Nonmetro,"Nonmetro - Urban population of 5,000 to 20,000, not adjacent to a metro area",3,0,0,21.2164,0,6.8279,1414,2631,10050.24,2276.16,2011.20,0.226478,0.200115,666.20,0.1818,NULL,NULL,NULL,NULL,NULL,NULL,NULL,NULL,NULL,NULL,NULL,NULL,NULL,NULL,NULL
35039,2023,NM,Rio Arriba,6,Nonmetro,"Nonmetro - Urban population of 5,000 to 20,000, adjacent to a metro area",6,0,0,14.7820,0,2.9173,4059,9753,8198.28,1966.94,1932.96,0.239921,0.235776,652.87,0.1312,NULL,NULL,NULL,NULL,NULL,NULL,NULL,NULL,NULL,NULL,NULL,NULL,NULL,NULL,NULL
35041,2023,NM,Roosevelt,7,Nonmetro,"Nonmetro - Urban population of 5,000 to 20,000, not adjacent to a metro area",4,0,0,19.9402,1,8.3258,2006,3315,11331.50,2131.67,2424.69,0.188119,0.213978,679.96,0.1656,NULL,NULL,NULL,NULL,NULL,NULL,NULL,NULL,NULL,NULL,NULL,NULL,NULL,NULL,NULL
35043,2023,NM,Sandoval,2,Metro,"Metro - Counties in metro areas of 250,000 to 1 million population",26,0,0,20.9205,2,2.4831,12428,36359,9760.96,2048.33,2255.38,0.209849,0.231061,518.10,0.1586,NULL,NULL,NULL,NULL,NULL,NULL,NULL,NULL,NULL,NULL,NULL,NULL,NULL,NULL,NULL
35045,2023,NM,San Juan,3,Metro,"Metro - Counties in metro areas of fewer than 250,000 population",18,2,0,13.2567,3,3.9249,13578,24458,10595.28,2310.91,2332.52,0.218107,0.220147,544.34,0.1597,NULL,NULL,NULL,NULL,NULL,NULL,NULL,NULL,NULL,NULL,NULL,NULL,NULL,NULL,NULL
35047,2023,NM,San Miguel,6,Nonmetro,"Nonmetro - Urban population of 5,000 to 20,000, adjacent to a metro area",6,0,0,20.1748,0,5.1447,2974,7557,8945.12,2339.14,1445.31,0.261499,0.161575,523.54,0.1438,NULL,NULL,NULL,NULL,NULL,NULL,NULL,NULL,NULL,NULL,NULL,NULL,NULL,NULL,NULL
35049,2023,NM,Santa Fe,3,Metro,"Metro - Counties in metro areas of fewer than 250,000 population",38,1,0,16.6113,3,1.5918,22876,46329,8385.26,1611.45,2090.07,0.192177,0.249255,453.27,0.1316,NULL,NULL,NULL,NULL,NULL,NULL,NULL,NULL,NULL,NULL,NULL,NULL,NULL,NULL,NULL
35051,2023,NM,Sierra,6,Nonmetro,"Nonmetro - Urban population of 5,000 to 20,000, adjacent to a metro area",2,0,0,9.9502,0,1.9662,2010,4753,10294.40,2350.62,2487.28,0.228340,0.241615,622.89,0.1780,NULL,NULL,NULL,NULL,NULL,NULL,NULL,NULL,NULL,NULL,NULL,NULL,NULL,NULL,NULL
35053,2023,NM,Socorro,6,Nonmetro,"Nonmetro - Urban population of 5,000 to 20,000, adjacent to a metro area",5,1,0,31.4663,1,12.9905,1589,4172,9600.61,2219.10,2507.37,0.231142,0.261168,790.43,0.1696,NULL,NULL,NULL,NULL,NULL,NULL,NULL,NULL,NULL,NULL,NULL,NULL,NULL,NULL,NULL
35055,2023,NM,Taos,7,Nonmetro,"Nonmetro - Urban population of 5,000 to 20,000, not adjacent to a metro area",9,0,0,17.3712,0,2.7703,5181,10783,8415.76,1597.42,2406.98,0.189813,0.286009,522.68,0.1355,NULL,NULL,NULL,NULL,NULL,NULL,NULL,NULL,NULL,NULL,NULL,NULL,NULL,NULL,NULL
35057,2023,NM,Torrance,2,Metro,"Metro - Counties in metro areas of 250,000 to 1 million population",NULL,NULL,NULL,NULL,NULL,NULL,1133,4031,7323.63,1918.62,1399.59,0.261977,0.191106,354.81,0.1750,NULL,NULL,NULL,NULL,NULL,NULL,NULL,NULL,NULL,NULL,NULL,NULL,NULL,NULL,NULL
35059,2023,NM,Union,9,Nonmetro,"Nonmetro - Urban population of fewer than 5,000, not adjacent to a metro area",1,0,0,14.2857,0,2.7517,700,988,10574.36,1617.77,2938.55,0.152990,0.277894,721.43,0.1735,NULL,NULL,NULL,NULL,NULL,NULL,NULL,NULL,NULL,NULL,NULL,NULL,NULL,NULL,NULL
35061,2023,NM,Valencia,2,Metro,"Metro - Counties in metro areas of 250,000 to 1 million population",13,0,0,25.5604,0,4.1012,5086,17975,8993.36,2073.78,1858.55,0.230590,0.206658,434.53,0.1506,NULL,NULL,NULL,NULL,NULL,NULL,NULL,NULL,NULL,NULL,NULL,NULL,NULL,NULL,NULL
36000,2023,NY,UNKNOWN,NULL,NULL,NULL,NULL,NULL,NULL,NULL,NULL,NULL,NULL,NULL,NULL,NULL,NULL,NULL,NULL,NULL,NULL,NULL,NULL,NULL,NULL,NULL,NULL,NULL,NULL,NULL,NULL,NULL,NULL,NULL,NULL,NULL
36001,2023,NY,Albany,2,Metro,"Metro - Counties in metro areas of 250,000 to 1 million population",110,2,0,47.0769,11,9.4743,23366,67645,11021.90,2856.04,1716.25,0.259124,0.155713,542.84,0.1866,NULL,NULL,NULL,NULL,NULL,NULL,NULL,NULL,NULL,NULL,NULL,NULL,NULL,NULL,NULL
36003,2023,NY,Allegany,7,Nonmetro,"Nonmetro - Urban population of 5,000 to 20,000, not adjacent to a metro area",6,0,0,13.7143,0,2.4973,4375,11454,10219.51,2539.92,3094.68,0.248536,0.302821,770.51,0.1499,NULL,NULL,NULL,NULL,NULL,NULL,NULL,NULL,NULL,NULL,NULL,NULL,NULL,NULL,NULL
36005,2023,NY,Bronx,1,Metro,Metro - Counties in metro areas of 1 million population or more,849,33,0,170.8215,120,49.1633,49701,228555,14155.83,4160.36,1891.58,0.293897,0.133626,649.10,0.2061,NULL,NULL,NULL,NULL,NULL,NULL,NULL,NULL,NULL,NULL,NULL,NULL,NULL,NULL,NULL
36007,2023,NY,Broome,3,Metro,"Metro - Counties in metro areas of fewer than 250,000 population",57,0,0,37.6760,2,12.2142,15129,47062,10847.61,3058.81,2896.82,0.281980,0.267047,615.57,0.1700,NULL,NULL,NULL,NULL,NULL,NULL,NULL,NULL,NULL,NULL,NULL,NULL,NULL,NULL,NULL
36009,2023,NY,Cattaraugus,4,Nonmetro,"Nonmetro - Urban population of 20,000 or more, adjacent to a metro area",23,0,0,37.1807,3,11.7516,6186,19875,9666.08,2607.75,2300.12,0.269784,0.237958,652.60,0.1774,NULL,NULL,NULL,NULL,NULL,NULL,NULL,NULL,NULL,NULL,NULL,NULL,NULL,NULL,NULL
36011,2023,NY,Cayuga,4,Nonmetro,"Nonmetro - Urban population of 20,000 or more, adjacent to a metro area",19,0,0,24.4247,0,4.1017,7779,18644,11093.47,3005.57,2143.45,0.270931,0.193217,603.81,0.1947,NULL,NULL,NULL,NULL,NULL,NULL,NULL,NULL,NULL,NULL,NULL,NULL,NULL,NULL,NULL
36013,2023,NY,Chautauqua,4,Nonmetro,"Nonmetro - Urban population of 20,000 or more, adjacent to a metro area",39,3,0,36.0410,4,10.9388,10821,33406,10408.14,2582.03,2402.97,0.248078,0.230874,626.37,0.1606,NULL,NULL,NULL,NULL,NULL,NULL,NULL,NULL,NULL,NULL,NULL,NULL,NULL,NULL,NULL
36015,2023,NY,Chemung,3,Metro,"Metro - Counties in metro areas of fewer than 250,000 population",28,2,0,38.6100,3,13.2782,7252,21231,10966.91,2799.24,3220.23,0.255244,0.293631,717.32,0.1743,NULL,NULL,NULL,NULL,NULL,NULL,NULL,NULL,NULL,NULL,NULL,NULL,NULL,NULL,NULL
36017,2023,NY,Chenango,6,Nonmetro,"Nonmetro - Urban population of 5,000 to 20,000, adjacent to a metro area",10,0,0,22.7221,1,7.6138,4401,13137,10303.69,2801.44,2899.39,0.271887,0.281393,724.15,0.1702,NULL,NULL,NULL,NULL,NULL,NULL,NULL,NULL,NULL,NULL,NULL,NULL,NULL,NULL,NULL
36019,2023,NY,Clinton,4,Nonmetro,"Nonmetro - Urban population of 20,000 or more, adjacent to a metro area",29,0,0,25.9764,1,3.8438,11164,20344,10406.88,2633.16,3079.40,0.253021,0.295900,611.97,0.1612,NULL,NULL,NULL,NULL,NULL,NULL,NULL,NULL,NULL,NULL,NULL,NULL,NULL,NULL,NULL
36021,2023,NY,Columbia,6,Nonmetro,"Nonmetro - Urban population of 5,000 to 20,000, adjacent to a metro area",13,0,0,15.1075,0,1.1993,8605,17705,9946.38,2372.19,2228.99,0.238498,0.224101,544.22,0.1567,NULL,NULL,NULL,NULL,NULL,NULL,NULL,NULL,NULL,NULL,NULL,NULL,NULL,NULL,NULL
36023,2023,NY,Cortland,4,Nonmetro,"Nonmetro - Urban population of 20,000 or more, adjacent to a metro area",12,0,0,26.7320,0,4.5385,4489,10235,10712.02,2842.56,2667.45,0.265362,0.249015,672.09,0.1869,NULL,NULL,NULL,NULL,NULL,NULL,NULL,NULL,NULL,NULL,NULL,NULL,NULL,NULL,NULL
36025,2023,NY,Delaware,8,Nonmetro,"Nonmetro - Urban population of fewer than 5,000, adjacent to a metro area",21,0,0,35.5330,2,9.3838,5910,13074,11417.71,2839.04,3433.24,0.248652,0.300694,722.84,0.1682,NULL,NULL,NULL,NULL,NULL,NULL,NULL,NULL,NULL,NULL,NULL,NULL,NULL,NULL,NULL
36027,2023,NY,Dutchess,2,Metro,"Metro - Counties in metro areas of 250,000 to 1 million population",98,2,0,28.9017,7,6.4940,33908,67563,12095.58,3168.10,2056.93,0.261922,0.170056,584.99,0.1738,NULL,NULL,NULL,NULL,NULL,NULL,NULL,NULL,NULL,NULL,NULL,NULL,NULL,NULL,NULL
36029,2023,NY,Erie,1,Metro,Metro - Counties in metro areas of 1 million population or more,278,8,0,59.6362,21,13.8235,46616,218164,10778.34,2884.90,1954.48,0.267657,0.181334,598.89,0.1839,NULL,NULL,NULL,NULL,NULL,NULL,NULL,NULL,NULL,NULL,NULL,NULL,NULL,NULL,NULL
36031,2023,NY,Essex,6,Nonmetro,"Nonmetro - Urban population of 5,000 to 20,000, adjacent to a metro area",17,0,0,29.0449,0,3.3729,5853,10768,9812.49,2115.12,3541.35,0.215554,0.360902,731.93,0.1502,NULL,NULL,NULL,NULL,NULL,NULL,NULL,NULL,NULL,NULL,NULL,NULL,NULL,NULL,NULL
36033,2023,NY,Franklin,7,Nonmetro,"Nonmetro - Urban population of 5,000 to 20,000, not adjacent to a metro area",14,0,0,21.8001,1,4.3948,6422,12469,9354.67,2524.92,2866.41,0.269910,0.306415,715.66,0.1924,NULL,NULL,NULL,NULL,NULL,NULL,NULL,NULL,NULL,NULL,NULL,NULL,NULL,NULL,NULL
36035,2023,NY,Fulton,4,Nonmetro,"Nonmetro - Urban population of 20,000 or more, adjacent to a metro area",22,0,0,50.9968,1,13.7231,4314,14606,11534.72,3352.41,2520.43,0.290636,0.218508,908.67,0.1977,NULL,NULL,NULL,NULL,NULL,NULL,NULL,NULL,NULL,NULL,NULL,NULL,NULL,NULL,NULL
36037,2023,NY,Genesee,4,Nonmetro,"Nonmetro - Urban population of 20,000 or more, adjacent to a metro area",16,0,0,46.4172,0,9.2425,3447,14684,11181.01,3251.88,2676.08,0.290840,0.239342,651.00,0.1954,NULL,NULL,NULL,NULL,NULL,NULL,NULL,NULL,NULL,NULL,NULL,NULL,NULL,NULL,NULL
36039,2023,NY,Greene,6,Nonmetro,"Nonmetro - Urban population of 5,000 to 20,000, adjacent to a metro area",17,0,0,30.7637,0,4.1012,5526,12951,10087.13,2666.07,1801.99,0.264304,0.178642,512.85,0.1667,NULL,NULL,NULL,NULL,NULL,NULL,NULL,NULL,NULL,NULL,NULL,NULL,NULL,NULL,NULL
36041,2023,NY,Hamilton,8,Nonmetro,"Nonmetro - Urban population of fewer than 5,000, adjacent to a metro area",NULL,NULL,NULL,NULL,NULL,NULL,848,1833,8660.64,2256.11,1957.34,0.260502,0.226004,429.25,0.1168,NULL,NULL,NULL,NULL,NULL,NULL,NULL,NULL,NULL,NULL,NULL,NULL,NULL,NULL,NULL
36043,2023,NY,Herkimer,2,Metro,"Metro - Counties in metro areas of 250,000 to 1 million population",14,0,0,21.9849,0,3.6074,6368,16109,10573.49,2778.20,2388.10,0.262751,0.225857,615.42,0.1738,NULL,NULL,NULL,NULL,NULL,NULL,NULL,NULL,NULL,NULL,NULL,NULL,NULL,NULL,NULL
36045,2023,NY,Jefferson,3,Metro,"Metro - Counties in metro areas of fewer than 250,000 population",29,1,0,27.9923,2,5.4057,10360,22504,10405.50,2534.19,2967.42,0.243543,0.285178,609.27,0.1619,NULL,NULL,NULL,NULL,NULL,NULL,NULL,NULL,NULL,NULL,NULL,NULL,NULL,NULL,NULL
36047,2023,NY,Kings,1,Metro,Metro - Counties in metro areas of 1 million population or more,1469,57,0,102.9598,184,23.2728,142677,409032,14527.70,3903.63,1889.92,0.268703,0.130091,546.33,0.2040,NULL,NULL,NULL,NULL,NULL,NULL,NULL,NULL,NULL,NULL,NULL,NULL,NULL,NULL,NULL
36049,2023,NY,Lewis,8,Nonmetro,"Nonmetro - Urban population of fewer than 5,000, adjacent to a metro area",5,0,0,16.2180,0,1.9770,3083,6737,10293.61,2476.58,3216.86,0.240594,0.312510,689.91,0.1830,NULL,NULL,NULL,NULL,NULL,NULL,NULL,NULL,NULL,NULL,NULL,NULL,NULL,NULL,NULL
36051,2023,NY,Livingston,1,Metro,Metro - Counties in metro areas of 1 million population or more,15,0,0,43.8340,1,10.4768,3422,15274,9668.95,2471.43,3179.33,0.255605,0.328819,543.83,0.1648,NULL,NULL,NULL,NULL,NULL,NULL,NULL,NULL,NULL,NULL,NULL,NULL,NULL,NULL,NULL
36053,2023,NY,Madison,2,Metro,"Metro - Counties in metro areas of 250,000 to 1 million population",24,1,0,39.5452,4,11.5536,6069,16719,10427.64,2664.72,1900.33,0.255544,0.182240,570.44,0.1796,NULL,NULL,NULL,NULL,NULL,NULL,NULL,NULL,NULL,NULL,NULL,NULL,NULL,NULL,NULL
36055,2023,NY,Monroe,1,Metro,Metro - Counties in metro areas of 1 million population or more,212,5,0,73.5983,11,19.2534,28805,174475,12373.51,3668.29,3285.66,0.296463,0.265540,758.34,0.2257,NULL,NULL,NULL,NULL,NULL,NULL,NULL,NULL,NULL,NULL,NULL,NULL,NULL,NULL,NULL
36057,2023,NY,Montgomery,4,Nonmetro,"Nonmetro - Urban population of 20,000 or more, adjacent to a metro area",24,0,0,65.9160,4,25.7069,3641,12380,12482.81,3479.13,2728.27,0.278714,0.218562,877.78,0.1627,NULL,NULL,NULL,NULL,NULL,NULL,NULL,NULL,NULL,NULL,NULL,NULL,NULL,NULL,NULL
36059,2023,NY,Nassau,1,Metro,Metro - Counties in metro areas of 1 million population or more,560,32,0,33.5418,87,5.9521,166956,297180,13579.79,3342.88,2105.08,0.246166,0.155016,488.03,0.1710,NULL,NULL,NULL,NULL,NULL,NULL,NULL,NULL,NULL,NULL,NULL,NULL,NULL,NULL,NULL
36061,2023,NY,New York,1,Metro,Metro - Counties in metro areas of 1 million population or more,1002,27,0,79.6142,117,15.3912,125857,301999,12627.32,3271.70,2293.53,0.259097,0.181632,538.79,0.1749,NULL,NULL,NULL,NULL,NULL,NULL,NULL,NULL,NULL,NULL,NULL,NULL,NULL,NULL,NULL
36063,2023,NY,Niagara,1,Metro,Metro - Counties in metro areas of 1 million population or more,62,2,0,51.7832,6,14.5838,11973,55027,10365.50,2678.25,2045.74,0.258381,0.197360,584.40,0.1799,NULL,NULL,NULL,NULL,NULL,NULL,NULL,NULL,NULL,NULL,NULL,NULL,NULL,NULL,NULL
36065,2023,NY,Oneida,2,Metro,"Metro - Counties in metro areas of 250,000 to 1 million population",86,1,0,37.9775,8,8.7344,22645,56429,11062.26,2824.49,2075.88,0.255327,0.187654,671.89,0.1910,NULL,NULL,NULL,NULL,NULL,NULL,NULL,NULL,NULL,NULL,NULL,NULL,NULL,NULL,NULL
36067,2023,NY,Onondaga,2,Metro,"Metro - Counties in metro areas of 250,000 to 1 million population",144,0,0,42.7287,8,9.1094,33701,104750,11165.78,2921.69,1652.24,0.261665,0.147974,533.46,0.1840,NULL,NULL,NULL,NULL,NULL,NULL,NULL,NULL,NULL,NULL,NULL,NULL,NULL,NULL,NULL
36069,2023,NY,Ontario,1,Metro,Metro - Counties in metro areas of 1 million population or more,42,0,0,66.9429,2,14.9543,6274,29702,10405.97,2874.84,2948.08,0.276268,0.283307,727.92,0.1986,NULL,NULL,NULL,NULL,NULL,NULL,NULL,NULL,NULL,NULL,NULL,NULL,NULL,NULL,NULL
36071,2023,NY,Orange,2,Metro,"Metro - Counties in metro areas of 250,000 to 1 million population",121,1,0,31.0551,4,4.1195,38963,71402,11918.57,3104.44,1889.73,0.260471,0.158553,561.89,0.1841,NULL,NULL,NULL,NULL,NULL,NULL,NULL,NULL,NULL,NULL,NULL,NULL,NULL,NULL,NULL
36073,2023,NY,Orleans,1,Metro,Metro - Counties in metro areas of 1 million population or more,14,1,0,57.3770,1,14.7959,2440,10026,10783.64,2682.40,2835.72,0.248747,0.262965,724.59,0.1407,NULL,NULL,NULL,NULL,NULL,NULL,NULL,NULL,NULL,NULL,NULL,NULL,NULL,NULL,NULL
36075,2023,NY,Oswego,2,Metro,"Metro - Counties in metro areas of 250,000 to 1 million population",26,1,0,27.5804,1,7.3686,9427,28089,11615.49,3107.31,2359.06,0.267514,0.203096,540.26,0.2182,NULL,NULL,NULL,NULL,NULL,NULL,NULL,NULL,NULL,NULL,NULL,NULL,NULL,NULL,NULL
36077,2023,NY,Otsego,7,Nonmetro,"Nonmetro - Urban population of 5,000 to 20,000, not adjacent to a metro area",16,0,0,20.5497,0,3.3897,7786,15560,10899.33,2849.30,3392.29,0.261420,0.311238,663.50,0.1629,NULL,NULL,NULL,NULL,NULL,NULL,NULL,NULL,NULL,NULL,NULL,NULL,NULL,NULL,NULL
36079,2023,NY,Putnam,1,Metro,Metro - Counties in metro areas of 1 million population or more,25,0,0,21.3675,0,1.8210,11700,21912,11520.28,2832.70,2071.24,0.245888,0.179791,539.66,0.1733,NULL,NULL,NULL,NULL,NULL,NULL,NULL,NULL,NULL,NULL,NULL,NULL,NULL,NULL,NULL
36081,2023,NY,Queens,1,Metro,Metro - Counties in metro areas of 1 million population or more,1477,104,0,115.8104,328,34.8442,127536,410470,13400.92,3546.92,1781.43,0.264677,0.132933,504.14,0.1956,NULL,NULL,NULL,NULL,NULL,NULL,NULL,NULL,NULL,NULL,NULL,NULL,NULL,NULL,NULL
36083,2023,NY,Rensselaer,2,Metro,"Metro - Counties in metro areas of 250,000 to 1 million population",42,1,0,34.3193,4,7.0753,12238,35469,11164.55,2958.23,2015.41,0.264966,0.180519,556.71,0.1635,NULL,NULL,NULL,NULL,NULL,NULL,NULL,NULL,NULL,NULL,NULL,NULL,NULL,NULL,NULL
36085,2023,NY,Richmond,1,Metro,Metro - Counties in metro areas of 1 million population or more,157,6,0,36.7406,24,6.5996,42732,98550,13506.74,3519.25,2151.54,0.260555,0.159294,546.27,0.1884,NULL,NULL,NULL,NULL,NULL,NULL,NULL,NULL,NULL,NULL,NULL,NULL,NULL,NULL,NULL
36087,2023,NY,Rockland,1,Metro,Metro - Counties in metro areas of 1 million population or more,97,1,0,27.8200,8,4.7409,34867,60495,12959.29,3336.93,2224.55,0.257493,0.171657,532.19,0.1877,NULL,NULL,NULL,NULL,NULL,NULL,NULL,NULL,NULL,NULL,NULL,NULL,NULL,NULL,NULL
36089,2023,NY,St. Lawrence,4,Nonmetro,"Nonmetro - Urban population of 20,000 or more, adjacent to a metro area",34,1,0,27.1522,1,6.0078,12522,25546,9953.03,2417.68,3171.34,0.242909,0.318631,708.35,0.1742,NULL,NULL,NULL,NULL,NULL,NULL,NULL,NULL,NULL,NULL,NULL,NULL,NULL,NULL,NULL
36091,2023,NY,Saratoga,2,Metro,"Metro - Counties in metro areas of 250,000 to 1 million population",56,1,0,27.7640,4,3.7710,20170,56721,10156.78,2509.67,2109.19,0.247093,0.207663,471.15,0.1725,NULL,NULL,NULL,NULL,NULL,NULL,NULL,NULL,NULL,NULL,NULL,NULL,NULL,NULL,NULL
36093,2023,NY,Schenectady,2,Metro,"Metro - Counties in metro areas of 250,000 to 1 million population",47,0,0,44.9675,0,8.5334,10452,35026,10688.14,2774.07,1642.87,0.259547,0.153710,556.64,0.1824,NULL,NULL,NULL,NULL,NULL,NULL,NULL,NULL,NULL,NULL,NULL,NULL,NULL,NULL,NULL
36095,2023,NY,Schoharie,2,Metro,"Metro - Counties in metro areas of 250,000 to 1 million population",9,0,0,23.5110,0,3.3858,3828,8401,10244.06,2470.89,2677.95,0.241202,0.261415,598.48,0.1292,NULL,NULL,NULL,NULL,NULL,NULL,NULL,NULL,NULL,NULL,NULL,NULL,NULL,NULL,NULL
36097,2023,NY,Schuyler,8,Nonmetro,"Nonmetro - Urban population of fewer than 5,000, adjacent to a metro area",5,0,0,26.6809,0,5.1013,1874,5213,9762.65,2103.18,3142.78,0.215431,0.321919,791.89,0.2210,NULL,NULL,NULL,NULL,NULL,NULL,NULL,NULL,NULL,NULL,NULL,NULL,NULL,NULL,NULL
36099,2023,NY,Seneca,6,Nonmetro,"Nonmetro - Urban population of 5,000 to 20,000, adjacent to a metro area",7,0,0,24.7700,0,5.0350,2826,8544,10299.71,2882.72,3132.77,0.279884,0.304161,672.33,0.1669,NULL,NULL,NULL,NULL,NULL,NULL,NULL,NULL,NULL,NULL,NULL,NULL,NULL,NULL,NULL
36101,2023,NY,Steuben,4,Nonmetro,"Nonmetro - Urban population of 20,000 or more, adjacent to a metro area",28,0,0,34.1964,2,9.6935,8188,24147,10120.18,2644.36,3081.30,0.261296,0.304471,680.75,0.1610,NULL,NULL,NULL,NULL,NULL,NULL,NULL,NULL,NULL,NULL,NULL,NULL,NULL,NULL,NULL
36103,2023,NY,Suffolk,1,Metro,Metro - Counties in metro areas of 1 million population or more,480,11,0,24.3519,36,2.6755,197110,327042,13816.63,3484.85,2060.17,0.252221,0.149108,562.05,0.1757,NULL,NULL,NULL,NULL,NULL,NULL,NULL,NULL,NULL,NULL,NULL,NULL,NULL,NULL,NULL
36105,2023,NY,Sullivan,6,Nonmetro,"Nonmetro - Urban population of 5,000 to 20,000, adjacent to a metro area",23,1,0,22.2265,1,4.4214,10348,18349,11822.09,2992.99,2125.94,0.253169,0.179828,723.33,0.1903,NULL,NULL,NULL,NULL,NULL,NULL,NULL,NULL,NULL,NULL,NULL,NULL,NULL,NULL,NULL
36107,2023,NY,Tioga,3,Metro,"Metro - Counties in metro areas of fewer than 250,000 population",8,1,0,20.3511,1,8.1793,3931,12625,10175.02,2624.73,2675.01,0.257958,0.262900,598.58,0.2007,NULL,NULL,NULL,NULL,NULL,NULL,NULL,NULL,NULL,NULL,NULL,NULL,NULL,NULL,NULL
36109,2023,NY,Tompkins,3,Metro,"Metro - Counties in metro areas of fewer than 250,000 population",23,0,0,26.5374,1,4.5154,8667,18913,9510.69,2018.85,2566.82,0.212272,0.269888,595.48,0.1132,NULL,NULL,NULL,NULL,NULL,NULL,NULL,NULL,NULL,NULL,NULL,NULL,NULL,NULL,NULL
36111,2023,NY,Ulster,3,Metro,"Metro - Counties in metro areas of fewer than 250,000 population",47,0,0,20.3322,2,3.2330,23116,45325,11491.02,2948.89,2011.89,0.256626,0.175084,576.01,0.1701,NULL,NULL,NULL,NULL,NULL,NULL,NULL,NULL,NULL,NULL,NULL,NULL,NULL,NULL,NULL
36113,2023,NY,Warren,3,Metro,"Metro - Counties in metro areas of fewer than 250,000 population",28,0,0,38.5622,2,7.7492,7261,19781,10022.58,2414.09,2530.54,0.240865,0.252484,528.99,0.1760,NULL,NULL,NULL,NULL,NULL,NULL,NULL,NULL,NULL,NULL,NULL,NULL,NULL,NULL,NULL
36115,2023,NY,Washington,3,Metro,"Metro - Counties in metro areas of fewer than 250,000 population",20,0,0,35.8809,0,5.8148,5574,16267,10008.89,2469.38,2583.00,0.246719,0.258071,510.05,0.1956,NULL,NULL,NULL,NULL,NULL,NULL,NULL,NULL,NULL,NULL,NULL,NULL,NULL,NULL,NULL
36117,2023,NY,Wayne,1,Metro,Metro - Counties in metro areas of 1 million population or more,29,1,0,53.3775,1,13.8239,5433,24387,11207.94,3913.30,2499.04,0.349154,0.222971,801.40,0.2447,NULL,NULL,NULL,NULL,NULL,NULL,NULL,NULL,NULL,NULL,NULL,NULL,NULL,NULL,NULL
36119,2023,NY,Westchester,1,Metro,Metro - Counties in metro areas of 1 million population or more,328,5,0,33.8078,30,5.3984,97019,195771,12802.65,3370.28,2265.77,0.263249,0.176977,586.69,0.1740,NULL,NULL,NULL,NULL,NULL,NULL,NULL,NULL,NULL,NULL,NULL,NULL,NULL,NULL,NULL
36121,2023,NY,Wyoming,8,Nonmetro,"Nonmetro - Urban population of fewer than 5,000, adjacent to a metro area",12,1,0,45.3686,1,9.2201,2645,9737,9654.11,2311.02,2746.66,0.239382,0.284507,536.48,0.1696,NULL,NULL,NULL,NULL,NULL,NULL,NULL,NULL,NULL,NULL,NULL,NULL,NULL,NULL,NULL
36123,2023,NY,Yates,6,Nonmetro,"Nonmetro - Urban population of 5,000 to 20,000, adjacent to a metro area",6,0,0,35.5450,0,7.2030,1688,6424,10990.35,2785.29,3672.31,0.253431,0.334139,703.79,0.1705,NULL,NULL,NULL,NULL,NULL,NULL,NULL,NULL,NULL,NULL,NULL,NULL,NULL,NULL,NULL
37000,2023,NC,UNKNOWN,NULL,NULL,NULL,NULL,NULL,NULL,NULL,NULL,NULL,NULL,NULL,NULL,NULL,NULL,NULL,NULL,NULL,NULL,NULL,NULL,NULL,NULL,NULL,NULL,NULL,NULL,NULL,NULL,NULL,NULL,NULL,NULL,NULL
37001,2023,NC,Alamance,3,Metro,"Metro - Counties in metro areas of fewer than 250,000 population",63,1,0,65.3527,2,16.3725,9640,37713,11057.64,2741.65,2483.05,0.247942,0.224555,563.90,0.1744,NULL,NULL,NULL,NULL,NULL,NULL,NULL,NULL,NULL,NULL,NULL,NULL,NULL,NULL,NULL
37003,2023,NC,Alexander,2,Metro,"Metro - Counties in metro areas of 250,000 to 1 million population",11,0,0,36.3156,0,12.4026,3029,9086,11122.81,2338.58,2057.24,0.210251,0.184957,459.56,0.1830,NULL,NULL,NULL,NULL,NULL,NULL,NULL,NULL,NULL,NULL,NULL,NULL,NULL,NULL,NULL
37005,2023,NC,Alleghany,9,Nonmetro,"Nonmetro - Urban population of fewer than 5,000, not adjacent to a metro area",3,0,0,17.9964,0,3.0039,1667,3800,9762.79,1946.68,2874.14,0.199398,0.294397,683.86,0.1402,NULL,NULL,NULL,NULL,NULL,NULL,NULL,NULL,NULL,NULL,NULL,NULL,NULL,NULL,NULL
37007,2023,NC,Anson,1,Metro,Metro - Counties in metro areas of 1 million population or more,7,1,0,34.0633,3,22.1903,2055,5878,12064.66,2967.11,2336.12,0.245934,0.193633,876.89,0.1801,NULL,NULL,NULL,NULL,NULL,NULL,NULL,NULL,NULL,NULL,NULL,NULL,NULL,NULL,NULL
37009,2023,NC,Ashe,9,Nonmetro,"Nonmetro - Urban population of fewer than 5,000, not adjacent to a metro area",9,0,0,20.1387,0,3.2911,4469,8732,9769.64,1940.67,2473.42,0.198643,0.253174,582.01,0.1445,NULL,NULL,NULL,NULL,NULL,NULL,NULL,NULL,NULL,NULL,NULL,NULL,NULL,NULL,NULL
37011,2023,NC,Avery,9,Nonmetro,"Nonmetro - Urban population of fewer than 5,000, not adjacent to a metro area",8,0,0,31.5706,0,5.4439,2534,5181,11169.58,2474.88,2569.19,0.221573,0.230017,627.86,0.1807,NULL,NULL,NULL,NULL,NULL,NULL,NULL,NULL,NULL,NULL,NULL,NULL,NULL,NULL,NULL
37013,2023,NC,Beaufort,6,Nonmetro,"Nonmetro - Urban population of 5,000 to 20,000, adjacent to a metro area",23,0,0,34.0842,1,11.1221,6748,14632,10561.44,2655.91,2080.28,0.251472,0.196969,562.09,0.1771,NULL,NULL,NULL,NULL,NULL,NULL,NULL,NULL,NULL,NULL,NULL,NULL,NULL,NULL,NULL
37015,2023,NC,Bertie,9,Nonmetro,"Nonmetro - Urban population of fewer than 5,000, not adjacent to a metro area",13,0,0,51.6899,1,20.9915,2515,5698,12114.06,3005.61,2885.44,0.248109,0.238189,951.49,0.2256,NULL,NULL,NULL,NULL,NULL,NULL,NULL,NULL,NULL,NULL,NULL,NULL,NULL,NULL,NULL
37017,2023,NC,Bladen,8,Nonmetro,"Nonmetro - Urban population of fewer than 5,000, adjacent to a metro area",12,0,0,41.5081,0,16.5653,2891,8533,12515.21,2834.42,2393.59,0.226478,0.191254,787.27,0.1740,NULL,NULL,NULL,NULL,NULL,NULL,NULL,NULL,NULL,NULL,NULL,NULL,NULL,NULL,NULL
37019,2023,NC,Brunswick,2,Metro,"Metro - Counties in metro areas of 250,000 to 1 million population",43,2,0,12.4927,4,1.1254,34420,61859,9924.92,1978.31,2307.56,0.199328,0.232502,469.49,0.1455,NULL,NULL,NULL,NULL,NULL,NULL,NULL,NULL,NULL,NULL,NULL,NULL,NULL,NULL,NULL
37021,2023,NC,Buncombe,2,Metro,"Metro - Counties in metro areas of 250,000 to 1 million population",121,1,0,37.5998,16,9.3261,32181,68196,10200.97,2200.75,1524.08,0.215739,0.149405,391.01,0.1474,NULL,NULL,NULL,NULL,NULL,NULL,NULL,NULL,NULL,NULL,NULL,NULL,NULL,NULL,NULL
37023,2023,NC,Burke,2,Metro,"Metro - Counties in metro areas of 250,000 to 1 million population",43,1,0,52.2542,2,16.5741,8229,23327,10908.19,2327.16,2155.77,0.213341,0.197629,537.12,0.1543,NULL,NULL,NULL,NULL,NULL,NULL,NULL,NULL,NULL,NULL,NULL,NULL,NULL,NULL,NULL
37025,2023,NC,Cabarrus,1,Metro,Metro - Counties in metro areas of 1 million population or more,80,5,0,60.3455,9,19.1670,13257,38779,11338.20,2864.76,2420.32,0.252664,0.213466,616.50,0.1689,NULL,NULL,NULL,NULL,NULL,NULL,NULL,NULL,NULL,NULL,NULL,NULL,NULL,NULL,NULL
37027,2023,NC,Caldwell,2,Metro,"Metro - Counties in metro areas of 250,000 to 1 million population",41,0,0,57.3989,1,17.5781,7143,21409,12775.63,2823.71,2845.94,0.221023,0.222763,615.57,0.1720,NULL,NULL,NULL,NULL,NULL,NULL,NULL,NULL,NULL,NULL,NULL,NULL,NULL,NULL,NULL
37029,2023,NC,Camden,1,Metro,Metro - Counties in metro areas of 1 million population or more,3,0,0,21.2615,0,1.1543,1411,2291,10571.04,2572.63,1878.07,0.243366,0.177662,634.30,0.2349,NULL,NULL,NULL,NULL,NULL,NULL,NULL,NULL,NULL,NULL,NULL,NULL,NULL,NULL,NULL
37031,2023,NC,Carteret,4,Nonmetro,"Nonmetro - Urban population of 20,000 or more, adjacent to a metro area",35,2,0,27.2586,5,6.9403,12840,21928,10176.36,2400.23,2148.76,0.235863,0.211152,550.93,0.1638,NULL,NULL,NULL,NULL,NULL,NULL,NULL,NULL,NULL,NULL,NULL,NULL,NULL,NULL,NULL
37033,2023,NC,Caswell,8,Nonmetro,"Nonmetro - Urban population of fewer than 5,000, adjacent to a metro area",6,0,0,34.1686,1,14.6144,1756,6286,10984.58,2668.90,2210.84,0.242968,0.201268,608.77,0.1698,NULL,NULL,NULL,NULL,NULL,NULL,NULL,NULL,NULL,NULL,NULL,NULL,NULL,NULL,NULL
37035,2023,NC,Catawba,2,Metro,"Metro - Counties in metro areas of 250,000 to 1 million population",84,1,0,58.1758,3,14.6672,14439,38423,11507.20,2427.61,2112.64,0.210964,0.183593,537.16,0.1416,NULL,NULL,NULL,NULL,NULL,NULL,NULL,NULL,NULL,NULL,NULL,NULL,NULL,NULL,NULL
37037,2023,NC,Chatham,2,Metro,"Metro - Counties in metro areas of 250,000 to 1 million population",18,1,0,19.7217,3,5.5561,9127,22099,9615.09,2020.42,2451.40,0.210130,0.254953,413.72,0.1379,NULL,NULL,NULL,NULL,NULL,NULL,NULL,NULL,NULL,NULL,NULL,NULL,NULL,NULL,NULL
37039,2023,NC,Cherokee,9,Nonmetro,"Nonmetro - Urban population of fewer than 5,000, not adjacent to a metro area",15,1,0,28.8850,2,8.4672,5193,10955,9693.80,2169.84,2398.50,0.223838,0.247426,568.07,0.1459,NULL,NULL,NULL,NULL,NULL,NULL,NULL,NULL,NULL,NULL,NULL,NULL,NULL,NULL,NULL
37041,2023,NC,Chowan,8,Nonmetro,"Nonmetro - Urban population of fewer than 5,000, adjacent to a metro area",6,0,0,25.4345,0,6.7371,2359,4452,10487.74,2536.40,2642.33,0.241844,0.251945,835.10,0.1640,NULL,NULL,NULL,NULL,NULL,NULL,NULL,NULL,NULL,NULL,NULL,NULL,NULL,NULL,NULL
37043,2023,NC,Clay,9,Nonmetro,"Nonmetro - Urban population of fewer than 5,000, not adjacent to a metro area",8,0,0,31.8979,0,2.1802,2508,4620,9738.47,2061.29,2630.08,0.211665,0.270071,493.62,0.1201,NULL,NULL,NULL,NULL,NULL,NULL,NULL,NULL,NULL,NULL,NULL,NULL,NULL,NULL,NULL
37045,2023,NC,Cleveland,4,Nonmetro,"Nonmetro - Urban population of 20,000 or more, adjacent to a metro area",41,0,0,42.9860,2,15.6770,9538,25293,11092.39,2818.55,2159.02,0.254098,0.194640,667.75,0.1676,NULL,NULL,NULL,NULL,NULL,NULL,NULL,NULL,NULL,NULL,NULL,NULL,NULL,NULL,NULL
37047,2023,NC,Columbus,6,Nonmetro,"Nonmetro - Urban population of 5,000 to 20,000, adjacent to a metro area",41,1,0,72.2467,5,31.7518,5675,14021,12196.52,2713.89,2411.35,0.222513,0.197708,663.96,0.1563,NULL,NULL,NULL,NULL,NULL,NULL,NULL,NULL,NULL,NULL,NULL,NULL,NULL,NULL,NULL
37049,2023,NC,Craven,4,Nonmetro,"Nonmetro - Urban population of 20,000 or more, adjacent to a metro area",43,0,0,25.9756,4,5.5064,16554,27648,10619.63,2592.24,2213.25,0.244099,0.208411,554.19,0.1758,NULL,NULL,NULL,NULL,NULL,NULL,NULL,NULL,NULL,NULL,NULL,NULL,NULL,NULL,NULL
37051,2023,NC,Cumberland,2,Metro,"Metro - Counties in metro areas of 250,000 to 1 million population",96,2,0,38.2135,11,13.0380,25122,60401,10094.64,2447.32,1676.58,0.242438,0.166086,580.25,0.1856,NULL,NULL,NULL,NULL,NULL,NULL,NULL,NULL,NULL,NULL,NULL,NULL,NULL,NULL,NULL
37053,2023,NC,Currituck,1,Metro,Metro - Counties in metro areas of 1 million population or more,6,1,0,14.3575,1,2.3122,4179,6755,10263.63,2672.20,1996.06,0.260356,0.194479,589.85,0.1953,NULL,NULL,NULL,NULL,NULL,NULL,NULL,NULL,NULL,NULL,NULL,NULL,NULL,NULL,NULL
37055,2023,NC,Dare,4,Nonmetro,"Nonmetro - Urban population of 20,000 or more, adjacent to a metro area",25,2,0,33.0688,4,4.8544,7560,10987,9452.45,2100.86,2605.82,0.222256,0.275677,579.50,0.1749,NULL,NULL,NULL,NULL,NULL,NULL,NULL,NULL,NULL,NULL,NULL,NULL,NULL,NULL,NULL
37057,2023,NC,Davidson,2,Metro,"Metro - Counties in metro areas of 250,000 to 1 million population",40,0,0,39.4516,1,11.2153,10139,41058,11252.41,2761.03,2685.37,0.245372,0.238648,598.38,0.1811,NULL,NULL,NULL,NULL,NULL,NULL,NULL,NULL,NULL,NULL,NULL,NULL,NULL,NULL,NULL
37059,2023,NC,Davie,2,Metro,"Metro - Counties in metro areas of 250,000 to 1 million population",14,0,0,38.4721,0,6.7548,3639,11828,11767.59,2698.86,3302.93,0.229347,0.280680,627.92,0.1819,NULL,NULL,NULL,NULL,NULL,NULL,NULL,NULL,NULL,NULL,NULL,NULL,NULL,NULL,NULL
37061,2023,NC,Duplin,8,Nonmetro,"Nonmetro - Urban population of fewer than 5,000, adjacent to a metro area",22,0,0,44.2211,2,17.2160,4975,11759,12241.28,2979.89,2069.39,0.243430,0.169050,797.39,0.1773,NULL,NULL,NULL,NULL,NULL,NULL,NULL,NULL,NULL,NULL,NULL,NULL,NULL,NULL,NULL
37063,2023,NC,Durham,2,Metro,"Metro - Counties in metro areas of 250,000 to 1 million population",107,2,0,48.9232,9,11.3954,21871,55079,10770.89,2435.22,2495.95,0.226093,0.231731,514.70,0.1731,NULL,NULL,NULL,NULL,NULL,NULL,NULL,NULL,NULL,NULL,NULL,NULL,NULL,NULL,NULL
37065,2023,NC,Edgecombe,3,Metro,"Metro - Counties in metro areas of fewer than 250,000 population",23,0,0,47.0155,3,23.6728,4892,13541,12111.32,3215.87,2076.05,0.265526,0.171414,743.66,0.1447,NULL,NULL,NULL,NULL,NULL,NULL,NULL,NULL,NULL,NULL,NULL,NULL,NULL,NULL,NULL
37067,2023,NC,Forsyth,2,Metro,"Metro - Counties in metro areas of 250,000 to 1 million population",147,4,0,64.8720,9,14.3984,22660,82685,11487.13,2704.81,2984.20,0.235464,0.259786,602.03,0.1776,NULL,NULL,NULL,NULL,NULL,NULL,NULL,NULL,NULL,NULL,NULL,NULL,NULL,NULL,NULL
37069,2023,NC,Franklin,1,Metro,Metro - Counties in metro areas of 1 million population or more,15,1,0,24.2954,1,5.8501,6174,15836,10839.33,2541.43,2081.17,0.234464,0.192002,559.77,0.1606,NULL,NULL,NULL,NULL,NULL,NULL,NULL,NULL,NULL,NULL,NULL,NULL,NULL,NULL,NULL
37071,2023,NC,Gaston,1,Metro,Metro - Counties in metro areas of 1 million population or more,97,2,0,57.9450,8,18.6930,16740,49495,11842.92,3111.86,2144.03,0.262761,0.181039,639.73,0.1861,NULL,NULL,NULL,NULL,NULL,NULL,NULL,NULL,NULL,NULL,NULL,NULL,NULL,NULL,NULL
37073,2023,NC,Gates,1,Metro,Metro - Counties in metro areas of 1 million population or more,5,0,0,33.3333,1,11.7583,1500,2843,12074.36,2986.87,2402.21,0.247373,0.198951,729.33,0.2195,NULL,NULL,NULL,NULL,NULL,NULL,NULL,NULL,NULL,NULL,NULL,NULL,NULL,NULL,NULL
37075,2023,NC,Graham,9,Nonmetro,"Nonmetro - Urban population of fewer than 5,000, not adjacent to a metro area",6,0,0,57.3066,0,16.9026,1047,2413,10857.96,2437.82,2110.81,0.224519,0.194402,598.85,0.1100,NULL,NULL,NULL,NULL,NULL,NULL,NULL,NULL,NULL,NULL,NULL,NULL,NULL,NULL,NULL
37077,2023,NC,Granville,6,Nonmetro,"Nonmetro - Urban population of 5,000 to 20,000, adjacent to a metro area",25,0,0,49.8604,1,15.0071,5014,13287,10531.10,2636.50,2316.48,0.250354,0.219966,597.53,0.1643,NULL,NULL,NULL,NULL,NULL,NULL,NULL,NULL,NULL,NULL,NULL,NULL,NULL,NULL,NULL
37079,2023,NC,Greene,8,Nonmetro,"Nonmetro - Urban population of fewer than 5,000, adjacent to a metro area",8,1,0,47.1143,1,21.7244,1698,4251,9577.51,2418.94,1414.44,0.252565,0.147683,480.57,0.1114,NULL,NULL,NULL,NULL,NULL,NULL,NULL,NULL,NULL,NULL,NULL,NULL,NULL,NULL,NULL
37081,2023,NC,Guilford,2,Metro,"Metro - Counties in metro areas of 250,000 to 1 million population",206,8,0,76.9921,18,23.9057,26756,108103,11094.70,2415.70,2352.06,0.217735,0.211999,567.95,0.1838,NULL,NULL,NULL,NULL,NULL,NULL,NULL,NULL,NULL,NULL,NULL,NULL,NULL,NULL,NULL
37083,2023,NC,Halifax,4,Nonmetro,"Nonmetro - Urban population of 20,000 or more, adjacent to a metro area",22,0,0,41.0448,3,19.5126,5360,14227,11508.57,3105.37,2184.53,0.269831,0.189818,691.60,0.1724,NULL,NULL,NULL,NULL,NULL,NULL,NULL,NULL,NULL,NULL,NULL,NULL,NULL,NULL,NULL
37085,2023,NC,Harnett,4,Nonmetro,"Nonmetro - Urban population of 20,000 or more, adjacent to a metro area",45,2,0,46.5549,3,14.2795,9666,23757,10898.51,2756.90,2071.23,0.252961,0.190047,648.56,0.1736,NULL,NULL,NULL,NULL,NULL,NULL,NULL,NULL,NULL,NULL,NULL,NULL,NULL,NULL,NULL
37087,2023,NC,Haywood,4,Nonmetro,"Nonmetro - Urban population of 20,000 or more, adjacent to a metro area",24,0,0,26.9300,1,5.6809,8912,19780,11457.04,2400.56,2256.86,0.209527,0.196985,484.63,0.1391,NULL,NULL,NULL,NULL,NULL,NULL,NULL,NULL,NULL,NULL,NULL,NULL,NULL,NULL,NULL
37089,2023,NC,Henderson,2,Metro,"Metro - Counties in metro areas of 250,000 to 1 million population",38,2,0,20.3666,2,3.3268,18658,37276,10503.92,2083.09,2665.63,0.198315,0.253775,478.56,0.1355,NULL,NULL,NULL,NULL,NULL,NULL,NULL,NULL,NULL,NULL,NULL,NULL,NULL,NULL,NULL
37091,2023,NC,Hertford,8,Nonmetro,"Nonmetro - Urban population of fewer than 5,000, adjacent to a metro area",10,0,0,40.5022,0,14.0051,2469,5819,10436.65,2617.39,2041.39,0.250788,0.195598,696.64,0.1717,NULL,NULL,NULL,NULL,NULL,NULL,NULL,NULL,NULL,NULL,NULL,NULL,NULL,NULL,NULL
37093,2023,NC,Hoke,2,Metro,"Metro - Counties in metro areas of 250,000 to 1 million population",8,0,0,25.3325,0,7.1589,3158,8581,10181.52,2792.19,2055.20,0.274241,0.201856,728.63,0.1802,NULL,NULL,NULL,NULL,NULL,NULL,NULL,NULL,NULL,NULL,NULL,NULL,NULL,NULL,NULL
37095,2023,NC,Hyde,9,Nonmetro,"Nonmetro - Urban population of fewer than 5,000, not adjacent to a metro area",3,1,0,48.7013,1,23.0603,616,1374,9966.19,2782.89,2040.13,0.279233,0.204705,733.77,0.1415,NULL,NULL,NULL,NULL,NULL,NULL,NULL,NULL,NULL,NULL,NULL,NULL,NULL,NULL,NULL
37097,2023,NC,Iredell,1,Metro,Metro - Counties in metro areas of 1 million population or more,70,0,0,46.3914,5,11.7820,15089,40051,11424.35,2387.16,2028.34,0.208954,0.177545,520.45,0.1633,NULL,NULL,NULL,NULL,NULL,NULL,NULL,NULL,NULL,NULL,NULL,NULL,NULL,NULL,NULL
37099,2023,NC,Jackson,7,Nonmetro,"Nonmetro - Urban population of 5,000 to 20,000, not adjacent to a metro area",13,0,0,27.3109,0,4.4758,4760,9685,11569.43,2581.99,2397.10,0.223173,0.207193,570.17,0.1380,NULL,NULL,NULL,NULL,NULL,NULL,NULL,NULL,NULL,NULL,NULL,NULL,NULL,NULL,NULL
37101,2023,NC,Johnston,1,Metro,Metro - Counties in metro areas of 1 million population or more,47,2,0,29.9382,3,7.9261,15699,39968,11421.18,2819.37,2264.21,0.246855,0.198247,637.43,0.1829,NULL,NULL,NULL,NULL,NULL,NULL,NULL,NULL,NULL,NULL,NULL,NULL,NULL,NULL,NULL
37103,2023,NC,Jones,8,Nonmetro,"Nonmetro - Urban population of fewer than 5,000, adjacent to a metro area",4,0,0,29.6296,0,9.0323,1350,2978,12129.09,3431.77,2133.69,0.282937,0.175915,588.89,0.2357,NULL,NULL,NULL,NULL,NULL,NULL,NULL,NULL,NULL,NULL,NULL,NULL,NULL,NULL,NULL
37105,2023,NC,Lee,4,Nonmetro,"Nonmetro - Urban population of 20,000 or more, adjacent to a metro area",26,1,0,42.7350,2,11.8867,6084,14234,10982.44,2791.71,2536.76,0.254198,0.230983,526.79,0.2078,NULL,NULL,NULL,NULL,NULL,NULL,NULL,NULL,NULL,NULL,NULL,NULL,NULL,NULL,NULL
37107,2023,NC,Lenoir,4,Nonmetro,"Nonmetro - Urban population of 20,000 or more, adjacent to a metro area",34,0,0,51.5152,1,19.3389,6600,15363,11477.71,3089.96,1703.68,0.269214,0.148434,665.30,0.2128,NULL,NULL,NULL,NULL,NULL,NULL,NULL,NULL,NULL,NULL,NULL,NULL,NULL,NULL,NULL
37109,2023,NC,Lincoln,1,Metro,Metro - Counties in metro areas of 1 million population or more,34,0,0,36.8764,2,7.6393,9220,22448,11354.20,2458.38,2360.83,0.216517,0.207926,568.66,0.1590,NULL,NULL,NULL,NULL,NULL,NULL,NULL,NULL,NULL,NULL,NULL,NULL,NULL,NULL,NULL
37111,2023,NC,McDowell,6,Nonmetro,"Nonmetro - Urban population of 5,000 to 20,000, adjacent to a metro area",17,0,0,35.8272,2,13.1549,4745,12828,11660.40,2727.49,1929.85,0.233911,0.165505,660.48,0.1797,NULL,NULL,NULL,NULL,NULL,NULL,NULL,NULL,NULL,NULL,NULL,NULL,NULL,NULL,NULL
37113,2023,NC,Macon,7,Nonmetro,"Nonmetro - Urban population of 5,000 to 20,000, not adjacent to a metro area",14,0,0,20.2928,3,7.1866,6899,12989,9856.40,2228.34,1527.44,0.226081,0.154969,363.68,0.1243,NULL,NULL,NULL,NULL,NULL,NULL,NULL,NULL,NULL,NULL,NULL,NULL,NULL,NULL,NULL
37115,2023,NC,Madison,2,Metro,"Metro - Counties in metro areas of 250,000 to 1 million population",11,0,0,41.3845,0,8.9265,2658,6461,10585.95,2641.19,1396.91,0.249500,0.131959,400.30,0.1667,NULL,NULL,NULL,NULL,NULL,NULL,NULL,NULL,NULL,NULL,NULL,NULL,NULL,NULL,NULL
37117,2023,NC,Martin,6,Nonmetro,"Nonmetro - Urban population of 5,000 to 20,000, adjacent to a metro area",12,1,0,40.2955,2,19.1494,2978,6879,12247.38,3387.91,2255.38,0.276623,0.184152,696.78,0.1983,NULL,NULL,NULL,NULL,NULL,NULL,NULL,NULL,NULL,NULL,NULL,NULL,NULL,NULL,NULL
37119,2023,NC,Mecklenburg,1,Metro,Metro - Counties in metro areas of 1 million population or more,379,5,0,61.6230,35,15.4479,61503,161617,10982.70,2436.34,2265.35,0.221834,0.206265,569.53,0.1640,NULL,NULL,NULL,NULL,NULL,NULL,NULL,NULL,NULL,NULL,NULL,NULL,NULL,NULL,NULL
37121,2023,NC,Mitchell,8,Nonmetro,"Nonmetro - Urban population of fewer than 5,000, adjacent to a metro area",11,0,0,53.8160,1,16.6551,2044,4788,10000.50,2463.44,1435.45,0.246332,0.143538,293.54,0.1547,NULL,NULL,NULL,NULL,NULL,NULL,NULL,NULL,NULL,NULL,NULL,NULL,NULL,NULL,NULL
37123,2023,NC,Montgomery,8,Nonmetro,"Nonmetro - Urban population of fewer than 5,000, adjacent to a metro area",10,1,0,40.0320,3,21.5184,2498,6842,10544.51,2596.53,2334.01,0.246245,0.221348,620.50,0.1437,NULL,NULL,NULL,NULL,NULL,NULL,NULL,NULL,NULL,NULL,NULL,NULL,NULL,NULL,NULL
37125,2023,NC,Moore,3,Metro,"Metro - Counties in metro areas of fewer than 250,000 population",47,1,0,33.2838,4,7.3786,14121,29545,10688.39,2403.84,2269.07,0.224902,0.212293,425.04,0.1529,NULL,NULL,NULL,NULL,NULL,NULL,NULL,NULL,NULL,NULL,NULL,NULL,NULL,NULL,NULL
37127,2023,NC,Nash,3,Metro,"Metro - Counties in metro areas of fewer than 250,000 population",46,0,0,46.4787,3,16.5927,9897,24105,11313.36,2786.97,2323.73,0.246343,0.205397,632.62,0.1720,NULL,NULL,NULL,NULL,NULL,NULL,NULL,NULL,NULL,NULL,NULL,NULL,NULL,NULL,NULL
37129,2023,NC,New Hanover,2,Metro,"Metro - Counties in metro areas of 250,000 to 1 million population",92,0,0,32.0089,10,6.9692,28742,53911,10663.00,2271.80,2011.21,0.213054,0.188616,503.17,0.1529,NULL,NULL,NULL,NULL,NULL,NULL,NULL,NULL,NULL,NULL,NULL,NULL,NULL,NULL,NULL
37131,2023,NC,Northampton,9,Nonmetro,"Nonmetro - Urban population of fewer than 5,000, not adjacent to a metro area",5,0,0,20.8943,0,8.0869,2393,5886,11887.61,3326.75,2237.02,0.279850,0.188181,742.16,0.2037,NULL,NULL,NULL,NULL,NULL,NULL,NULL,NULL,NULL,NULL,NULL,NULL,NULL,NULL,NULL
37133,2023,NC,Onslow,3,Metro,"Metro - Counties in metro areas of fewer than 250,000 population",48,0,0,26.6948,0,2.6262,17981,31539,9833.02,2292.04,1793.02,0.233096,0.182347,508.81,0.1711,NULL,NULL,NULL,NULL,NULL,NULL,NULL,NULL,NULL,NULL,NULL,NULL,NULL,NULL,NULL
37135,2023,NC,Orange,2,Metro,"Metro - Counties in metro areas of 250,000 to 1 million population",55,2,0,49.7783,4,5.6186,11049,27828,9476.22,2145.15,2566.95,0.226372,0.270883,422.84,0.1309,NULL,NULL,NULL,NULL,NULL,NULL,NULL,NULL,NULL,NULL,NULL,NULL,NULL,NULL,NULL
37137,2023,NC,Pamlico,9,Nonmetro,"Nonmetro - Urban population of fewer than 5,000, not adjacent to a metro area",9,2,0,34.6955,2,13.0170,2594,4575,9679.21,1924.43,2404.43,0.198821,0.248412,439.09,0.1260,NULL,NULL,NULL,NULL,NULL,NULL,NULL,NULL,NULL,NULL,NULL,NULL,NULL,NULL,NULL
37139,2023,NC,Pasquotank,4,Nonmetro,"Nonmetro - Urban population of 20,000 or more, adjacent to a metro area",16,0,0,31.0800,1,7.3721,5148,9652,12189.31,3171.95,2076.47,0.260224,0.170352,850.43,0.2246,NULL,NULL,NULL,NULL,NULL,NULL,NULL,NULL,NULL,NULL,NULL,NULL,NULL,NULL,NULL
37141,2023,NC,Pender,2,Metro,"Metro - Counties in metro areas of 250,000 to 1 million population",28,1,0,38.4933,4,11.3838,7274,15232,10450.38,2314.90,2323.77,0.221513,0.222362,552.79,0.1424,NULL,NULL,NULL,NULL,NULL,NULL,NULL,NULL,NULL,NULL,NULL,NULL,NULL,NULL,NULL
37143,2023,NC,Perquimans,8,Nonmetro,"Nonmetro - Urban population of fewer than 5,000, adjacent to a metro area",5,0,0,19.7628,0,3.3855,2530,4436,11101.15,2980.89,2272.84,0.268521,0.204739,708.70,0.1683,NULL,NULL,NULL,NULL,NULL,NULL,NULL,NULL,NULL,NULL,NULL,NULL,NULL,NULL,NULL
37145,2023,NC,Person,2,Metro,"Metro - Counties in metro areas of 250,000 to 1 million population",10,0,0,25.8732,0,6.1104,3865,10655,10133.80,2544.14,2445.98,0.251055,0.241368,615.52,0.1646,NULL,NULL,NULL,NULL,NULL,NULL,NULL,NULL,NULL,NULL,NULL,NULL,NULL,NULL,NULL
37147,2023,NC,Pitt,3,Metro,"Metro - Counties in metro areas of fewer than 250,000 population",78,2,0,53.3991,4,17.7622,14607,34673,11351.16,2983.63,1658.41,0.262848,0.146100,562.33,0.1923,NULL,NULL,NULL,NULL,NULL,NULL,NULL,NULL,NULL,NULL,NULL,NULL,NULL,NULL,NULL
37149,2023,NC,Polk,8,Nonmetro,"Nonmetro - Urban population of fewer than 5,000, adjacent to a metro area",5,0,0,12.5000,0,1.3790,4000,7281,10049.29,1845.60,2620.03,0.183655,0.260718,542.75,0.1226,NULL,NULL,NULL,NULL,NULL,NULL,NULL,NULL,NULL,NULL,NULL,NULL,NULL,NULL,NULL
37151,2023,NC,Randolph,2,Metro,"Metro - Counties in metro areas of 250,000 to 1 million population",39,0,0,51.6419,0,15.9766,7552,33868,10896.39,2686.12,2459.56,0.246515,0.225722,597.46,0.1661,NULL,NULL,NULL,NULL,NULL,NULL,NULL,NULL,NULL,NULL,NULL,NULL,NULL,NULL,NULL
37153,2023,NC,Richmond,4,Nonmetro,"Nonmetro - Urban population of 20,000 or more, adjacent to a metro area",18,0,0,45.5696,0,19.8296,3950,10971,10820.13,2551.22,2559.24,0.235785,0.236526,766.58,0.1471,NULL,NULL,NULL,NULL,NULL,NULL,NULL,NULL,NULL,NULL,NULL,NULL,NULL,NULL,NULL
37155,2023,NC,Robeson,4,Nonmetro,"Nonmetro - Urban population of 20,000 or more, adjacent to a metro area",62,3,0,82.3483,10,47.4232,7529,26707,11648.46,3115.72,2168.91,0.267479,0.186197,764.24,0.1864,NULL,NULL,NULL,NULL,NULL,NULL,NULL,NULL,NULL,NULL,NULL,NULL,NULL,NULL,NULL
37157,2023,NC,Rockingham,2,Metro,"Metro - Counties in metro areas of 250,000 to 1 million population",37,0,0,66.3915,3,27.2931,5573,25616,11088.80,2585.50,2455.43,0.233163,0.221433,642.02,0.1851,NULL,NULL,NULL,NULL,NULL,NULL,NULL,NULL,NULL,NULL,NULL,NULL,NULL,NULL,NULL
37159,2023,NC,Rowan,1,Metro,Metro - Counties in metro areas of 1 million population or more,45,0,0,42.4929,1,12.9944,10590,34338,11247.26,2804.83,2314.61,0.249379,0.205793,582.25,0.1621,NULL,NULL,NULL,NULL,NULL,NULL,NULL,NULL,NULL,NULL,NULL,NULL,NULL,NULL,NULL
37161,2023,NC,Rutherford,4,Nonmetro,"Nonmetro - Urban population of 20,000 or more, adjacent to a metro area",28,0,0,37.7511,2,13.5290,7417,17930,10950.46,2766.88,2278.12,0.252672,0.208039,645.14,0.1452,NULL,NULL,NULL,NULL,NULL,NULL,NULL,NULL,NULL,NULL,NULL,NULL,NULL,NULL,NULL
37163,2023,NC,Sampson,6,Nonmetro,"Nonmetro - Urban population of 5,000 to 20,000, adjacent to a metro area",20,1,0,38.7372,3,16.9395,5163,14039,12067.19,3196.50,2013.40,0.264892,0.166849,732.52,0.2062,NULL,NULL,NULL,NULL,NULL,NULL,NULL,NULL,NULL,NULL,NULL,NULL,NULL,NULL,NULL
37165,2023,NC,Scotland,6,Nonmetro,"Nonmetro - Urban population of 5,000 to 20,000, adjacent to a metro area",20,1,0,69.2281,2,35.2016,2889,8594,11584.21,3242.12,2425.14,0.279874,0.209349,790.59,0.1839,NULL,NULL,NULL,NULL,NULL,NULL,NULL,NULL,NULL,NULL,NULL,NULL,NULL,NULL,NULL
37167,2023,NC,Stanly,6,Nonmetro,"Nonmetro - Urban population of 5,000 to 20,000, adjacent to a metro area",27,1,0,45.9496,2,16.3077,5876,15756,11237.76,3119.59,2437.57,0.277599,0.216909,694.86,0.1875,NULL,NULL,NULL,NULL,NULL,NULL,NULL,NULL,NULL,NULL,NULL,NULL,NULL,NULL,NULL
37169,2023,NC,Stokes,2,Metro,"Metro - Counties in metro areas of 250,000 to 1 million population",16,0,0,51.6296,0,10.0496,3099,12681,11809.78,2844.08,3043.44,0.240824,0.257705,587.61,0.1603,NULL,NULL,NULL,NULL,NULL,NULL,NULL,NULL,NULL,NULL,NULL,NULL,NULL,NULL,NULL
37171,2023,NC,Surry,6,Nonmetro,"Nonmetro - Urban population of 5,000 to 20,000, adjacent to a metro area",34,0,0,59.1819,3,21.0374,5745,19595,11537.53,2661.76,2938.77,0.230704,0.254714,639.34,0.1551,NULL,NULL,NULL,NULL,NULL,NULL,NULL,NULL,NULL,NULL,NULL,NULL,NULL,NULL,NULL
37173,2023,NC,Swain,9,Nonmetro,"Nonmetro - Urban population of fewer than 5,000, not adjacent to a metro area",4,0,0,18.1324,1,7.3294,2206,4104,13037.96,2701.42,3273.52,0.207197,0.251076,532.64,0.1644,NULL,NULL,NULL,NULL,NULL,NULL,NULL,NULL,NULL,NULL,NULL,NULL,NULL,NULL,NULL
37175,2023,NC,Transylvania,6,Nonmetro,"Nonmetro - Urban population of 5,000 to 20,000, adjacent to a metro area",14,0,0,25.7827,0,4.8121,5430,11226,10143.96,2261.02,1932.66,0.222893,0.190523,477.53,0.1756,NULL,NULL,NULL,NULL,NULL,NULL,NULL,NULL,NULL,NULL,NULL,NULL,NULL,NULL,NULL
37177,2023,NC,Tyrrell,9,Nonmetro,"Nonmetro - Urban population of fewer than 5,000, not adjacent to a metro area",1,0,0,20.9644,0,5.0661,477,948,11138.64,2655.93,2936.89,0.238443,0.263667,731.66,0.1809,NULL,NULL,NULL,NULL,NULL,NULL,NULL,NULL,NULL,NULL,NULL,NULL,NULL,NULL,NULL
37179,2023,NC,Union,1,Metro,Metro - Counties in metro areas of 1 million population or more,61,4,0,36.0350,10,10.0279,16928,40288,10912.88,2532.50,2256.56,0.232065,0.206780,597.59,0.1570,NULL,NULL,NULL,NULL,NULL,NULL,NULL,NULL,NULL,NULL,NULL,NULL,NULL,NULL,NULL
37181,2023,NC,Vance,6,Nonmetro,"Nonmetro - Urban population of 5,000 to 20,000, adjacent to a metro area",18,0,0,51.8583,3,25.9426,3471,11154,11169.64,2661.71,2387.94,0.238299,0.213788,747.34,0.1813,NULL,NULL,NULL,NULL,NULL,NULL,NULL,NULL,NULL,NULL,NULL,NULL,NULL,NULL,NULL
37183,2023,NC,Wake,1,Metro,Metro - Counties in metro areas of 1 million population or more,434,9,0,60.4743,36,10.4762,71766,176625,10830.51,2325.40,2207.13,0.214708,0.203788,526.60,0.1603,NULL,NULL,NULL,NULL,NULL,NULL,NULL,NULL,NULL,NULL,NULL,NULL,NULL,NULL,NULL
37185,2023,NC,Warren,8,Nonmetro,"Nonmetro - Urban population of fewer than 5,000, adjacent to a metro area",8,0,0,36.9515,0,12.2906,2165,5747,10861.44,2843.82,2371.19,0.261827,0.218313,663.74,0.2094,NULL,NULL,NULL,NULL,NULL,NULL,NULL,NULL,NULL,NULL,NULL,NULL,NULL,NULL,NULL
37187,2023,NC,Washington,9,Nonmetro,"Nonmetro - Urban population of fewer than 5,000, not adjacent to a metro area",8,0,0,48.6914,1,20.2708,1643,3666,12165.61,3265.12,3018.95,0.268389,0.248154,682.90,0.1935,NULL,NULL,NULL,NULL,NULL,NULL,NULL,NULL,NULL,NULL,NULL,NULL,NULL,NULL,NULL
37189,2023,NC,Watauga,5,Nonmetro,"Nonmetro - Urban population of 20,000 or more, not adjacent to a metro area",17,0,0,34.3434,0,5.4368,4950,10439,9740.38,2072.90,2480.23,0.212815,0.254634,503.43,0.1316,NULL,NULL,NULL,NULL,NULL,NULL,NULL,NULL,NULL,NULL,NULL,NULL,NULL,NULL,NULL
37191,2023,NC,Wayne,3,Metro,"Metro - Counties in metro areas of fewer than 250,000 population",51,0,0,45.8345,2,15.8541,11127,26624,11572.95,3104.06,1921.52,0.268217,0.166035,575.18,0.1911,NULL,NULL,NULL,NULL,NULL,NULL,NULL,NULL,NULL,NULL,NULL,NULL,NULL,NULL,NULL
37193,2023,NC,Wilkes,6,Nonmetro,"Nonmetro - Urban population of 5,000 to 20,000, adjacent to a metro area",14,0,0,24.9066,0,7.9225,5621,18994,11913.94,2901.94,2827.68,0.243575,0.237342,682.44,0.1813,NULL,NULL,NULL,NULL,NULL,NULL,NULL,NULL,NULL,NULL,NULL,NULL,NULL,NULL,NULL
37195,2023,NC,Wilson,4,Nonmetro,"Nonmetro - Urban population of 20,000 or more, adjacent to a metro area",30,1,0,37.1839,1,13.4173,8068,19193,11312.63,2668.53,1827.05,0.235889,0.161505,599.28,0.1794,NULL,NULL,NULL,NULL,NULL,NULL,NULL,NULL,NULL,NULL,NULL,NULL,NULL,NULL,NULL
37197,2023,NC,Yadkin,2,Metro,"Metro - Counties in metro areas of 250,000 to 1 million population",9,0,0,38.0711,0,10.8972,2364,9749,12140.94,2863.98,2992.60,0.235894,0.246488,598.98,0.1720,NULL,NULL,NULL,NULL,NULL,NULL,NULL,NULL,NULL,NULL,NULL,NULL,NULL,NULL,NULL
37199,2023,NC,Yancey,8,Nonmetro,"Nonmetro - Urban population of fewer than 5,000, adjacent to a metro area",6,0,0,22.3714,0,4.6147,2682,5975,10196.17,2211.13,1268.51,0.216859,0.124410,281.13,0.1414,NULL,NULL,NULL,NULL,NULL,NULL,NULL,NULL,NULL,NULL,NULL,NULL,NULL,NULL,NULL
38000,2023,ND,UNKNOWN,NULL,NULL,NULL,NULL,NULL,NULL,NULL,NULL,NULL,NULL,NULL,NULL,NULL,NULL,NULL,NULL,NULL,NULL,NULL,NULL,NULL,NULL,NULL,NULL,NULL,NULL,NULL,NULL,NULL,NULL,NULL,NULL,NULL
38001,2023,ND,Adams,9,Nonmetro,"Nonmetro - Urban population of fewer than 5,000, not adjacent to a metro area",1,0,0,20.7900,0,3.6079,481,737,11855.73,2134.13,4488.52,0.180008,0.378595,413.72,0.1379,NULL,NULL,NULL,NULL,NULL,NULL,NULL,NULL,NULL,NULL,NULL,NULL,NULL,NULL,NULL
38003,2023,ND,Barnes,6,Nonmetro,"Nonmetro - Urban population of 5,000 to 20,000, adjacent to a metro area",5,0,0,28.9519,0,3.7376,1727,2914,10056.73,2076.44,3132.67,0.206473,0.311500,471.34,0.1287,NULL,NULL,NULL,NULL,NULL,NULL,NULL,NULL,NULL,NULL,NULL,NULL,NULL,NULL,NULL
38005,2023,ND,Benson,9,Nonmetro,"Nonmetro - Urban population of fewer than 5,000, not adjacent to a metro area",2,0,0,25.1889,0,3.1382,794,1189,11144.68,2823.36,3397.04,0.253337,0.304813,727.96,0.1525,NULL,NULL,NULL,NULL,NULL,NULL,NULL,NULL,NULL,NULL,NULL,NULL,NULL,NULL,NULL
38007,2023,ND,Billings,9,Nonmetro,"Nonmetro - Urban population of fewer than 5,000, not adjacent to a metro area",NULL,NULL,NULL,NULL,NULL,NULL,120,204,6729.25,NULL,2328.15,NULL,0.345975,433.33,NULL,NULL,NULL,NULL,NULL,NULL,NULL,NULL,NULL,NULL,NULL,NULL,NULL,NULL,NULL,NULL
38009,2023,ND,Bottineau,8,Nonmetro,"Nonmetro - Urban population of fewer than 5,000, adjacent to a metro area",4,0,0,26.6134,0,0.6899,1503,1821,10933.06,1863.15,3761.15,0.170414,0.344016,477.71,0.1707,NULL,NULL,NULL,NULL,NULL,NULL,NULL,NULL,NULL,NULL,NULL,NULL,NULL,NULL,NULL
38011,2023,ND,Bowman,9,Nonmetro,"Nonmetro - Urban population of fewer than 5,000, not adjacent to a metro area",1,0,0,15.8479,0,0.4869,631,862,14043.91,1997.95,3844.72,0.142265,0.273764,416.80,0.1478,NULL,NULL,NULL,NULL,NULL,NULL,NULL,NULL,NULL,NULL,NULL,NULL,NULL,NULL,NULL
38013,2023,ND,Burke,8,Nonmetro,"Nonmetro - Urban population of fewer than 5,000, adjacent to a metro area",NULL,NULL,NULL,NULL,NULL,NULL,444,543,11996.70,1697.33,3588.66,0.141483,0.299137,538.29,0.1622,NULL,NULL,NULL,NULL,NULL,NULL,NULL,NULL,NULL,NULL,NULL,NULL,NULL,NULL,NULL
38015,2023,ND,Burleigh,3,Metro,"Metro - Counties in metro areas of fewer than 250,000 population",36,0,0,33.2594,3,5.5702,10824,20316,10282.25,2616.74,3099.19,0.254491,0.301412,512.29,0.1678,NULL,NULL,NULL,NULL,NULL,NULL,NULL,NULL,NULL,NULL,NULL,NULL,NULL,NULL,NULL
38017,2023,ND,Cass,3,Metro,"Metro - Counties in metro areas of fewer than 250,000 population",58,0,0,36.7600,10,8.3711,15778,30036,11156.86,2589.47,3544.66,0.232097,0.317711,570.98,0.1679,NULL,NULL,NULL,NULL,NULL,NULL,NULL,NULL,NULL,NULL,NULL,NULL,NULL,NULL,NULL
38019,2023,ND,Cavalier,9,Nonmetro,"Nonmetro - Urban population of fewer than 5,000, not adjacent to a metro area",1,0,0,12.3457,0,1.1974,810,1099,11952.38,2791.46,4815.62,0.233548,0.402901,566.67,0.1492,NULL,NULL,NULL,NULL,NULL,NULL,NULL,NULL,NULL,NULL,NULL,NULL,NULL,NULL,NULL
38021,2023,ND,Dickey,9,Nonmetro,"Nonmetro - Urban population of fewer than 5,000, not adjacent to a metro area",6,0,0,92.4499,0,26.0782,649,1245,12154.46,2806.04,3706.07,0.230865,0.304914,560.86,0.1705,NULL,NULL,NULL,NULL,NULL,NULL,NULL,NULL,NULL,NULL,NULL,NULL,NULL,NULL,NULL
38023,2023,ND,Divide,9,Nonmetro,"Nonmetro - Urban population of fewer than 5,000, not adjacent to a metro area",2,0,0,44.6429,0,5.2728,448,548,13590.24,1940.43,4231.76,0.142781,0.311382,575.89,NULL,NULL,NULL,NULL,NULL,NULL,NULL,NULL,NULL,NULL,NULL,NULL,NULL,NULL,NULL,NULL
38025,2023,ND,Dunn,9,Nonmetro,"Nonmetro - Urban population of fewer than 5,000, not adjacent to a metro area",1,0,0,17.6991,0,0.1244,565,830,10060.76,2407.46,2376.81,0.239292,0.236246,446.02,0.1522,NULL,NULL,NULL,NULL,NULL,NULL,NULL,NULL,NULL,NULL,NULL,NULL,NULL,NULL,NULL
38027,2023,ND,Eddy,9,Nonmetro,"Nonmetro - Urban population of fewer than 5,000, not adjacent to a metro area",1,0,0,21.6450,0,2.1137,462,672,11066.69,3336.16,3785.03,0.301460,0.342020,474.03,0.1789,NULL,NULL,NULL,NULL,NULL,NULL,NULL,NULL,NULL,NULL,NULL,NULL,NULL,NULL,NULL
38029,2023,ND,Emmons,8,Nonmetro,"Nonmetro - Urban population of fewer than 5,000, adjacent to a metro area",2,0,0,36.5631,0,6.7568,547,1005,7869.56,1659.29,3131.66,0.210849,0.397946,468.01,NULL,NULL,NULL,NULL,NULL,NULL,NULL,NULL,NULL,NULL,NULL,NULL,NULL,NULL,NULL,NULL
38031,2023,ND,Foster,9,Nonmetro,"Nonmetro - Urban population of fewer than 5,000, not adjacent to a metro area",3,0,0,52.5394,0,1.9492,571,846,10734.72,2529.91,3901.60,0.235675,0.363456,541.16,0.1905,NULL,NULL,NULL,NULL,NULL,NULL,NULL,NULL,NULL,NULL,NULL,NULL,NULL,NULL,NULL
38033,2023,ND,Golden Valley,9,Nonmetro,"Nonmetro - Urban population of fewer than 5,000, not adjacent to a metro area",1,0,0,27.6243,0,2.6866,362,466,8886.14,1643.17,3314.79,0.184914,0.373029,411.60,NULL,NULL,NULL,NULL,NULL,NULL,NULL,NULL,NULL,NULL,NULL,NULL,NULL,NULL,NULL,NULL
38035,2023,ND,Grand Forks,3,Metro,"Metro - Counties in metro areas of fewer than 250,000 population",18,0,0,24.1708,0,1.2028,7447,12214,11810.88,2736.95,3723.38,0.231731,0.315250,572.45,0.1550,NULL,NULL,NULL,NULL,NULL,NULL,NULL,NULL,NULL,NULL,NULL,NULL,NULL,NULL,NULL
38037,2023,ND,Grant,8,Nonmetro,"Nonmetro - Urban population of fewer than 5,000, adjacent to a metro area",1,0,0,24.6914,0,5.8590,405,712,10514.46,2260.96,2942.04,0.215033,0.279809,627.16,NULL,NULL,NULL,NULL,NULL,NULL,NULL,NULL,NULL,NULL,NULL,NULL,NULL,NULL,NULL,NULL
38039,2023,ND,Griggs,9,Nonmetro,"Nonmetro - Urban population of fewer than 5,000, not adjacent to a metro area",1,0,0,22.3214,0,4.0399,448,733,10662.63,2247.82,3856.83,0.210813,0.361715,455.36,0.1549,NULL,NULL,NULL,NULL,NULL,NULL,NULL,NULL,NULL,NULL,NULL,NULL,NULL,NULL,NULL
38041,2023,ND,Hettinger,9,Nonmetro,"Nonmetro - Urban population of fewer than 5,000, not adjacent to a metro area",3,0,0,69.4444,0,9.5642,432,655,8723.23,1684.65,2853.40,0.193122,0.327104,372.69,0.2239,NULL,NULL,NULL,NULL,NULL,NULL,NULL,NULL,NULL,NULL,NULL,NULL,NULL,NULL,NULL
38043,2023,ND,Kidder,8,Nonmetro,"Nonmetro - Urban population of fewer than 5,000, adjacent to a metro area",1,0,0,32.7869,0,8.4560,305,680,9653.46,2748.25,3627.87,0.284691,0.375810,475.41,NULL,NULL,NULL,NULL,NULL,NULL,NULL,NULL,NULL,NULL,NULL,NULL,NULL,NULL,NULL,NULL
38045,2023,ND,LaMoure,9,Nonmetro,"Nonmetro - Urban population of fewer than 5,000, not adjacent to a metro area",3,0,0,52.0833,0,10.8178,576,1194,10802.46,2174.86,3860.95,0.201330,0.357414,579.86,0.1827,NULL,NULL,NULL,NULL,NULL,NULL,NULL,NULL,NULL,NULL,NULL,NULL,NULL,NULL,NULL
38047,2023,ND,Logan,9,Nonmetro,"Nonmetro - Urban population of fewer than 5,000, not adjacent to a metro area",1,0,0,32.8947,0,6.5095,304,547,10165.56,2995.22,2574.70,0.294644,0.253277,578.95,0.1467,NULL,NULL,NULL,NULL,NULL,NULL,NULL,NULL,NULL,NULL,NULL,NULL,NULL,NULL,NULL
38049,2023,ND,McHenry,3,Metro,"Metro - Counties in metro areas of fewer than 250,000 population",2,1,0,22.3964,1,12.7159,893,1430,8508.58,2036.89,2989.45,0.239392,0.351345,500.56,0.1985,NULL,NULL,NULL,NULL,NULL,NULL,NULL,NULL,NULL,NULL,NULL,NULL,NULL,NULL,NULL
38051,2023,ND,McIntosh,9,Nonmetro,"Nonmetro - Urban population of fewer than 5,000, not adjacent to a metro area",3,0,0,61.8557,0,17.5426,485,883,12955.40,2701.21,4030.76,0.208501,0.311126,556.70,0.1353,NULL,NULL,NULL,NULL,NULL,NULL,NULL,NULL,NULL,NULL,NULL,NULL,NULL,NULL,NULL
38053,2023,ND,McKenzie,7,Nonmetro,"Nonmetro - Urban population of 5,000 to 20,000, not adjacent to a metro area",3,0,0,28.1690,0,-1.3586,1065,1332,11486.50,2486.09,3192.49,0.216436,0.277934,714.55,0.1464,NULL,NULL,NULL,NULL,NULL,NULL,NULL,NULL,NULL,NULL,NULL,NULL,NULL,NULL,NULL
38055,2023,ND,McLean,8,Nonmetro,"Nonmetro - Urban population of fewer than 5,000, adjacent to a metro area",4,0,0,23.9952,0,3.2483,1667,2787,10530.24,2363.73,3802.68,0.224471,0.361120,512.90,0.1962,NULL,NULL,NULL,NULL,NULL,NULL,NULL,NULL,NULL,NULL,NULL,NULL,NULL,NULL,NULL
38057,2023,ND,Mercer,8,Nonmetro,"Nonmetro - Urban population of fewer than 5,000, adjacent to a metro area",2,0,0,15.2439,1,8.2850,1312,2157,10059.92,1899.44,3646.26,0.188813,0.362454,463.41,0.1677,NULL,NULL,NULL,NULL,NULL,NULL,NULL,NULL,NULL,NULL,NULL,NULL,NULL,NULL,NULL
38059,2023,ND,Morton,3,Metro,"Metro - Counties in metro areas of fewer than 250,000 population",9,1,0,27.2150,1,6.8380,3307,6973,9651.99,2427.43,3183.62,0.251495,0.329841,508.01,0.1463,NULL,NULL,NULL,NULL,NULL,NULL,NULL,NULL,NULL,NULL,NULL,NULL,NULL,NULL,NULL
38061,2023,ND,Mountrail,8,Nonmetro,"Nonmetro - Urban population of fewer than 5,000, adjacent to a metro area",3,0,0,26.1324,0,3.2491,1148,1589,9391.23,2427.40,2987.14,0.258475,0.318078,548.78,0.1469,NULL,NULL,NULL,NULL,NULL,NULL,NULL,NULL,NULL,NULL,NULL,NULL,NULL,NULL,NULL
38063,2023,ND,Nelson,8,Nonmetro,"Nonmetro - Urban population of fewer than 5,000, adjacent to a metro area",1,0,0,13.7931,0,1.2775,725,1054,10483.67,1781.33,3169.01,0.169915,0.302281,459.31,0.1818,NULL,NULL,NULL,NULL,NULL,NULL,NULL,NULL,NULL,NULL,NULL,NULL,NULL,NULL,NULL
38065,2023,ND,Oliver,3,Metro,"Metro - Counties in metro areas of fewer than 250,000 population",NULL,NULL,NULL,NULL,NULL,NULL,266,448,9556.27,1534.93,3918.91,0.160620,0.410088,473.68,NULL,NULL,NULL,NULL,NULL,NULL,NULL,NULL,NULL,NULL,NULL,NULL,NULL,NULL,NULL,NULL
38067,2023,ND,Pembina,9,Nonmetro,"Nonmetro - Urban population of fewer than 5,000, not adjacent to a metro area",4,0,0,29.3255,0,1.5477,1364,1949,11797.54,2582.06,3977.05,0.218864,0.337108,477.27,0.1940,NULL,NULL,NULL,NULL,NULL,NULL,NULL,NULL,NULL,NULL,NULL,NULL,NULL,NULL,NULL
38069,2023,ND,Pierce,9,Nonmetro,"Nonmetro - Urban population of fewer than 5,000, not adjacent to a metro area",3,0,0,39.6301,0,3.6589,757,1148,9948.91,2614.73,3001.44,0.262816,0.301685,578.60,0.1643,NULL,NULL,NULL,NULL,NULL,NULL,NULL,NULL,NULL,NULL,NULL,NULL,NULL,NULL,NULL
38071,2023,ND,Ramsey,7,Nonmetro,"Nonmetro - Urban population of 5,000 to 20,000, not adjacent to a metro area",3,0,0,14.8883,0,1.8278,2015,2852,11090.16,3482.82,2918.43,0.314046,0.263155,574.69,0.1506,NULL,NULL,NULL,NULL,NULL,NULL,NULL,NULL,NULL,NULL,NULL,NULL,NULL,NULL,NULL
38073,2023,ND,Ransom,8,Nonmetro,"Nonmetro - Urban population of fewer than 5,000, adjacent to a metro area",4,0,0,57.0613,0,18.9661,701,1411,10663.50,2375.27,3449.67,0.222748,0.323503,483.59,0.1322,NULL,NULL,NULL,NULL,NULL,NULL,NULL,NULL,NULL,NULL,NULL,NULL,NULL,NULL,NULL
38075,2023,ND,Renville,3,Metro,"Metro - Counties in metro areas of fewer than 250,000 population",1,0,0,21.9298,0,2.5123,456,593,9483.04,2509.39,3320.10,0.264619,0.350109,489.04,0.1646,NULL,NULL,NULL,NULL,NULL,NULL,NULL,NULL,NULL,NULL,NULL,NULL,NULL,NULL,NULL
38077,2023,ND,Richland,6,Nonmetro,"Nonmetro - Urban population of 5,000 to 20,000, adjacent to a metro area",6,0,0,30.0150,0,3.0850,1999,3808,9136.37,1922.77,3084.63,0.210452,0.337621,463.73,0.1238,NULL,NULL,NULL,NULL,NULL,NULL,NULL,NULL,NULL,NULL,NULL,NULL,NULL,NULL,NULL
38079,2023,ND,Rolette,9,Nonmetro,"Nonmetro - Urban population of fewer than 5,000, not adjacent to a metro area",5,0,0,30.2297,0,1.7072,1654,2403,12012.61,3098.94,4256.29,0.257974,0.354319,612.45,0.2284,NULL,NULL,NULL,NULL,NULL,NULL,NULL,NULL,NULL,NULL,NULL,NULL,NULL,NULL,NULL
38081,2023,ND,Sargent,9,Nonmetro,"Nonmetro - Urban population of fewer than 5,000, not adjacent to a metro area",1,0,0,21.0970,0,8.2435,474,1021,11641.17,2710.42,3567.05,0.232831,0.306417,546.41,0.2396,NULL,NULL,NULL,NULL,NULL,NULL,NULL,NULL,NULL,NULL,NULL,NULL,NULL,NULL,NULL
38083,2023,ND,Sheridan,8,Nonmetro,"Nonmetro - Urban population of fewer than 5,000, adjacent to a metro area",NULL,NULL,NULL,NULL,NULL,NULL,269,431,10159.24,3275.41,2255.49,0.322407,0.222014,405.20,0.3137,NULL,NULL,NULL,NULL,NULL,NULL,NULL,NULL,NULL,NULL,NULL,NULL,NULL,NULL,NULL
38085,2023,ND,Sioux,9,Nonmetro,"Nonmetro - Urban population of fewer than 5,000, not adjacent to a metro area",NULL,NULL,NULL,NULL,NULL,NULL,243,457,11980.38,5502.96,2379.50,0.459331,0.198616,390.95,0.2394,NULL,NULL,NULL,NULL,NULL,NULL,NULL,NULL,NULL,NULL,NULL,NULL,NULL,NULL,NULL
38087,2023,ND,Slope,9,Nonmetro,"Nonmetro - Urban population of fewer than 5,000, not adjacent to a metro area",NULL,NULL,NULL,NULL,NULL,NULL,118,185,8865.57,1639.62,2938.98,0.184942,0.331505,618.64,NULL,NULL,NULL,NULL,NULL,NULL,NULL,NULL,NULL,NULL,NULL,NULL,NULL,NULL,NULL,NULL
38089,2023,ND,Stark,5,Nonmetro,"Nonmetro - Urban population of 20,000 or more, not adjacent to a metro area",10,0,0,26.1780,0,-0.4532,3820,5583,8899.28,1822.35,2721.25,0.204775,0.305783,546.07,0.1248,NULL,NULL,NULL,NULL,NULL,NULL,NULL,NULL,NULL,NULL,NULL,NULL,NULL,NULL,NULL
38091,2023,ND,Steele,8,Nonmetro,"Nonmetro - Urban population of fewer than 5,000, adjacent to a metro area",NULL,NULL,NULL,NULL,NULL,NULL,323,498,10267.57,2005.59,3513.73,0.195332,0.342216,430.34,NULL,NULL,NULL,NULL,NULL,NULL,NULL,NULL,NULL,NULL,NULL,NULL,NULL,NULL,NULL,NULL
38093,2023,ND,Stutsman,7,Nonmetro,"Nonmetro - Urban population of 5,000 to 20,000, not adjacent to a metro area",7,0,0,30.9735,1,11.0399,2260,5229,8567.04,1704.18,3405.29,0.198923,0.397487,619.91,0.0935,NULL,NULL,NULL,NULL,NULL,NULL,NULL,NULL,NULL,NULL,NULL,NULL,NULL,NULL,NULL
38095,2023,ND,Towner,9,Nonmetro,"Nonmetro - Urban population of fewer than 5,000, not adjacent to a metro area",2,0,0,43.8596,0,5.6187,456,628,12100.55,2038.67,4351.17,0.168477,0.359584,486.84,NULL,NULL,NULL,NULL,NULL,NULL,NULL,NULL,NULL,NULL,NULL,NULL,NULL,NULL,NULL,NULL
38097,2023,ND,Traill,8,Nonmetro,"Nonmetro - Urban population of fewer than 5,000, adjacent to a metro area",2,0,0,15.5763,0,0.8270,1284,1883,11513.91,1913.83,4288.33,0.166219,0.372448,411.99,0.1395,NULL,NULL,NULL,NULL,NULL,NULL,NULL,NULL,NULL,NULL,NULL,NULL,NULL,NULL,NULL
38099,2023,ND,Walsh,8,Nonmetro,"Nonmetro - Urban population of fewer than 5,000, adjacent to a metro area",5,0,0,26.5393,0,2.0894,1884,2794,12097.96,2383.46,3606.13,0.197013,0.298078,479.30,0.1765,NULL,NULL,NULL,NULL,NULL,NULL,NULL,NULL,NULL,NULL,NULL,NULL,NULL,NULL,NULL
38101,2023,ND,Ward,3,Metro,"Metro - Counties in metro areas of fewer than 250,000 population",16,2,0,22.8669,4,7.5020,6997,11503,10168.63,2280.23,3787.61,0.224242,0.372480,558.95,0.1771,NULL,NULL,NULL,NULL,NULL,NULL,NULL,NULL,NULL,NULL,NULL,NULL,NULL,NULL,NULL
38103,2023,ND,Wells,9,Nonmetro,"Nonmetro - Urban population of fewer than 5,000, not adjacent to a metro area",4,0,0,41.8410,0,4.7008,956,1262,9863.61,2096.66,3478.40,0.212565,0.352650,471.76,0.1703,NULL,NULL,NULL,NULL,NULL,NULL,NULL,NULL,NULL,NULL,NULL,NULL,NULL,NULL,NULL
38105,2023,ND,Williams,5,Nonmetro,"Nonmetro - Urban population of 20,000 or more, not adjacent to a metro area",10,0,0,33.8181,0,2.0922,2957,4616,9543.76,2239.02,3536.25,0.234606,0.370530,697.33,0.1257,NULL,NULL,NULL,NULL,NULL,NULL,NULL,NULL,NULL,NULL,NULL,NULL,NULL,NULL,NULL
39000,2023,OH,UNKNOWN,NULL,NULL,NULL,NULL,NULL,NULL,NULL,NULL,NULL,NULL,NULL,NULL,NULL,NULL,NULL,NULL,NULL,NULL,NULL,NULL,NULL,NULL,NULL,NULL,NULL,NULL,NULL,NULL,NULL,NULL,NULL,NULL,NULL
39001,2023,OH,Adams,8,Nonmetro,"Nonmetro - Urban population of fewer than 5,000, adjacent to a metro area",8,0,0,27.6434,0,7.8021,2894,7043,12332.34,2981.60,2834.88,0.241771,0.229874,621.98,0.1850,NULL,NULL,NULL,NULL,NULL,NULL,NULL,NULL,NULL,NULL,NULL,NULL,NULL,NULL,NULL
39003,2023,OH,Allen,3,Metro,"Metro - Counties in metro areas of fewer than 250,000 population",35,1,0,32.6249,6,10.6135,10728,23820,12288.34,3424.44,2808.03,0.278674,0.228512,669.00,0.1949,NULL,NULL,NULL,NULL,NULL,NULL,NULL,NULL,NULL,NULL,NULL,NULL,NULL,NULL,NULL
39005,2023,OH,Ashland,6,Nonmetro,"Nonmetro - Urban population of 5,000 to 20,000, adjacent to a metro area",9,0,0,17.2546,1,4.4197,5216,12791,11043.41,2803.61,2601.13,0.253872,0.235537,685.20,0.1693,NULL,NULL,NULL,NULL,NULL,NULL,NULL,NULL,NULL,NULL,NULL,NULL,NULL,NULL,NULL
39007,2023,OH,Ashtabula,1,Metro,Metro - Counties in metro areas of 1 million population or more,23,0,0,19.9480,0,4.3706,11530,25560,12646.11,3367.80,3099.83,0.266311,0.245121,672.85,0.2088,NULL,NULL,NULL,NULL,NULL,NULL,NULL,NULL,NULL,NULL,NULL,NULL,NULL,NULL,NULL
39009,2023,OH,Athens,4,Nonmetro,"Nonmetro - Urban population of 20,000 or more, adjacent to a metro area",15,0,0,29.4175,2,9.6667,5099,11526,10835.86,2982.20,2539.65,0.275216,0.234375,669.54,0.1790,NULL,NULL,NULL,NULL,NULL,NULL,NULL,NULL,NULL,NULL,NULL,NULL,NULL,NULL,NULL
39011,2023,OH,Auglaize,4,Nonmetro,"Nonmetro - Urban population of 20,000 or more, adjacent to a metro area",9,0,0,14.1354,0,0.5628,6367,11125,11520.53,3013.65,2950.42,0.261590,0.256101,575.62,0.1735,NULL,NULL,NULL,NULL,NULL,NULL,NULL,NULL,NULL,NULL,NULL,NULL,NULL,NULL,NULL
39013,2023,OH,Belmont,3,Metro,"Metro - Counties in metro areas of fewer than 250,000 population",24,0,0,37.1000,1,7.1560,6469,17284,12098.80,3255.87,2776.21,0.269107,0.229462,746.95,0.2091,NULL,NULL,NULL,NULL,NULL,NULL,NULL,NULL,NULL,NULL,NULL,NULL,NULL,NULL,NULL
39015,2023,OH,Brown,1,Metro,Metro - Counties in metro areas of 1 million population or more,16,1,0,43.3018,5,21.8468,3695,10784,13526.76,3785.32,2320.74,0.279839,0.171567,675.51,0.2282,NULL,NULL,NULL,NULL,NULL,NULL,NULL,NULL,NULL,NULL,NULL,NULL,NULL,NULL,NULL
39017,2023,OH,Butler,1,Metro,Metro - Counties in metro areas of 1 million population or more,112,6,0,40.4332,19,12.0015,27700,75378,12510.99,3246.31,2419.34,0.259477,0.193377,641.81,0.1843,NULL,NULL,NULL,NULL,NULL,NULL,NULL,NULL,NULL,NULL,NULL,NULL,NULL,NULL,NULL
39019,2023,OH,Carroll,2,Metro,"Metro - Counties in metro areas of 250,000 to 1 million population",4,0,0,18.3824,0,4.7259,2176,7203,10637.97,2362.29,2004.08,0.222062,0.188389,494.03,0.1629,NULL,NULL,NULL,NULL,NULL,NULL,NULL,NULL,NULL,NULL,NULL,NULL,NULL,NULL,NULL
39021,2023,OH,Champaign,6,Nonmetro,"Nonmetro - Urban population of 5,000 to 20,000, adjacent to a metro area",7,0,0,18.6517,0,2.4892,3753,9321,11706.76,3188.37,2605.89,0.272353,0.222597,432.45,0.1940,NULL,NULL,NULL,NULL,NULL,NULL,NULL,NULL,NULL,NULL,NULL,NULL,NULL,NULL,NULL
39023,2023,OH,Clark,3,Metro,"Metro - Counties in metro areas of fewer than 250,000 population",34,1,0,30.9316,2,7.0599,10992,32897,12087.77,3141.21,2800.92,0.259867,0.231715,630.19,0.1692,NULL,NULL,NULL,NULL,NULL,NULL,NULL,NULL,NULL,NULL,NULL,NULL,NULL,NULL,NULL
39025,2023,OH,Clermont,1,Metro,Metro - Counties in metro areas of 1 million population or more,52,0,0,32.1424,5,6.3522,16178,47139,11868.45,3121.20,2281.00,0.262983,0.192190,526.02,0.1759,NULL,NULL,NULL,NULL,NULL,NULL,NULL,NULL,NULL,NULL,NULL,NULL,NULL,NULL,NULL
39027,2023,OH,Clinton,6,Nonmetro,"Nonmetro - Urban population of 5,000 to 20,000, adjacent to a metro area",15,0,0,39.6301,2,11.5159,3785,9845,10743.46,2601.76,2845.30,0.242172,0.264840,614.00,0.1930,NULL,NULL,NULL,NULL,NULL,NULL,NULL,NULL,NULL,NULL,NULL,NULL,NULL,NULL,NULL
39029,2023,OH,Columbiana,4,Nonmetro,"Nonmetro - Urban population of 20,000 or more, adjacent to a metro area",32,2,0,34.1443,4,10.0976,9372,26996,11772.58,3142.00,2576.01,0.266891,0.218814,602.97,0.2089,NULL,NULL,NULL,NULL,NULL,NULL,NULL,NULL,NULL,NULL,NULL,NULL,NULL,NULL,NULL
39031,2023,OH,Coshocton,7,Nonmetro,"Nonmetro - Urban population of 5,000 to 20,000, not adjacent to a metro area",8,0,0,19.8560,0,4.7816,4029,8917,11032.15,3106.10,2832.92,0.281550,0.256788,813.11,0.1521,NULL,NULL,NULL,NULL,NULL,NULL,NULL,NULL,NULL,NULL,NULL,NULL,NULL,NULL,NULL
39033,2023,OH,Crawford,4,Nonmetro,"Nonmetro - Urban population of 20,000 or more, adjacent to a metro area",12,0,0,21.6881,3,9.0192,5533,11343,11566.94,2692.51,3320.24,0.232776,0.287046,723.84,0.1994,NULL,NULL,NULL,NULL,NULL,NULL,NULL,NULL,NULL,NULL,NULL,NULL,NULL,NULL,NULL
39035,2023,OH,Cuyahoga,1,Metro,Metro - Counties in metro areas of 1 million population or more,359,11,0,37.8640,37,10.0086,94813,280052,11307.78,2938.45,2791.56,0.259861,0.246871,602.20,0.1955,NULL,NULL,NULL,NULL,NULL,NULL,NULL,NULL,NULL,NULL,NULL,NULL,NULL,NULL,NULL
39037,2023,OH,Darke,6,Nonmetro,"Nonmetro - Urban population of 5,000 to 20,000, adjacent to a metro area",9,0,0,13.2139,1,2.6890,6811,12763,10927.95,2537.38,2511.83,0.232192,0.229854,637.94,0.1807,NULL,NULL,NULL,NULL,NULL,NULL,NULL,NULL,NULL,NULL,NULL,NULL,NULL,NULL,NULL
39039,2023,OH,Defiance,6,Nonmetro,"Nonmetro - Urban population of 5,000 to 20,000, adjacent to a metro area",11,0,0,23.3645,0,4.0865,4708,9724,11557.86,2834.87,3342.03,0.245276,0.289156,734.92,0.1788,NULL,NULL,NULL,NULL,NULL,NULL,NULL,NULL,NULL,NULL,NULL,NULL,NULL,NULL,NULL
39041,2023,OH,Delaware,1,Metro,Metro - Counties in metro areas of 1 million population or more,44,0,0,24.9759,2,-0.2842,17617,39905,10562.77,2406.66,2404.03,0.227844,0.227595,533.92,0.1474,NULL,NULL,NULL,NULL,NULL,NULL,NULL,NULL,NULL,NULL,NULL,NULL,NULL,NULL,NULL
39043,2023,OH,Erie,3,Metro,"Metro - Counties in metro areas of fewer than 250,000 population",21,1,0,20.7469,1,3.9317,10122,21458,10656.12,2428.77,2202.19,0.227923,0.206660,636.14,0.1657,NULL,NULL,NULL,NULL,NULL,NULL,NULL,NULL,NULL,NULL,NULL,NULL,NULL,NULL,NULL
39045,2023,OH,Fairfield,1,Metro,Metro - Counties in metro areas of 1 million population or more,32,1,0,28.1269,3,5.7019,11377,32986,11403.42,2914.38,2458.27,0.255571,0.215573,659.40,0.1561,NULL,NULL,NULL,NULL,NULL,NULL,NULL,NULL,NULL,NULL,NULL,NULL,NULL,NULL,NULL
39047,2023,OH,Fayette,6,Nonmetro,"Nonmetro - Urban population of 5,000 to 20,000, adjacent to a metro area",6,0,0,21.5905,1,7.6978,2779,6929,10987.43,2851.14,3251.18,0.259491,0.295900,721.48,0.1643,NULL,NULL,NULL,NULL,NULL,NULL,NULL,NULL,NULL,NULL,NULL,NULL,NULL,NULL,NULL
39049,2023,OH,Franklin,1,Metro,Metro - Counties in metro areas of 1 million population or more,411,14,0,58.6080,67,15.6665,70127,205672,11043.91,2818.37,2250.48,0.255197,0.203776,560.26,0.1816,NULL,NULL,NULL,NULL,NULL,NULL,NULL,NULL,NULL,NULL,NULL,NULL,NULL,NULL,NULL
39051,2023,OH,Fulton,2,Metro,"Metro - Counties in metro areas of 250,000 to 1 million population",14,0,0,28.3057,0,2.5988,4946,10376,10610.58,2180.59,3168.26,0.205511,0.298594,576.83,0.1406,NULL,NULL,NULL,NULL,NULL,NULL,NULL,NULL,NULL,NULL,NULL,NULL,NULL,NULL,NULL
39053,2023,OH,Gallia,6,Nonmetro,"Nonmetro - Urban population of 5,000 to 20,000, adjacent to a metro area",8,1,0,23.4880,2,10.1754,3406,7457,11954.34,2970.85,2955.25,0.248516,0.247211,735.17,0.1918,NULL,NULL,NULL,NULL,NULL,NULL,NULL,NULL,NULL,NULL,NULL,NULL,NULL,NULL,NULL
39055,2023,OH,Geauga,1,Metro,Metro - Counties in metro areas of 1 million population or more,27,0,0,26.2085,1,2.4967,10302,23823,10419.61,2526.26,3004.27,0.242452,0.288328,478.74,0.1688,NULL,NULL,NULL,NULL,NULL,NULL,NULL,NULL,NULL,NULL,NULL,NULL,NULL,NULL,NULL
39057,2023,OH,Greene,2,Metro,"Metro - Counties in metro areas of 250,000 to 1 million population",45,0,0,28.6807,1,2.7419,15690,36563,10941.75,2673.13,2412.08,0.244306,0.220447,611.73,0.1903,NULL,NULL,NULL,NULL,NULL,NULL,NULL,NULL,NULL,NULL,NULL,NULL,NULL,NULL,NULL
39059,2023,OH,Guernsey,6,Nonmetro,"Nonmetro - Urban population of 5,000 to 20,000, adjacent to a metro area",8,0,0,18.0018,2,8.0118,4444,9922,10580.86,2678.10,2852.31,0.253108,0.269573,552.66,0.1710,NULL,NULL,NULL,NULL,NULL,NULL,NULL,NULL,NULL,NULL,NULL,NULL,NULL,NULL,NULL
39061,2023,OH,Hamilton,1,Metro,Metro - Counties in metro areas of 1 million population or more,234,4,0,41.9362,26,12.3886,55799,163463,11866.22,2919.65,2368.38,0.246047,0.199590,536.39,0.1724,NULL,NULL,NULL,NULL,NULL,NULL,NULL,NULL,NULL,NULL,NULL,NULL,NULL,NULL,NULL
39063,2023,OH,Hancock,4,Nonmetro,"Nonmetro - Urban population of 20,000 or more, adjacent to a metro area",20,0,0,23.4082,2,5.3974,8544,16794,10413.27,2407.92,2795.73,0.231236,0.268478,559.69,0.1467,NULL,NULL,NULL,NULL,NULL,NULL,NULL,NULL,NULL,NULL,NULL,NULL,NULL,NULL,NULL
39065,2023,OH,Hardin,6,Nonmetro,"Nonmetro - Urban population of 5,000 to 20,000, adjacent to a metro area",7,0,0,21.9024,1,7.8542,3196,6635,12106.18,3361.75,3172.74,0.277689,0.262076,678.97,0.1872,NULL,NULL,NULL,NULL,NULL,NULL,NULL,NULL,NULL,NULL,NULL,NULL,NULL,NULL,NULL
39067,2023,OH,Harrison,8,Nonmetro,"Nonmetro - Urban population of fewer than 5,000, adjacent to a metro area",4,0,0,24.2424,0,5.7239,1650,4046,11797.28,3308.53,2347.85,0.280449,0.199016,734.55,0.2260,NULL,NULL,NULL,NULL,NULL,NULL,NULL,NULL,NULL,NULL,NULL,NULL,NULL,NULL,NULL
39069,2023,OH,Henry,6,Nonmetro,"Nonmetro - Urban population of 5,000 to 20,000, adjacent to a metro area",2,0,0,5.3749,0,0.6423,3721,6893,11696.49,2779.86,3440.92,0.237666,0.294184,674.55,0.1863,NULL,NULL,NULL,NULL,NULL,NULL,NULL,NULL,NULL,NULL,NULL,NULL,NULL,NULL,NULL
39071,2023,OH,Highland,6,Nonmetro,"Nonmetro - Urban population of 5,000 to 20,000, adjacent to a metro area",15,1,0,35.3857,2,12.8866,4239,10482,12824.84,3331.56,2833.40,0.259774,0.220931,697.10,0.1843,NULL,NULL,NULL,NULL,NULL,NULL,NULL,NULL,NULL,NULL,NULL,NULL,NULL,NULL,NULL
39073,2023,OH,Hocking,1,Metro,Metro - Counties in metro areas of 1 million population or more,6,0,0,19.3986,0,4.4360,3093,6902,11131.02,2917.23,2793.98,0.262081,0.251008,740.06,0.1840,NULL,NULL,NULL,NULL,NULL,NULL,NULL,NULL,NULL,NULL,NULL,NULL,NULL,NULL,NULL
39075,2023,OH,Holmes,9,Nonmetro,"Nonmetro - Urban population of fewer than 5,000, not adjacent to a metro area",4,0,0,16.9563,1,6.2801,2359,5496,8960.27,2463.82,1836.84,0.274972,0.204998,543.87,0.1501,NULL,NULL,NULL,NULL,NULL,NULL,NULL,NULL,NULL,NULL,NULL,NULL,NULL,NULL,NULL
39077,2023,OH,Huron,4,Nonmetro,"Nonmetro - Urban population of 20,000 or more, adjacent to a metro area",13,0,0,18.7997,0,3.5397,6915,14150,10845.94,2649.50,2732.44,0.244285,0.251932,735.50,0.1543,NULL,NULL,NULL,NULL,NULL,NULL,NULL,NULL,NULL,NULL,NULL,NULL,NULL,NULL,NULL
39079,2023,OH,Jackson,7,Nonmetro,"Nonmetro - Urban population of 5,000 to 20,000, not adjacent to a metro area",10,0,0,28.3206,1,9.9757,3531,7894,12900.58,3293.16,3233.10,0.255272,0.250617,760.41,0.2034,NULL,NULL,NULL,NULL,NULL,NULL,NULL,NULL,NULL,NULL,NULL,NULL,NULL,NULL,NULL
39081,2023,OH,Jefferson,3,Metro,"Metro - Counties in metro areas of fewer than 250,000 population",30,1,0,38.2995,2,9.2358,7833,17694,12508.06,3367.59,3047.10,0.269234,0.243611,732.92,0.1991,NULL,NULL,NULL,NULL,NULL,NULL,NULL,NULL,NULL,NULL,NULL,NULL,NULL,NULL,NULL
39083,2023,OH,Knox,6,Nonmetro,"Nonmetro - Urban population of 5,000 to 20,000, adjacent to a metro area",15,0,0,23.5183,3,8.2005,6378,14780,11416.99,2831.92,3075.08,0.248044,0.269342,686.42,0.1794,NULL,NULL,NULL,NULL,NULL,NULL,NULL,NULL,NULL,NULL,NULL,NULL,NULL,NULL,NULL
39085,2023,OH,Lake,1,Metro,Metro - Counties in metro areas of 1 million population or more,57,1,0,24.6188,7,5.3398,23153,60055,10992.07,2808.26,2795.56,0.255481,0.254325,516.30,0.1887,NULL,NULL,NULL,NULL,NULL,NULL,NULL,NULL,NULL,NULL,NULL,NULL,NULL,NULL,NULL
39087,2023,OH,Lawrence,2,Metro,"Metro - Counties in metro areas of 250,000 to 1 million population",18,0,0,25.7695,2,9.8174,6985,14949,12927.62,3489.06,3118.61,0.269892,0.241236,747.75,0.1869,NULL,NULL,NULL,NULL,NULL,NULL,NULL,NULL,NULL,NULL,NULL,NULL,NULL,NULL,NULL
39089,2023,OH,Licking,1,Metro,Metro - Counties in metro areas of 1 million population or more,40,5,0,27.3504,10,9.4218,14625,39369,10719.48,2778.25,2393.28,0.259178,0.223265,763.90,0.1833,NULL,NULL,NULL,NULL,NULL,NULL,NULL,NULL,NULL,NULL,NULL,NULL,NULL,NULL,NULL
39091,2023,OH,Logan,4,Nonmetro,"Nonmetro - Urban population of 20,000 or more, adjacent to a metro area",14,1,0,23.7772,1,4.7435,5888,11237,10977.45,2680.83,2918.89,0.244212,0.265899,629.59,0.1519,NULL,NULL,NULL,NULL,NULL,NULL,NULL,NULL,NULL,NULL,NULL,NULL,NULL,NULL,NULL
39093,2023,OH,Lorain,1,Metro,Metro - Counties in metro areas of 1 million population or more,70,1,0,24.7079,7,5.5006,28331,76267,11763.79,2943.82,3047.43,0.250244,0.259052,583.04,0.1927,NULL,NULL,NULL,NULL,NULL,NULL,NULL,NULL,NULL,NULL,NULL,NULL,NULL,NULL,NULL
39095,2023,OH,Lucas,2,Metro,"Metro - Counties in metro areas of 250,000 to 1 million population",140,5,0,42.3639,20,12.0371,33047,93925,12045.26,2996.48,2591.48,0.248768,0.215145,625.44,0.1951,NULL,NULL,NULL,NULL,NULL,NULL,NULL,NULL,NULL,NULL,NULL,NULL,NULL,NULL,NULL
39097,2023,OH,Madison,1,Metro,Metro - Counties in metro areas of 1 million population or more,8,0,0,24.9221,0,3.0043,3210,9087,10844.80,2840.92,2637.74,0.261961,0.243226,626.48,0.1863,NULL,NULL,NULL,NULL,NULL,NULL,NULL,NULL,NULL,NULL,NULL,NULL,NULL,NULL,NULL
39099,2023,OH,Mahoning,2,Metro,"Metro - Counties in metro areas of 250,000 to 1 million population",76,1,0,40.6026,9,10.9540,18718,61927,11801.30,2956.37,2303.03,0.250512,0.195151,570.47,0.2047,NULL,NULL,NULL,NULL,NULL,NULL,NULL,NULL,NULL,NULL,NULL,NULL,NULL,NULL,NULL
39101,2023,OH,Marion,4,Nonmetro,"Nonmetro - Urban population of 20,000 or more, adjacent to a metro area",17,2,0,27.3708,3,9.5953,6211,15323,12095.01,3070.11,2796.08,0.253833,0.231176,664.63,0.1755,NULL,NULL,NULL,NULL,NULL,NULL,NULL,NULL,NULL,NULL,NULL,NULL,NULL,NULL,NULL
39103,2023,OH,Medina,1,Metro,Metro - Counties in metro areas of 1 million population or more,42,1,0,25.7590,5,4.3420,16305,43290,11298.80,2811.59,3068.83,0.248840,0.271607,585.40,0.1733,NULL,NULL,NULL,NULL,NULL,NULL,NULL,NULL,NULL,NULL,NULL,NULL,NULL,NULL,NULL
39105,2023,OH,Meigs,8,Nonmetro,"Nonmetro - Urban population of fewer than 5,000, adjacent to a metro area",4,0,0,17.0285,0,5.4878,2349,5835,11351.81,2876.11,3005.28,0.253361,0.264740,743.30,0.1929,NULL,NULL,NULL,NULL,NULL,NULL,NULL,NULL,NULL,NULL,NULL,NULL,NULL,NULL,NULL
39107,2023,OH,Mercer,7,Nonmetro,"Nonmetro - Urban population of 5,000 to 20,000, not adjacent to a metro area",10,0,0,16.6113,0,0.0523,6020,9692,10272.59,2470.98,2851.56,0.240541,0.277589,519.93,0.1732,NULL,NULL,NULL,NULL,NULL,NULL,NULL,NULL,NULL,NULL,NULL,NULL,NULL,NULL,NULL
39109,2023,OH,Miami,2,Metro,"Metro - Counties in metro areas of 250,000 to 1 million population",17,1,0,15.8272,2,3.2696,10741,25988,11882.01,3015.13,2568.67,0.253756,0.216181,694.72,0.2032,NULL,NULL,NULL,NULL,NULL,NULL,NULL,NULL,NULL,NULL,NULL,NULL,NULL,NULL,NULL
39111,2023,OH,Monroe,8,Nonmetro,"Nonmetro - Urban population of fewer than 5,000, adjacent to a metro area",3,0,0,20.1884,0,3.7230,1486,3799,10190.06,2271.15,2486.14,0.222879,0.243977,660.16,0.1491,NULL,NULL,NULL,NULL,NULL,NULL,NULL,NULL,NULL,NULL,NULL,NULL,NULL,NULL,NULL
39113,2023,OH,Montgomery,2,Metro,"Metro - Counties in metro areas of 250,000 to 1 million population",168,6,0,43.9860,15,11.5687,38194,120038,11911.94,2902.76,2363.19,0.243685,0.198388,663.66,0.1922,NULL,NULL,NULL,NULL,NULL,NULL,NULL,NULL,NULL,NULL,NULL,NULL,NULL,NULL,NULL
39115,2023,OH,Morgan,8,Nonmetro,"Nonmetro - Urban population of fewer than 5,000, adjacent to a metro area",1,0,0,7.1023,0,2.0441,1408,3638,12541.71,3663.43,2803.01,0.292100,0.223495,584.52,0.2326,NULL,NULL,NULL,NULL,NULL,NULL,NULL,NULL,NULL,NULL,NULL,NULL,NULL,NULL,NULL
39117,2023,OH,Morrow,1,Metro,Metro - Counties in metro areas of 1 million population or more,5,0,0,14.7536,0,2.5585,3389,7996,11390.19,2765.71,3024.64,0.242815,0.265548,627.91,0.1700,NULL,NULL,NULL,NULL,NULL,NULL,NULL,NULL,NULL,NULL,NULL,NULL,NULL,NULL,NULL
39119,2023,OH,Muskingum,4,Nonmetro,"Nonmetro - Urban population of 20,000 or more, adjacent to a metro area",29,0,0,32.2976,5,11.7970,8979,22106,12107.77,3171.52,3217.23,0.261941,0.265716,708.10,0.1714,NULL,NULL,NULL,NULL,NULL,NULL,NULL,NULL,NULL,NULL,NULL,NULL,NULL,NULL,NULL
39121,2023,OH,Noble,9,Nonmetro,"Nonmetro - Urban population of fewer than 5,000, not adjacent to a metro area",4,0,0,29.4768,0,5.8222,1357,2868,10117.65,2942.32,2357.62,0.290811,0.233021,564.48,0.1692,NULL,NULL,NULL,NULL,NULL,NULL,NULL,NULL,NULL,NULL,NULL,NULL,NULL,NULL,NULL
39123,2023,OH,Ottawa,3,Metro,"Metro - Counties in metro areas of fewer than 250,000 population",10,0,0,17.0184,0,2.7020,5876,12981,10741.61,2524.25,2835.48,0.234997,0.263972,608.58,0.1658,NULL,NULL,NULL,NULL,NULL,NULL,NULL,NULL,NULL,NULL,NULL,NULL,NULL,NULL,NULL
39125,2023,OH,Paulding,8,Nonmetro,"Nonmetro - Urban population of fewer than 5,000, adjacent to a metro area",3,0,0,13.9860,0,2.8211,2145,4542,12862.91,2835.32,4443.44,0.220426,0.345446,700.23,0.1807,NULL,NULL,NULL,NULL,NULL,NULL,NULL,NULL,NULL,NULL,NULL,NULL,NULL,NULL,NULL
39127,2023,OH,Perry,1,Metro,Metro - Counties in metro areas of 1 million population or more,5,0,0,14.6199,0,3.3991,3420,8621,11485.31,3298.19,2741.13,0.287166,0.238664,757.31,0.1878,NULL,NULL,NULL,NULL,NULL,NULL,NULL,NULL,NULL,NULL,NULL,NULL,NULL,NULL,NULL
39129,2023,OH,Pickaway,1,Metro,Metro - Counties in metro areas of 1 million population or more,8,0,0,19.5503,0,3.2404,4092,12207,11878.40,3027.79,2689.68,0.254899,0.226435,687.68,0.1851,NULL,NULL,NULL,NULL,NULL,NULL,NULL,NULL,NULL,NULL,NULL,NULL,NULL,NULL,NULL
39131,2023,OH,Pike,9,Nonmetro,"Nonmetro - Urban population of fewer than 5,000, not adjacent to a metro area",14,1,0,51.9481,2,20.1432,2695,6534,12749.12,3455.05,2932.20,0.271003,0.229992,677.18,0.1944,NULL,NULL,NULL,NULL,NULL,NULL,NULL,NULL,NULL,NULL,NULL,NULL,NULL,NULL,NULL
39133,2023,OH,Portage,2,Metro,"Metro - Counties in metro areas of 250,000 to 1 million population",37,3,0,32.1292,4,7.1292,11516,36789,10967.49,2904.95,2912.63,0.264869,0.265569,585.71,0.1868,NULL,NULL,NULL,NULL,NULL,NULL,NULL,NULL,NULL,NULL,NULL,NULL,NULL,NULL,NULL
39135,2023,OH,Preble,6,Nonmetro,"Nonmetro - Urban population of 5,000 to 20,000, adjacent to a metro area",10,1,0,22.9463,3,9.3250,4358,10417,12603.74,3340.25,2592.71,0.265021,0.205710,727.63,0.2161,NULL,NULL,NULL,NULL,NULL,NULL,NULL,NULL,NULL,NULL,NULL,NULL,NULL,NULL,NULL
39137,2023,OH,Putnam,6,Nonmetro,"Nonmetro - Urban population of 5,000 to 20,000, adjacent to a metro area",16,0,0,33.8768,2,5.2176,4723,7904,11412.46,2797.84,2872.78,0.245157,0.251723,586.92,0.1665,NULL,NULL,NULL,NULL,NULL,NULL,NULL,NULL,NULL,NULL,NULL,NULL,NULL,NULL,NULL
39139,2023,OH,Richland,3,Metro,"Metro - Counties in metro areas of fewer than 250,000 population",44,2,0,32.2557,10,13.1824,13641,30891,11645.56,2972.15,2825.56,0.255217,0.242630,703.69,0.1862,NULL,NULL,NULL,NULL,NULL,NULL,NULL,NULL,NULL,NULL,NULL,NULL,NULL,NULL,NULL
39141,2023,OH,Ross,4,Nonmetro,"Nonmetro - Urban population of 20,000 or more, adjacent to a metro area",24,1,0,34.7927,3,11.8419,6898,17522,12204.07,3148.46,3050.79,0.257984,0.249981,641.64,0.1740,NULL,NULL,NULL,NULL,NULL,NULL,NULL,NULL,NULL,NULL,NULL,NULL,NULL,NULL,NULL
39143,2023,OH,Sandusky,4,Nonmetro,"Nonmetro - Urban population of 20,000 or more, adjacent to a metro area",14,0,0,18.7266,0,2.8644,7476,15020,10691.99,2557.30,2419.42,0.239179,0.226283,625.87,0.1666,NULL,NULL,NULL,NULL,NULL,NULL,NULL,NULL,NULL,NULL,NULL,NULL,NULL,NULL,NULL
39145,2023,OH,Scioto,4,Nonmetro,"Nonmetro - Urban population of 20,000 or more, adjacent to a metro area",47,2,0,55.9191,5,19.7060,8405,17760,14231.43,3729.96,3591.86,0.262093,0.252389,665.20,0.1670,NULL,NULL,NULL,NULL,NULL,NULL,NULL,NULL,NULL,NULL,NULL,NULL,NULL,NULL,NULL
39147,2023,OH,Seneca,4,Nonmetro,"Nonmetro - Urban population of 20,000 or more, adjacent to a metro area",16,0,0,20.5523,0,2.3808,7785,13618,11288.75,2923.58,2952.01,0.258982,0.261500,651.25,0.1752,NULL,NULL,NULL,NULL,NULL,NULL,NULL,NULL,NULL,NULL,NULL,NULL,NULL,NULL,NULL
39149,2023,OH,Shelby,4,Nonmetro,"Nonmetro - Urban population of 20,000 or more, adjacent to a metro area",9,0,0,15.2931,0,1.0975,5885,10542,10743.91,2625.06,2795.49,0.244330,0.260193,574.00,0.1633,NULL,NULL,NULL,NULL,NULL,NULL,NULL,NULL,NULL,NULL,NULL,NULL,NULL,NULL,NULL
39151,2023,OH,Stark,2,Metro,"Metro - Counties in metro areas of 250,000 to 1 million population",122,5,0,48.3954,15,14.1082,25209,94372,10558.15,2597.12,2269.95,0.245982,0.214995,502.44,0.1644,NULL,NULL,NULL,NULL,NULL,NULL,NULL,NULL,NULL,NULL,NULL,NULL,NULL,NULL,NULL
39153,2023,OH,Summit,2,Metro,"Metro - Counties in metro areas of 250,000 to 1 million population",153,3,0,41.0738,16,9.8878,37250,126160,10748.05,2638.55,2695.34,0.245491,0.250775,579.92,0.1810,NULL,NULL,NULL,NULL,NULL,NULL,NULL,NULL,NULL,NULL,NULL,NULL,NULL,NULL,NULL
39155,2023,OH,Trumbull,2,Metro,"Metro - Counties in metro areas of 250,000 to 1 million population",69,2,0,37.8186,6,9.5027,18245,55036,12574.44,3361.49,2325.28,0.267327,0.184921,587.23,0.1913,NULL,NULL,NULL,NULL,NULL,NULL,NULL,NULL,NULL,NULL,NULL,NULL,NULL,NULL,NULL
39157,2023,OH,Tuscarawas,4,Nonmetro,"Nonmetro - Urban population of 20,000 or more, adjacent to a metro area",26,4,0,34.1611,6,13.6630,7611,22619,10284.74,2543.76,2044.17,0.247333,0.198758,590.72,0.1708,NULL,NULL,NULL,NULL,NULL,NULL,NULL,NULL,NULL,NULL,NULL,NULL,NULL,NULL,NULL
39159,2023,OH,Union,1,Metro,Metro - Counties in metro areas of 1 million population or more,12,0,0,27.5040,1,3.4918,4363,10612,10983.21,2618.58,2684.44,0.238417,0.244413,528.31,0.1496,NULL,NULL,NULL,NULL,NULL,NULL,NULL,NULL,NULL,NULL,NULL,NULL,NULL,NULL,NULL
39161,2023,OH,Van Wert,6,Nonmetro,"Nonmetro - Urban population of 5,000 to 20,000, adjacent to a metro area",5,0,0,15.0105,1,5.1970,3331,6915,11450.21,2795.38,2921.40,0.244134,0.255139,597.72,0.1420,NULL,NULL,NULL,NULL,NULL,NULL,NULL,NULL,NULL,NULL,NULL,NULL,NULL,NULL,NULL
39163,2023,OH,Vinton,8,Nonmetro,"Nonmetro - Urban population of fewer than 5,000, adjacent to a metro area",1,0,0,7.8186,0,2.4336,1279,3060,11069.58,2508.66,3144.85,0.226626,0.284098,573.89,0.1340,NULL,NULL,NULL,NULL,NULL,NULL,NULL,NULL,NULL,NULL,NULL,NULL,NULL,NULL,NULL
39165,2023,OH,Warren,1,Metro,Metro - Counties in metro areas of 1 million population or more,54,4,0,29.6834,8,5.7711,18192,46517,11854.12,2902.49,2532.07,0.244851,0.213603,594.99,0.1733,NULL,NULL,NULL,NULL,NULL,NULL,NULL,NULL,NULL,NULL,NULL,NULL,NULL,NULL,NULL
39167,2023,OH,Washington,4,Nonmetro,"Nonmetro - Urban population of 20,000 or more, adjacent to a metro area",19,2,0,21.7391,6,9.2977,8740,16582,11745.45,3506.10,2343.80,0.298507,0.199550,713.73,0.1846,NULL,NULL,NULL,NULL,NULL,NULL,NULL,NULL,NULL,NULL,NULL,NULL,NULL,NULL,NULL
39169,2023,OH,Wayne,4,Nonmetro,"Nonmetro - Urban population of 20,000 or more, adjacent to a metro area",21,3,0,20.7080,4,5.9536,10141,26088,9695.75,2274.77,2087.05,0.234615,0.215254,533.48,0.1773,NULL,NULL,NULL,NULL,NULL,NULL,NULL,NULL,NULL,NULL,NULL,NULL,NULL,NULL,NULL
39171,2023,OH,Williams,7,Nonmetro,"Nonmetro - Urban population of 5,000 to 20,000, not adjacent to a metro area",10,0,0,20.7814,0,2.5996,4812,9437,10339.22,2223.06,2782.79,0.215012,0.269149,625.94,0.1811,NULL,NULL,NULL,NULL,NULL,NULL,NULL,NULL,NULL,NULL,NULL,NULL,NULL,NULL,NULL
39173,2023,OH,Wood,2,Metro,"Metro - Counties in metro areas of 250,000 to 1 million population",38,0,0,32.7417,3,5.1609,11606,27288,10553.89,2479.28,2607.46,0.234916,0.247062,582.63,0.1728,NULL,NULL,NULL,NULL,NULL,NULL,NULL,NULL,NULL,NULL,NULL,NULL,NULL,NULL,NULL
39175,2023,OH,Wyandot,7,Nonmetro,"Nonmetro - Urban population of 5,000 to 20,000, not adjacent to a metro area",8,0,0,26.6046,2,9.6650,3007,5482,11649.88,2824.54,3762.12,0.242452,0.322932,621.22,0.1451,NULL,NULL,NULL,NULL,NULL,NULL,NULL,NULL,NULL,NULL,NULL,NULL,NULL,NULL,NULL
40000,2023,OK,UNKNOWN,NULL,NULL,NULL,NULL,NULL,NULL,NULL,NULL,NULL,NULL,NULL,NULL,NULL,NULL,NULL,NULL,NULL,NULL,NULL,NULL,NULL,NULL,NULL,NULL,NULL,NULL,NULL,NULL,NULL,NULL,NULL,NULL,NULL
40001,2023,OK,Adair,8,Nonmetro,"Nonmetro - Urban population of fewer than 5,000, adjacent to a metro area",5,0,0,23.1481,1,10.5099,2160,4416,13716.95,3459.93,2968.90,0.252238,0.216440,615.74,0.1938,NULL,NULL,NULL,NULL,NULL,NULL,NULL,NULL,NULL,NULL,NULL,NULL,NULL,NULL,NULL
40003,2023,OK,Alfalfa,8,Nonmetro,"Nonmetro - Urban population of fewer than 5,000, adjacent to a metro area",1,0,0,11.1607,0,0.9774,896,1211,12866.02,3079.84,2683.06,0.239378,0.208538,648.44,0.1543,NULL,NULL,NULL,NULL,NULL,NULL,NULL,NULL,NULL,NULL,NULL,NULL,NULL,NULL,NULL
40005,2023,OK,Atoka,9,Nonmetro,"Nonmetro - Urban population of fewer than 5,000, not adjacent to a metro area",9,2,0,43.1655,3,21.7369,2085,3299,14714.61,3179.21,2426.27,0.216058,0.164889,708.39,0.1686,NULL,NULL,NULL,NULL,NULL,NULL,NULL,NULL,NULL,NULL,NULL,NULL,NULL,NULL,NULL
40007,2023,OK,Beaver,9,Nonmetro,"Nonmetro - Urban population of fewer than 5,000, not adjacent to a metro area",1,0,0,13.2626,0,2.0393,754,1026,11872.33,3183.77,2728.39,0.268167,0.229811,571.62,0.1333,NULL,NULL,NULL,NULL,NULL,NULL,NULL,NULL,NULL,NULL,NULL,NULL,NULL,NULL,NULL
40009,2023,OK,Beckham,7,Nonmetro,"Nonmetro - Urban population of 5,000 to 20,000, not adjacent to a metro area",20,1,0,64.3294,1,8.4306,3109,4399,13958.64,2659.28,2666.42,0.190511,0.191023,724.99,0.1325,NULL,NULL,NULL,NULL,NULL,NULL,NULL,NULL,NULL,NULL,NULL,NULL,NULL,NULL,NULL
40011,2023,OK,Blaine,8,Nonmetro,"Nonmetro - Urban population of fewer than 5,000, adjacent to a metro area",7,1,0,49.8221,1,16.9634,1405,2115,15892.00,2493.11,3428.73,0.156878,0.215752,765.84,0.1642,NULL,NULL,NULL,NULL,NULL,NULL,NULL,NULL,NULL,NULL,NULL,NULL,NULL,NULL,NULL
40013,2023,OK,Bryan,6,Nonmetro,"Nonmetro - Urban population of 5,000 to 20,000, adjacent to a metro area",19,0,0,30.7394,0,6.9864,6181,10471,16535.72,4272.78,2178.62,0.258397,0.131752,720.43,0.2241,NULL,NULL,NULL,NULL,NULL,NULL,NULL,NULL,NULL,NULL,NULL,NULL,NULL,NULL,NULL
40015,2023,OK,Caddo,6,Nonmetro,"Nonmetro - Urban population of 5,000 to 20,000, adjacent to a metro area",12,0,0,31.5292,0,7.4859,3806,6383,17631.68,3099.86,3378.07,0.175812,0.191591,713.08,0.1581,NULL,NULL,NULL,NULL,NULL,NULL,NULL,NULL,NULL,NULL,NULL,NULL,NULL,NULL,NULL
40017,2023,OK,Canadian,1,Metro,Metro - Counties in metro areas of 1 million population or more,31,1,0,22.5997,3,2.7444,13717,27905,13258.03,2773.87,3128.89,0.209222,0.236000,692.43,0.1580,NULL,NULL,NULL,NULL,NULL,NULL,NULL,NULL,NULL,NULL,NULL,NULL,NULL,NULL,NULL
40019,2023,OK,Carter,5,Nonmetro,"Nonmetro - Urban population of 20,000 or more, not adjacent to a metro area",21,0,0,30.4878,2,9.1034,6888,11784,15245.85,3723.15,2978.13,0.244207,0.195340,784.41,0.2073,NULL,NULL,NULL,NULL,NULL,NULL,NULL,NULL,NULL,NULL,NULL,NULL,NULL,NULL,NULL
40021,2023,OK,Cherokee,6,Nonmetro,"Nonmetro - Urban population of 5,000 to 20,000, adjacent to a metro area",13,0,0,22.9844,0,4.9163,5656,10580,13856.32,3312.59,3434.90,0.239067,0.247894,564.00,0.1742,NULL,NULL,NULL,NULL,NULL,NULL,NULL,NULL,NULL,NULL,NULL,NULL,NULL,NULL,NULL
40023,2023,OK,Choctaw,9,Nonmetro,"Nonmetro - Urban population of fewer than 5,000, not adjacent to a metro area",6,1,0,25.2101,1,9.8821,2380,3996,14389.34,3057.69,1934.46,0.212497,0.134437,706.30,0.2099,NULL,NULL,NULL,NULL,NULL,NULL,NULL,NULL,NULL,NULL,NULL,NULL,NULL,NULL,NULL
40025,2023,OK,Cimarron,9,Nonmetro,"Nonmetro - Urban population of fewer than 5,000, not adjacent to a metro area",1,0,0,22.9358,0,4.0322,436,595,16755.32,4375.93,2415.92,0.261167,0.144188,777.52,0.1545,NULL,NULL,NULL,NULL,NULL,NULL,NULL,NULL,NULL,NULL,NULL,NULL,NULL,NULL,NULL
40027,2023,OK,Cleveland,1,Metro,Metro - Counties in metro areas of 1 million population or more,62,2,0,22.7006,6,4.6872,27312,53003,12796.78,2706.69,3102.25,0.211513,0.242424,656.38,0.1601,NULL,NULL,NULL,NULL,NULL,NULL,NULL,NULL,NULL,NULL,NULL,NULL,NULL,NULL,NULL
40029,2023,OK,Coal,9,Nonmetro,"Nonmetro - Urban population of fewer than 5,000, not adjacent to a metro area",1,0,0,13.3511,0,3.5472,749,1229,14968.81,4178.89,3057.13,0.279173,0.204233,719.63,0.1584,NULL,NULL,NULL,NULL,NULL,NULL,NULL,NULL,NULL,NULL,NULL,NULL,NULL,NULL,NULL
40031,2023,OK,Comanche,3,Metro,"Metro - Counties in metro areas of fewer than 250,000 population",35,1,0,25.8704,2,5.2686,13529,21816,12509.41,3147.03,2578.03,0.251573,0.206087,734.87,0.2114,NULL,NULL,NULL,NULL,NULL,NULL,NULL,NULL,NULL,NULL,NULL,NULL,NULL,NULL,NULL
40033,2023,OK,Cotton,3,Metro,"Metro - Counties in metro areas of fewer than 250,000 population",2,0,0,22.9095,0,4.8915,873,1365,16104.31,3124.80,2955.16,0.194035,0.183501,611.68,0.1435,NULL,NULL,NULL,NULL,NULL,NULL,NULL,NULL,NULL,NULL,NULL,NULL,NULL,NULL,NULL
40035,2023,OK,Craig,6,Nonmetro,"Nonmetro - Urban population of 5,000 to 20,000, adjacent to a metro area",5,1,0,23.0947,1,8.6124,2165,3837,12267.80,3403.54,2563.16,0.277437,0.208934,812.93,0.1836,NULL,NULL,NULL,NULL,NULL,NULL,NULL,NULL,NULL,NULL,NULL,NULL,NULL,NULL,NULL
40037,2023,OK,Creek,1,Metro,Metro - Counties in metro areas of 1 million population or more,24,1,0,35.3721,3,12.5237,6785,17412,14857.88,3054.08,2251.67,0.205553,0.151547,687.40,0.1908,NULL,NULL,NULL,NULL,NULL,NULL,NULL,NULL,NULL,NULL,NULL,NULL,NULL,NULL,NULL
40039,2023,OK,Custer,5,Nonmetro,"Nonmetro - Urban population of 20,000 or more, not adjacent to a metro area",18,1,0,52.5241,1,9.0681,3427,5156,13540.91,2574.14,2548.78,0.190101,0.188228,625.33,0.1609,NULL,NULL,NULL,NULL,NULL,NULL,NULL,NULL,NULL,NULL,NULL,NULL,NULL,NULL,NULL
40041,2023,OK,Delaware,6,Nonmetro,"Nonmetro - Urban population of 5,000 to 20,000, adjacent to a metro area",9,1,0,14.2834,2,5.9471,6301,12372,12537.48,2805.75,3149.42,0.223789,0.251200,544.52,0.1387,NULL,NULL,NULL,NULL,NULL,NULL,NULL,NULL,NULL,NULL,NULL,NULL,NULL,NULL,NULL
40043,2023,OK,Dewey,9,Nonmetro,"Nonmetro - Urban population of fewer than 5,000, not adjacent to a metro area",5,0,0,56.1167,0,4.3032,891,1206,14466.75,2558.65,3308.23,0.176864,0.228678,607.18,0.1429,NULL,NULL,NULL,NULL,NULL,NULL,NULL,NULL,NULL,NULL,NULL,NULL,NULL,NULL,NULL
40045,2023,OK,Ellis,9,Nonmetro,"Nonmetro - Urban population of fewer than 5,000, not adjacent to a metro area",2,0,0,27.4725,0,3.5204,728,993,12588.19,2102.34,3493.15,0.167009,0.277494,648.35,0.1231,NULL,NULL,NULL,NULL,NULL,NULL,NULL,NULL,NULL,NULL,NULL,NULL,NULL,NULL,NULL
40047,2023,OK,Garfield,3,Metro,"Metro - Counties in metro areas of fewer than 250,000 population",27,0,0,32.4130,0,5.6591,8330,13061,12916.55,2937.69,2940.24,0.227436,0.227634,673.59,0.1318,NULL,NULL,NULL,NULL,NULL,NULL,NULL,NULL,NULL,NULL,NULL,NULL,NULL,NULL,NULL
40049,2023,OK,Garvin,6,Nonmetro,"Nonmetro - Urban population of 5,000 to 20,000, adjacent to a metro area",17,1,0,47.6992,3,18.7197,3564,6574,13926.29,3378.19,2927.59,0.242576,0.210220,677.89,0.1620,NULL,NULL,NULL,NULL,NULL,NULL,NULL,NULL,NULL,NULL,NULL,NULL,NULL,NULL,NULL
40051,2023,OK,Grady,1,Metro,Metro - Counties in metro areas of 1 million population or more,9,0,0,13.4008,0,1.8520,6716,11922,13617.62,2868.19,2836.92,0.210623,0.208327,676.74,0.1602,NULL,NULL,NULL,NULL,NULL,NULL,NULL,NULL,NULL,NULL,NULL,NULL,NULL,NULL,NULL
40053,2023,OK,Grant,8,Nonmetro,"Nonmetro - Urban population of fewer than 5,000, adjacent to a metro area",3,1,0,38.7097,1,18.0272,775,1063,16441.65,3104.39,3283.59,0.188813,0.199712,691.61,0.1236,NULL,NULL,NULL,NULL,NULL,NULL,NULL,NULL,NULL,NULL,NULL,NULL,NULL,NULL,NULL
40055,2023,OK,Greer,9,Nonmetro,"Nonmetro - Urban population of fewer than 5,000, not adjacent to a metro area",8,0,0,89.3855,0,20.4794,895,1278,22580.43,3302.24,2898.36,0.146243,0.128357,889.39,0.1434,NULL,NULL,NULL,NULL,NULL,NULL,NULL,NULL,NULL,NULL,NULL,NULL,NULL,NULL,NULL
40057,2023,OK,Harmon,9,Nonmetro,"Nonmetro - Urban population of fewer than 5,000, not adjacent to a metro area",4,0,0,91.3242,3,74.2302,438,657,17474.70,3809.58,2382.49,0.218005,0.136339,817.35,0.2560,NULL,NULL,NULL,NULL,NULL,NULL,NULL,NULL,NULL,NULL,NULL,NULL,NULL,NULL,NULL
40059,2023,OK,Harper,9,Nonmetro,"Nonmetro - Urban population of fewer than 5,000, not adjacent to a metro area",5,0,0,73.3138,0,6.3794,682,863,13263.82,2592.10,3715.03,0.195426,0.280087,614.37,0.1250,NULL,NULL,NULL,NULL,NULL,NULL,NULL,NULL,NULL,NULL,NULL,NULL,NULL,NULL,NULL
40061,2023,OK,Haskell,8,Nonmetro,"Nonmetro - Urban population of fewer than 5,000, adjacent to a metro area",6,1,0,32.4149,1,11.1020,1851,3079,14150.26,2660.33,2959.06,0.188006,0.209117,611.02,0.1684,NULL,NULL,NULL,NULL,NULL,NULL,NULL,NULL,NULL,NULL,NULL,NULL,NULL,NULL,NULL
40063,2023,OK,Hughes,9,Nonmetro,"Nonmetro - Urban population of fewer than 5,000, not adjacent to a metro area",8,1,0,45.9506,1,15.5687,1741,3127,15047.41,3002.21,2613.59,0.199517,0.173690,673.18,0.1700,NULL,NULL,NULL,NULL,NULL,NULL,NULL,NULL,NULL,NULL,NULL,NULL,NULL,NULL,NULL
40065,2023,OK,Jackson,7,Nonmetro,"Nonmetro - Urban population of 5,000 to 20,000, not adjacent to a metro area",13,1,0,39.5017,2,11.5971,3291,4791,12130.43,3020.76,2275.07,0.249023,0.187551,805.23,0.1481,NULL,NULL,NULL,NULL,NULL,NULL,NULL,NULL,NULL,NULL,NULL,NULL,NULL,NULL,NULL
40067,2023,OK,Jefferson,8,Nonmetro,"Nonmetro - Urban population of fewer than 5,000, adjacent to a metro area",2,0,0,19.4175,0,3.7435,1030,1547,16343.65,3161.25,3080.53,0.193424,0.188485,903.88,0.1882,NULL,NULL,NULL,NULL,NULL,NULL,NULL,NULL,NULL,NULL,NULL,NULL,NULL,NULL,NULL
40069,2023,OK,Johnston,9,Nonmetro,"Nonmetro - Urban population of fewer than 5,000, not adjacent to a metro area",4,0,0,26.1267,1,11.8410,1531,2703,15406.45,3497.38,3389.44,0.227008,0.220001,834.10,0.2000,NULL,NULL,NULL,NULL,NULL,NULL,NULL,NULL,NULL,NULL,NULL,NULL,NULL,NULL,NULL
40071,2023,OK,Kay,4,Nonmetro,"Nonmetro - Urban population of 20,000 or more, adjacent to a metro area",17,0,0,27.8278,1,8.5484,6109,10820,12797.31,2834.16,2656.18,0.221465,0.207558,685.71,0.1297,NULL,NULL,NULL,NULL,NULL,NULL,NULL,NULL,NULL,NULL,NULL,NULL,NULL,NULL,NULL
40073,2023,OK,Kingfisher,8,Nonmetro,"Nonmetro - Urban population of fewer than 5,000, adjacent to a metro area",9,0,0,44.8430,0,5.5245,2007,3079,14395.30,3067.06,2751.18,0.213060,0.191117,625.81,0.1667,NULL,NULL,NULL,NULL,NULL,NULL,NULL,NULL,NULL,NULL,NULL,NULL,NULL,NULL,NULL
40075,2023,OK,Kiowa,8,Nonmetro,"Nonmetro - Urban population of fewer than 5,000, adjacent to a metro area",6,0,0,40.7332,0,8.8861,1473,2368,15205.00,3400.13,2915.99,0.223619,0.191778,771.89,0.2092,NULL,NULL,NULL,NULL,NULL,NULL,NULL,NULL,NULL,NULL,NULL,NULL,NULL,NULL,NULL
40077,2023,OK,Latimer,9,Nonmetro,"Nonmetro - Urban population of fewer than 5,000, not adjacent to a metro area",3,0,0,18.8324,0,5.2761,1593,2746,15002.01,3024.96,2757.82,0.201637,0.183830,510.36,0.1948,NULL,NULL,NULL,NULL,NULL,NULL,NULL,NULL,NULL,NULL,NULL,NULL,NULL,NULL,NULL
40079,2023,OK,Le Flore,6,Nonmetro,"Nonmetro - Urban population of 5,000 to 20,000, adjacent to a metro area",15,1,0,23.5147,2,7.8256,6379,12125,14752.75,3040.66,2887.25,0.206108,0.195709,688.04,0.1941,NULL,NULL,NULL,NULL,NULL,NULL,NULL,NULL,NULL,NULL,NULL,NULL,NULL,NULL,NULL
40081,2023,OK,Lincoln,1,Metro,Metro - Counties in metro areas of 1 million population or more,14,2,0,34.6706,2,11.1780,4038,8305,14168.47,2782.90,2835.55,0.196415,0.200131,637.44,0.1693,NULL,NULL,NULL,NULL,NULL,NULL,NULL,NULL,NULL,NULL,NULL,NULL,NULL,NULL,NULL
40083,2023,OK,Logan,1,Metro,Metro - Counties in metro areas of 1 million population or more,11,0,0,21.4174,1,3.9502,5136,10230,12549.55,2528.31,3180.92,0.201466,0.253469,625.19,0.1584,NULL,NULL,NULL,NULL,NULL,NULL,NULL,NULL,NULL,NULL,NULL,NULL,NULL,NULL,NULL
40085,2023,OK,Love,9,Nonmetro,"Nonmetro - Urban population of fewer than 5,000, not adjacent to a metro area",3,0,0,19.2431,0,3.8664,1559,2498,14650.15,3384.56,3395.16,0.231026,0.231749,860.17,0.1768,NULL,NULL,NULL,NULL,NULL,NULL,NULL,NULL,NULL,NULL,NULL,NULL,NULL,NULL,NULL
40087,2023,OK,McClain,1,Metro,Metro - Counties in metro areas of 1 million population or more,14,1,0,26.7840,1,4.2615,5227,9509,12676.64,2916.46,3063.36,0.230066,0.241654,618.52,0.1416,NULL,NULL,NULL,NULL,NULL,NULL,NULL,NULL,NULL,NULL,NULL,NULL,NULL,NULL,NULL
40089,2023,OK,McCurtain,7,Nonmetro,"Nonmetro - Urban population of 5,000 to 20,000, not adjacent to a metro area",17,1,0,34.9076,1,10.1206,4870,7542,14426.35,2971.43,1984.04,0.205972,0.137529,652.77,0.1651,NULL,NULL,NULL,NULL,NULL,NULL,NULL,NULL,NULL,NULL,NULL,NULL,NULL,NULL,NULL
40091,2023,OK,McIntosh,8,Nonmetro,"Nonmetro - Urban population of fewer than 5,000, adjacent to a metro area",10,0,0,32.3206,0,7.7204,3094,5799,14487.60,3382.28,2419.61,0.233460,0.167012,558.18,0.1762,NULL,NULL,NULL,NULL,NULL,NULL,NULL,NULL,NULL,NULL,NULL,NULL,NULL,NULL,NULL
40093,2023,OK,Major,8,Nonmetro,"Nonmetro - Urban population of fewer than 5,000, adjacent to a metro area",4,0,0,30.8166,0,3.1732,1298,1750,12502.16,2574.88,2991.75,0.205955,0.239299,587.06,0.1423,NULL,NULL,NULL,NULL,NULL,NULL,NULL,NULL,NULL,NULL,NULL,NULL,NULL,NULL,NULL
40095,2023,OK,Marshall,9,Nonmetro,"Nonmetro - Urban population of fewer than 5,000, not adjacent to a metro area",6,0,0,23.8854,0,5.2576,2512,4356,14330.13,3548.69,2449.17,0.247638,0.170911,664.41,0.2009,NULL,NULL,NULL,NULL,NULL,NULL,NULL,NULL,NULL,NULL,NULL,NULL,NULL,NULL,NULL
40097,2023,OK,Mayes,6,Nonmetro,"Nonmetro - Urban population of 5,000 to 20,000, adjacent to a metro area",15,1,0,30.9087,1,10.2445,4853,10180,14034.40,3086.84,2799.44,0.219948,0.199470,649.29,0.1844,NULL,NULL,NULL,NULL,NULL,NULL,NULL,NULL,NULL,NULL,NULL,NULL,NULL,NULL,NULL
40099,2023,OK,Murray,9,Nonmetro,"Nonmetro - Urban population of fewer than 5,000, not adjacent to a metro area",8,0,0,34.7675,1,9.5423,2301,3519,14644.04,2915.20,2934.76,0.199071,0.200406,729.25,0.1250,NULL,NULL,NULL,NULL,NULL,NULL,NULL,NULL,NULL,NULL,NULL,NULL,NULL,NULL,NULL
40101,2023,OK,Muskogee,4,Nonmetro,"Nonmetro - Urban population of 20,000 or more, adjacent to a metro area",21,1,0,24.3987,2,7.7670,8607,16533,15167.74,3685.93,2566.24,0.243011,0.169191,620.77,0.1977,NULL,NULL,NULL,NULL,NULL,NULL,NULL,NULL,NULL,NULL,NULL,NULL,NULL,NULL,NULL
40103,2023,OK,Noble,8,Nonmetro,"Nonmetro - Urban population of fewer than 5,000, adjacent to a metro area",3,0,0,16.7224,0,2.9924,1794,2725,12352.72,2657.25,3163.79,0.215115,0.256121,666.67,0.1362,NULL,NULL,NULL,NULL,NULL,NULL,NULL,NULL,NULL,NULL,NULL,NULL,NULL,NULL,NULL
40105,2023,OK,Nowata,8,Nonmetro,"Nonmetro - Urban population of fewer than 5,000, adjacent to a metro area",4,0,0,30.2115,0,8.7061,1324,2478,12627.43,2454.12,2475.51,0.194348,0.196042,595.17,0.1441,NULL,NULL,NULL,NULL,NULL,NULL,NULL,NULL,NULL,NULL,NULL,NULL,NULL,NULL,NULL
40107,2023,OK,Okfuskee,8,Nonmetro,"Nonmetro - Urban population of fewer than 5,000, adjacent to a metro area",7,0,0,49.4350,1,20.7269,1416,2738,15412.84,3673.77,3266.21,0.238358,0.211915,542.37,0.2249,NULL,NULL,NULL,NULL,NULL,NULL,NULL,NULL,NULL,NULL,NULL,NULL,NULL,NULL,NULL
40109,2023,OK,Oklahoma,1,Metro,Metro - Counties in metro areas of 1 million population or more,311,14,0,46.1164,52,13.9633,67438,144969,13359.74,2807.10,2940.44,0.210116,0.220097,685.86,0.1708,NULL,NULL,NULL,NULL,NULL,NULL,NULL,NULL,NULL,NULL,NULL,NULL,NULL,NULL,NULL
40111,2023,OK,Okmulgee,1,Metro,Metro - Counties in metro areas of 1 million population or more,15,1,0,34.5543,3,15.9698,4341,9667,13605.70,3410.14,2060.14,0.250641,0.151417,743.84,0.1995,NULL,NULL,NULL,NULL,NULL,NULL,NULL,NULL,NULL,NULL,NULL,NULL,NULL,NULL,NULL
40113,2023,OK,Osage,1,Metro,Metro - Counties in metro areas of 1 million population or more,7,0,0,14.3649,2,6.9078,4873,10588,14370.99,2986.59,2419.34,0.207821,0.168349,653.60,0.1768,NULL,NULL,NULL,NULL,NULL,NULL,NULL,NULL,NULL,NULL,NULL,NULL,NULL,NULL,NULL
40115,2023,OK,Ottawa,6,Nonmetro,"Nonmetro - Urban population of 5,000 to 20,000, adjacent to a metro area",10,1,0,25.8532,1,9.0056,3868,7849,12503.52,3006.41,2984.85,0.240445,0.238721,704.50,0.1964,NULL,NULL,NULL,NULL,NULL,NULL,NULL,NULL,NULL,NULL,NULL,NULL,NULL,NULL,NULL
40117,2023,OK,Pawnee,1,Metro,Metro - Counties in metro areas of 1 million population or more,7,0,0,32.3774,0,8.0465,2162,4042,16271.49,3664.29,2902.68,0.225197,0.178391,747.92,0.1937,NULL,NULL,NULL,NULL,NULL,NULL,NULL,NULL,NULL,NULL,NULL,NULL,NULL,NULL,NULL
40119,2023,OK,Payne,4,Nonmetro,"Nonmetro - Urban population of 20,000 or more, adjacent to a metro area",32,0,0,34.1990,4,6.4460,9357,13941,12614.89,2718.77,3183.89,0.215521,0.252391,680.13,0.1651,NULL,NULL,NULL,NULL,NULL,NULL,NULL,NULL,NULL,NULL,NULL,NULL,NULL,NULL,NULL
40121,2023,OK,Pittsburg,7,Nonmetro,"Nonmetro - Urban population of 5,000 to 20,000, not adjacent to a metro area",13,1,0,20.0216,2,6.8084,6493,11163,13004.88,2978.86,2184.96,0.229057,0.168011,608.96,0.1557,NULL,NULL,NULL,NULL,NULL,NULL,NULL,NULL,NULL,NULL,NULL,NULL,NULL,NULL,NULL
40123,2023,OK,Pontotoc,7,Nonmetro,"Nonmetro - Urban population of 5,000 to 20,000, not adjacent to a metro area",23,1,0,43.7928,1,11.0059,5252,8584,14493.74,3393.00,3323.42,0.234101,0.229300,679.17,0.1911,NULL,NULL,NULL,NULL,NULL,NULL,NULL,NULL,NULL,NULL,NULL,NULL,NULL,NULL,NULL
40125,2023,OK,Pottawatomie,4,Nonmetro,"Nonmetro - Urban population of 20,000 or more, adjacent to a metro area",18,1,0,22.2800,1,5.4015,8079,16797,13170.38,3089.77,3311.14,0.234600,0.251408,680.16,0.1589,NULL,NULL,NULL,NULL,NULL,NULL,NULL,NULL,NULL,NULL,NULL,NULL,NULL,NULL,NULL
40127,2023,OK,Pushmataha,9,Nonmetro,"Nonmetro - Urban population of fewer than 5,000, not adjacent to a metro area",3,0,0,16.3399,0,3.8866,1836,3081,14043.45,2918.76,1786.04,0.207838,0.127180,651.42,0.1410,NULL,NULL,NULL,NULL,NULL,NULL,NULL,NULL,NULL,NULL,NULL,NULL,NULL,NULL,NULL
40129,2023,OK,Roger Mills,9,Nonmetro,"Nonmetro - Urban population of fewer than 5,000, not adjacent to a metro area",2,0,0,29.6296,0,2.0053,675,871,15531.49,3620.77,2869.46,0.233124,0.184751,711.11,0.1951,NULL,NULL,NULL,NULL,NULL,NULL,NULL,NULL,NULL,NULL,NULL,NULL,NULL,NULL,NULL
40131,2023,OK,Rogers,1,Metro,Metro - Counties in metro areas of 1 million population or more,25,0,0,26.3518,1,6.5661,9487,20997,13511.09,2972.36,2368.80,0.219994,0.175323,567.83,0.1717,NULL,NULL,NULL,NULL,NULL,NULL,NULL,NULL,NULL,NULL,NULL,NULL,NULL,NULL,NULL
40133,2023,OK,Seminole,7,Nonmetro,"Nonmetro - Urban population of 5,000 to 20,000, not adjacent to a metro area",12,1,0,43.1034,1,15.9764,2784,5764,14770.81,3587.06,3423.17,0.242848,0.231752,831.54,0.1566,NULL,NULL,NULL,NULL,NULL,NULL,NULL,NULL,NULL,NULL,NULL,NULL,NULL,NULL,NULL
40135,2023,OK,Sequoyah,3,Metro,"Metro - Counties in metro areas of fewer than 250,000 population",17,1,0,33.2876,1,10.4956,5107,10665,14317.79,3039.26,3173.56,0.212272,0.221652,706.29,0.1742,NULL,NULL,NULL,NULL,NULL,NULL,NULL,NULL,NULL,NULL,NULL,NULL,NULL,NULL,NULL
40137,2023,OK,Stephens,4,Nonmetro,"Nonmetro - Urban population of 20,000 or more, adjacent to a metro area",21,2,0,26.9265,4,6.3129,7799,11482,13884.91,2971.99,3073.20,0.214045,0.221334,784.46,0.1669,NULL,NULL,NULL,NULL,NULL,NULL,NULL,NULL,NULL,NULL,NULL,NULL,NULL,NULL,NULL
40139,2023,OK,Texas,7,Nonmetro,"Nonmetro - Urban population of 5,000 to 20,000, not adjacent to a metro area",3,0,0,15.3846,0,2.0156,1950,2791,11713.79,2882.89,1869.56,0.246111,0.159603,563.08,0.1892,NULL,NULL,NULL,NULL,NULL,NULL,NULL,NULL,NULL,NULL,NULL,NULL,NULL,NULL,NULL
40141,2023,OK,Tillman,8,Nonmetro,"Nonmetro - Urban population of fewer than 5,000, adjacent to a metro area",4,0,0,38.3509,0,11.5233,1043,1711,11881.84,2935.71,2079.98,0.247075,0.175055,659.64,0.1661,NULL,NULL,NULL,NULL,NULL,NULL,NULL,NULL,NULL,NULL,NULL,NULL,NULL,NULL,NULL
40143,2023,OK,Tulsa,1,Metro,Metro - Counties in metro areas of 1 million population or more,240,5,0,46.6944,19,11.4438,51398,127670,13753.76,3014.26,2212.30,0.219159,0.160851,564.56,0.1782,NULL,NULL,NULL,NULL,NULL,NULL,NULL,NULL,NULL,NULL,NULL,NULL,NULL,NULL,NULL
40145,2023,OK,Wagoner,1,Metro,Metro - Counties in metro areas of 1 million population or more,13,0,0,17.7136,1,4.0071,7339,17861,13438.08,2892.69,2483.97,0.215261,0.184846,538.08,0.1622,NULL,NULL,NULL,NULL,NULL,NULL,NULL,NULL,NULL,NULL,NULL,NULL,NULL,NULL,NULL
40147,2023,OK,Washington,4,Nonmetro,"Nonmetro - Urban population of 20,000 or more, adjacent to a metro area",15,0,0,19.1816,0,4.3945,7820,13363,13276.67,2764.59,2352.59,0.208229,0.177197,664.96,0.1463,NULL,NULL,NULL,NULL,NULL,NULL,NULL,NULL,NULL,NULL,NULL,NULL,NULL,NULL,NULL
40149,2023,OK,Washita,9,Nonmetro,"Nonmetro - Urban population of fewer than 5,000, not adjacent to a metro area",2,0,0,11.7096,0,1.9678,1708,2526,12986.41,2524.25,2997.32,0.194376,0.230804,635.83,0.1231,NULL,NULL,NULL,NULL,NULL,NULL,NULL,NULL,NULL,NULL,NULL,NULL,NULL,NULL,NULL
40151,2023,OK,Woods,7,Nonmetro,"Nonmetro - Urban population of 5,000 to 20,000, not adjacent to a metro area",3,0,0,21.3371,0,2.9096,1406,1796,13936.89,2788.30,3380.81,0.200066,0.242580,657.18,0.1429,NULL,NULL,NULL,NULL,NULL,NULL,NULL,NULL,NULL,NULL,NULL,NULL,NULL,NULL,NULL
40153,2023,OK,Woodward,7,Nonmetro,"Nonmetro - Urban population of 5,000 to 20,000, not adjacent to a metro area",12,0,0,42.4328,4,17.2280,2828,3988,13215.76,2882.56,2616.70,0.218115,0.197998,645.69,0.1343,NULL,NULL,NULL,NULL,NULL,NULL,NULL,NULL,NULL,NULL,NULL,NULL,NULL,NULL,NULL
41000,2023,OR,UNKNOWN,NULL,NULL,NULL,NULL,NULL,NULL,NULL,NULL,NULL,NULL,NULL,NULL,NULL,NULL,NULL,NULL,NULL,NULL,NULL,NULL,NULL,NULL,NULL,NULL,NULL,NULL,NULL,NULL,NULL,NULL,NULL,NULL,NULL
41001,2023,OR,Baker,7,Nonmetro,"Nonmetro - Urban population of 5,000 to 20,000, not adjacent to a metro area",4,0,0,8.7527,0,-0.1322,4570,5626,8174.87,1726.58,2835.66,0.211206,0.346875,538.51,0.0993,NULL,NULL,NULL,NULL,NULL,NULL,NULL,NULL,NULL,NULL,NULL,NULL,NULL,NULL,NULL
41003,2023,OR,Benton,3,Metro,"Metro - Counties in metro areas of fewer than 250,000 population",24,1,0,32.4719,4,5.7625,7391,19858,8115.99,1802.26,2084.16,0.222063,0.256797,471.65,0.1000,NULL,NULL,NULL,NULL,NULL,NULL,NULL,NULL,NULL,NULL,NULL,NULL,NULL,NULL,NULL
41005,2023,OR,Clackamas,1,Metro,Metro - Counties in metro areas of 1 million population or more,88,1,0,36.0685,4,2.7510,24398,98056,8972.69,2207.40,2234.59,0.246013,0.249043,510.37,0.1513,NULL,NULL,NULL,NULL,NULL,NULL,NULL,NULL,NULL,NULL,NULL,NULL,NULL,NULL,NULL
41007,2023,OR,Clatsop,4,Nonmetro,"Nonmetro - Urban population of 20,000 or more, adjacent to a metro area",17,1,0,17.3824,2,-1.0383,9780,11916,9161.62,1985.50,3312.93,0.216719,0.361610,655.83,0.1416,NULL,NULL,NULL,NULL,NULL,NULL,NULL,NULL,NULL,NULL,NULL,NULL,NULL,NULL,NULL
41009,2023,OR,Columbia,1,Metro,Metro - Counties in metro areas of 1 million population or more,12,1,0,28.4630,1,6.7024,4216,13586,8512.49,2405.47,2106.79,0.282581,0.247494,510.91,0.1421,NULL,NULL,NULL,NULL,NULL,NULL,NULL,NULL,NULL,NULL,NULL,NULL,NULL,NULL,NULL
41011,2023,OR,Coos,5,Nonmetro,"Nonmetro - Urban population of 20,000 or more, not adjacent to a metro area",20,1,0,13.6519,2,2.8164,14650,22576,10089.42,2619.65,2452.46,0.259643,0.243072,652.15,0.1729,NULL,NULL,NULL,NULL,NULL,NULL,NULL,NULL,NULL,NULL,NULL,NULL,NULL,NULL,NULL
41013,2023,OR,Crook,3,Metro,"Metro - Counties in metro areas of fewer than 250,000 population",6,0,0,14.1610,1,3.9922,4237,8151,9802.42,2114.66,2374.48,0.215728,0.242234,600.66,0.1364,NULL,NULL,NULL,NULL,NULL,NULL,NULL,NULL,NULL,NULL,NULL,NULL,NULL,NULL,NULL
41015,2023,OR,Curry,7,Nonmetro,"Nonmetro - Urban population of 5,000 to 20,000, not adjacent to a metro area",5,0,0,6.7132,0,0.1849,7448,10271,8561.75,1780.11,2768.89,0.207914,0.323402,634.67,0.1565,NULL,NULL,NULL,NULL,NULL,NULL,NULL,NULL,NULL,NULL,NULL,NULL,NULL,NULL,NULL
41017,2023,OR,Deschutes,3,Metro,"Metro - Counties in metro areas of fewer than 250,000 population",41,1,0,15.1857,5,2.9040,26999,52207,9504.02,2072.78,1737.95,0.218095,0.182865,428.94,0.1308,NULL,NULL,NULL,NULL,NULL,NULL,NULL,NULL,NULL,NULL,NULL,NULL,NULL,NULL,NULL
41019,2023,OR,Douglas,4,Nonmetro,"Nonmetro - Urban population of 20,000 or more, adjacent to a metro area",27,0,0,16.2182,3,3.9920,16648,37098,8215.28,1997.68,1759.57,0.243166,0.214183,543.37,0.1281,NULL,NULL,NULL,NULL,NULL,NULL,NULL,NULL,NULL,NULL,NULL,NULL,NULL,NULL,NULL
41021,2023,OR,Gilliam,9,Nonmetro,"Nonmetro - Urban population of fewer than 5,000, not adjacent to a metro area",1,0,0,20.3252,0,-1.7987,492,633,8072.64,1610.96,3087.36,0.199558,0.382447,430.89,NULL,NULL,NULL,NULL,NULL,NULL,NULL,NULL,NULL,NULL,NULL,NULL,NULL,NULL,NULL,NULL
41023,2023,OR,Grant,9,Nonmetro,"Nonmetro - Urban population of fewer than 5,000, not adjacent to a metro area",1,0,0,6.0827,0,0.4552,1644,2464,9126.70,1581.48,3014.17,0.173281,0.330258,613.14,0.1024,NULL,NULL,NULL,NULL,NULL,NULL,NULL,NULL,NULL,NULL,NULL,NULL,NULL,NULL,NULL
41025,2023,OR,Harney,9,Nonmetro,"Nonmetro - Urban population of fewer than 5,000, not adjacent to a metro area",3,0,0,16.4204,1,4.6764,1827,2236,9617.79,1645.04,2925.64,0.171041,0.304190,648.60,0.1810,NULL,NULL,NULL,NULL,NULL,NULL,NULL,NULL,NULL,NULL,NULL,NULL,NULL,NULL,NULL
41027,2023,OR,Hood River,6,Nonmetro,"Nonmetro - Urban population of 5,000 to 20,000, adjacent to a metro area",5,0,0,17.2176,0,0.9574,2904,4996,8047.47,1751.88,2682.31,0.217693,0.333311,456.96,0.1000,NULL,NULL,NULL,NULL,NULL,NULL,NULL,NULL,NULL,NULL,NULL,NULL,NULL,NULL,NULL
41029,2023,OR,Jackson,3,Metro,"Metro - Counties in metro areas of fewer than 250,000 population",61,1,0,21.2122,6,5.3497,28757,62003,9278.94,2194.41,2352.12,0.236494,0.253490,505.34,0.1513,NULL,NULL,NULL,NULL,NULL,NULL,NULL,NULL,NULL,NULL,NULL,NULL,NULL,NULL,NULL
41031,2023,OR,Jefferson,3,Metro,"Metro - Counties in metro areas of fewer than 250,000 population",3,0,0,9.8717,1,4.2300,3039,6328,9739.34,2609.17,1936.87,0.267900,0.198871,620.93,0.1465,NULL,NULL,NULL,NULL,NULL,NULL,NULL,NULL,NULL,NULL,NULL,NULL,NULL,NULL,NULL
41033,2023,OR,Josephine,3,Metro,"Metro - Counties in metro areas of fewer than 250,000 population",26,0,0,22.9540,1,5.6230,11327,28970,9325.28,2530.52,2332.30,0.271361,0.250105,530.77,0.1386,NULL,NULL,NULL,NULL,NULL,NULL,NULL,NULL,NULL,NULL,NULL,NULL,NULL,NULL,NULL
41035,2023,OR,Klamath,5,Nonmetro,"Nonmetro - Urban population of 20,000 or more, not adjacent to a metro area",13,1,0,12.3810,3,4.1411,10500,19492,8264.66,2202.17,2536.52,0.266456,0.306912,530.00,0.1268,NULL,NULL,NULL,NULL,NULL,NULL,NULL,NULL,NULL,NULL,NULL,NULL,NULL,NULL,NULL
41037,2023,OR,Lake,9,Nonmetro,"Nonmetro - Urban population of fewer than 5,000, not adjacent to a metro area",4,0,0,20.1715,0,-0.1125,1983,2475,8615.36,1973.50,2157.88,0.229068,0.250469,494.20,0.1294,NULL,NULL,NULL,NULL,NULL,NULL,NULL,NULL,NULL,NULL,NULL,NULL,NULL,NULL,NULL
41039,2023,OR,Lane,2,Metro,"Metro - Counties in metro areas of 250,000 to 1 million population",93,3,0,31.0902,14,9.5132,29913,98000,8805.37,2076.93,1610.09,0.235871,0.182853,551.70,0.1316,NULL,NULL,NULL,NULL,NULL,NULL,NULL,NULL,NULL,NULL,NULL,NULL,NULL,NULL,NULL
41041,2023,OR,Lincoln,5,Nonmetro,"Nonmetro - Urban population of 20,000 or more, not adjacent to a metro area",20,0,0,17.9485,1,2.3747,11143,18736,8504.58,1932.75,2858.03,0.227260,0.336058,638.25,0.1465,NULL,NULL,NULL,NULL,NULL,NULL,NULL,NULL,NULL,NULL,NULL,NULL,NULL,NULL,NULL
41043,2023,OR,Linn,3,Metro,"Metro - Counties in metro areas of fewer than 250,000 population",29,1,0,28.1362,2,5.8663,10307,32750,8805.33,2235.04,2301.51,0.253828,0.261377,617.06,0.1302,NULL,NULL,NULL,NULL,NULL,NULL,NULL,NULL,NULL,NULL,NULL,NULL,NULL,NULL,NULL
41045,2023,OR,Malheur,6,Nonmetro,"Nonmetro - Urban population of 5,000 to 20,000, adjacent to a metro area",11,1,0,26.4360,2,8.4863,4161,6684,9527.26,2135.69,2581.62,0.224166,0.270972,644.32,0.1193,NULL,NULL,NULL,NULL,NULL,NULL,NULL,NULL,NULL,NULL,NULL,NULL,NULL,NULL,NULL
41047,2023,OR,Marion,2,Metro,"Metro - Counties in metro areas of 250,000 to 1 million population",67,0,0,33.4515,3,4.6939,20029,71853,9200.66,2399.83,1610.27,0.260832,0.175017,634.98,0.1726,NULL,NULL,NULL,NULL,NULL,NULL,NULL,NULL,NULL,NULL,NULL,NULL,NULL,NULL,NULL
41049,2023,OR,Morrow,8,Nonmetro,"Nonmetro - Urban population of fewer than 5,000, adjacent to a metro area",6,0,0,30.9757,1,3.0583,1937,2419,10128.37,2011.69,3732.15,0.198619,0.368485,629.32,0.1288,NULL,NULL,NULL,NULL,NULL,NULL,NULL,NULL,NULL,NULL,NULL,NULL,NULL,NULL,NULL
41051,2023,OR,Multnomah,1,Metro,Metro - Counties in metro areas of 1 million population or more,184,3,0,54.0874,15,10.8372,34019,138577,9045.43,2408.17,2207.20,0.266231,0.244013,572.77,0.1684,NULL,NULL,NULL,NULL,NULL,NULL,NULL,NULL,NULL,NULL,NULL,NULL,NULL,NULL,NULL
41053,2023,OR,Polk,2,Metro,"Metro - Counties in metro areas of 250,000 to 1 million population",12,0,0,20.3908,1,2.4697,5885,20637,9337.21,2149.83,1777.58,0.230243,0.190376,606.80,0.1291,NULL,NULL,NULL,NULL,NULL,NULL,NULL,NULL,NULL,NULL,NULL,NULL,NULL,NULL,NULL
41055,2023,OR,Sherman,9,Nonmetro,"Nonmetro - Urban population of fewer than 5,000, not adjacent to a metro area",NULL,NULL,NULL,NULL,NULL,NULL,379,569,8240.71,1844.46,2748.31,0.223823,0.333504,490.77,NULL,NULL,NULL,NULL,NULL,NULL,NULL,NULL,NULL,NULL,NULL,NULL,NULL,NULL,NULL,NULL
41057,2023,OR,Tillamook,7,Nonmetro,"Nonmetro - Urban population of 5,000 to 20,000, not adjacent to a metro area",8,0,0,14.2883,0,0.8067,5599,9076,8207.67,1817.09,2834.69,0.221389,0.345371,555.46,0.1325,NULL,NULL,NULL,NULL,NULL,NULL,NULL,NULL,NULL,NULL,NULL,NULL,NULL,NULL,NULL
41059,2023,OR,Umatilla,4,Nonmetro,"Nonmetro - Urban population of 20,000 or more, adjacent to a metro area",16,0,0,12.4301,0,-0.4961,12872,16069,9199.46,2119.32,2932.81,0.230374,0.318802,735.63,0.1345,NULL,NULL,NULL,NULL,NULL,NULL,NULL,NULL,NULL,NULL,NULL,NULL,NULL,NULL,NULL
41061,2023,OR,Union,7,Nonmetro,"Nonmetro - Urban population of 5,000 to 20,000, not adjacent to a metro area",6,0,0,10.5876,0,-0.3653,5667,7058,8953.42,1863.59,3324.37,0.208143,0.371296,624.32,0.1283,NULL,NULL,NULL,NULL,NULL,NULL,NULL,NULL,NULL,NULL,NULL,NULL,NULL,NULL,NULL
41063,2023,OR,Wallowa,9,Nonmetro,"Nonmetro - Urban population of fewer than 5,000, not adjacent to a metro area",4,1,0,17.6913,1,4.0735,2261,2694,9403.03,1878.79,3772.22,0.199807,0.401171,509.95,0.1115,NULL,NULL,NULL,NULL,NULL,NULL,NULL,NULL,NULL,NULL,NULL,NULL,NULL,NULL,NULL
41065,2023,OR,Wasco,7,Nonmetro,"Nonmetro - Urban population of 5,000 to 20,000, not adjacent to a metro area",5,0,0,12.0424,1,3.6196,4152,6962,8170.29,1904.62,2248.95,0.233115,0.275260,539.26,0.1291,NULL,NULL,NULL,NULL,NULL,NULL,NULL,NULL,NULL,NULL,NULL,NULL,NULL,NULL,NULL
41067,2023,OR,Washington,1,Metro,Metro - Counties in metro areas of 1 million population or more,116,0,0,44.4632,9,5.9296,26089,103155,9139.22,2332.33,2164.35,0.255200,0.236820,535.78,0.1704,NULL,NULL,NULL,NULL,NULL,NULL,NULL,NULL,NULL,NULL,NULL,NULL,NULL,NULL,NULL
41069,2023,OR,Wheeler,9,Nonmetro,"Nonmetro - Urban population of fewer than 5,000, not adjacent to a metro area",NULL,NULL,NULL,NULL,NULL,NULL,356,540,8730.94,2560.68,2375.70,0.293288,0.272101,426.97,NULL,NULL,NULL,NULL,NULL,NULL,NULL,NULL,NULL,NULL,NULL,NULL,NULL,NULL,NULL,NULL
41071,2023,OR,Yamhill,1,Metro,Metro - Counties in metro areas of 1 million population or more,20,0,0,23.5821,1,2.6362,8481,24471,9108.10,2273.93,2204.53,0.249660,0.242041,640.49,0.1426,NULL,NULL,NULL,NULL,NULL,NULL,NULL,NULL,NULL,NULL,NULL,NULL,NULL,NULL,NULL
42000,2023,PA,UNKNOWN,NULL,NULL,NULL,NULL,NULL,NULL,NULL,NULL,NULL,NULL,NULL,NULL,NULL,NULL,NULL,NULL,NULL,NULL,NULL,NULL,NULL,NULL,NULL,NULL,NULL,NULL,NULL,NULL,NULL,NULL,NULL,NULL,NULL
42001,2023,PA,Adams,3,Metro,"Metro - Counties in metro areas of fewer than 250,000 population",20,1,0,14.2076,1,1.6440,14077,28166,11285.87,2605.96,2888.90,0.230905,0.255975,566.46,0.1681,NULL,NULL,NULL,NULL,NULL,NULL,NULL,NULL,NULL,NULL,NULL,NULL,NULL,NULL,NULL
42003,2023,PA,Allegheny,1,Metro,Metro - Counties in metro areas of 1 million population or more,407,10,0,61.9200,37,12.3122,65730,287791,11512.96,2911.65,2700.66,0.252902,0.234576,578.76,0.1922,NULL,NULL,NULL,NULL,NULL,NULL,NULL,NULL,NULL,NULL,NULL,NULL,NULL,NULL,NULL
42005,2023,PA,Armstrong,1,Metro,Metro - Counties in metro areas of 1 million population or more,15,0,0,38.4418,2,12.3216,3902,18849,10234.82,2291.61,3000.07,0.223903,0.293124,573.04,0.1667,NULL,NULL,NULL,NULL,NULL,NULL,NULL,NULL,NULL,NULL,NULL,NULL,NULL,NULL,NULL
42007,2023,PA,Beaver,1,Metro,Metro - Counties in metro areas of 1 million population or more,50,2,0,49.6081,3,9.8282,10079,45916,11563.46,2494.70,2655.90,0.215740,0.229680,552.63,0.1624,NULL,NULL,NULL,NULL,NULL,NULL,NULL,NULL,NULL,NULL,NULL,NULL,NULL,NULL,NULL
42009,2023,PA,Bedford,8,Nonmetro,"Nonmetro - Urban population of fewer than 5,000, adjacent to a metro area",20,0,0,44.9944,1,11.1685,4445,14068,11311.22,2778.28,2540.36,0.245622,0.224588,584.70,0.1730,NULL,NULL,NULL,NULL,NULL,NULL,NULL,NULL,NULL,NULL,NULL,NULL,NULL,NULL,NULL
42011,2023,PA,Berks,2,Metro,"Metro - Counties in metro areas of 250,000 to 1 million population",107,6,0,24.4510,18,5.9205,43761,94311,11991.86,2979.54,2611.52,0.248464,0.217774,517.20,0.1840,NULL,NULL,NULL,NULL,NULL,NULL,NULL,NULL,NULL,NULL,NULL,NULL,NULL,NULL,NULL
42013,2023,PA,Blair,3,Metro,"Metro - Counties in metro areas of fewer than 250,000 population",45,0,0,42.0639,3,9.9587,10698,33705,11297.62,2529.85,2363.97,0.223928,0.209245,480.28,0.1946,NULL,NULL,NULL,NULL,NULL,NULL,NULL,NULL,NULL,NULL,NULL,NULL,NULL,NULL,NULL
42015,2023,PA,Bradford,6,Nonmetro,"Nonmetro - Urban population of 5,000 to 20,000, adjacent to a metro area",16,0,0,20.3330,2,6.1673,7869,16303,9578.55,2618.39,2544.54,0.273360,0.265650,637.69,0.1704,NULL,NULL,NULL,NULL,NULL,NULL,NULL,NULL,NULL,NULL,NULL,NULL,NULL,NULL,NULL
42017,2023,PA,Bucks,1,Metro,Metro - Counties in metro areas of 1 million population or more,220,6,0,29.1951,17,2.8304,75355,156265,12226.68,2901.60,2097.63,0.237317,0.171562,509.65,0.1863,NULL,NULL,NULL,NULL,NULL,NULL,NULL,NULL,NULL,NULL,NULL,NULL,NULL,NULL,NULL
42019,2023,PA,Butler,1,Metro,Metro - Counties in metro areas of 1 million population or more,49,0,0,38.6862,4,5.2314,12666,49814,10494.54,2470.39,2699.65,0.235398,0.257243,532.76,0.1714,NULL,NULL,NULL,NULL,NULL,NULL,NULL,NULL,NULL,NULL,NULL,NULL,NULL,NULL,NULL
42021,2023,PA,Cambria,3,Metro,"Metro - Counties in metro areas of fewer than 250,000 population",57,1,0,71.4554,2,21.6591,7977,39326,12381.08,2793.76,2311.36,0.225648,0.186685,566.38,0.1863,NULL,NULL,NULL,NULL,NULL,NULL,NULL,NULL,NULL,NULL,NULL,NULL,NULL,NULL,NULL
42023,2023,PA,Cameron,9,Nonmetro,"Nonmetro - Urban population of fewer than 5,000, not adjacent to a metro area",5,0,0,77.6398,0,20.1024,644,1548,12059.85,2668.58,4205.32,0.221278,0.348704,681.68,0.2017,NULL,NULL,NULL,NULL,NULL,NULL,NULL,NULL,NULL,NULL,NULL,NULL,NULL,NULL,NULL
42025,2023,PA,Carbon,2,Metro,"Metro - Counties in metro areas of 250,000 to 1 million population",21,1,0,21.4878,4,6.2220,9773,18151,12477.81,3192.59,3260.09,0.255861,0.261271,705.62,0.1954,NULL,NULL,NULL,NULL,NULL,NULL,NULL,NULL,NULL,NULL,NULL,NULL,NULL,NULL,NULL
42027,2023,PA,Centre,3,Metro,"Metro - Counties in metro areas of fewer than 250,000 population",39,0,0,41.7604,5,9.7333,9339,27816,10458.34,2387.69,2018.58,0.228305,0.193012,559.91,0.1670,NULL,NULL,NULL,NULL,NULL,NULL,NULL,NULL,NULL,NULL,NULL,NULL,NULL,NULL,NULL
42029,2023,PA,Chester,1,Metro,Metro - Counties in metro areas of 1 million population or more,126,0,0,20.0407,5,0.6017,62872,111037,11205.41,2471.00,2098.36,0.220518,0.187263,445.32,0.1574,NULL,NULL,NULL,NULL,NULL,NULL,NULL,NULL,NULL,NULL,NULL,NULL,NULL,NULL,NULL
42031,2023,PA,Clarion,6,Nonmetro,"Nonmetro - Urban population of 5,000 to 20,000, adjacent to a metro area",17,0,0,42.1105,3,14.9102,4037,10085,10362.42,2644.79,3141.38,0.255229,0.303151,632.90,0.1603,NULL,NULL,NULL,NULL,NULL,NULL,NULL,NULL,NULL,NULL,NULL,NULL,NULL,NULL,NULL
42033,2023,PA,Clearfield,4,Nonmetro,"Nonmetro - Urban population of 20,000 or more, adjacent to a metro area",22,0,0,27.3496,1,7.0617,8044,21295,10680.94,2502.94,3013.06,0.234337,0.282097,612.01,0.1761,NULL,NULL,NULL,NULL,NULL,NULL,NULL,NULL,NULL,NULL,NULL,NULL,NULL,NULL,NULL
42035,2023,PA,Clinton,6,Nonmetro,"Nonmetro - Urban population of 5,000 to 20,000, adjacent to a metro area",8,0,0,23.9808,1,8.0100,3336,9535,11929.18,3044.94,3025.65,0.255251,0.253634,630.70,0.1909,NULL,NULL,NULL,NULL,NULL,NULL,NULL,NULL,NULL,NULL,NULL,NULL,NULL,NULL,NULL
42037,2023,PA,Columbia,4,Nonmetro,"Nonmetro - Urban population of 20,000 or more, adjacent to a metro area",19,0,0,25.4965,1,2.8806,7452,16489,11133.29,2947.98,3292.61,0.264790,0.295745,538.11,0.1762,NULL,NULL,NULL,NULL,NULL,NULL,NULL,NULL,NULL,NULL,NULL,NULL,NULL,NULL,NULL
42039,2023,PA,Crawford,4,Nonmetro,"Nonmetro - Urban population of 20,000 or more, adjacent to a metro area",33,1,0,34.5441,4,10.5236,9553,23335,11188.43,2660.31,3370.62,0.237773,0.301259,584.01,0.1617,NULL,NULL,NULL,NULL,NULL,NULL,NULL,NULL,NULL,NULL,NULL,NULL,NULL,NULL,NULL
42041,2023,PA,Cumberland,2,Metro,"Metro - Counties in metro areas of 250,000 to 1 million population",86,5,0,34.1568,11,6.9336,25178,60825,11897.49,2822.57,2327.74,0.237241,0.195650,508.90,0.1876,NULL,NULL,NULL,NULL,NULL,NULL,NULL,NULL,NULL,NULL,NULL,NULL,NULL,NULL,NULL
42043,2023,PA,Dauphin,2,Metro,"Metro - Counties in metro areas of 250,000 to 1 million population",79,1,0,39.4862,9,9.3164,20007,63254,12018.52,2790.12,2574.97,0.232152,0.214250,534.86,0.1849,NULL,NULL,NULL,NULL,NULL,NULL,NULL,NULL,NULL,NULL,NULL,NULL,NULL,NULL,NULL
42045,2023,PA,Delaware,1,Metro,Metro - Counties in metro areas of 1 million population or more,233,5,0,38.5570,21,6.2862,60430,120845,12260.39,2841.67,1995.74,0.231776,0.162779,525.52,0.1843,NULL,NULL,NULL,NULL,NULL,NULL,NULL,NULL,NULL,NULL,NULL,NULL,NULL,NULL,NULL
42047,2023,PA,Elk,7,Nonmetro,"Nonmetro - Urban population of 5,000 to 20,000, not adjacent to a metro area",12,0,0,25.2472,1,5.7609,4753,8988,11309.89,2429.43,4086.62,0.214806,0.361332,627.39,0.1418,NULL,NULL,NULL,NULL,NULL,NULL,NULL,NULL,NULL,NULL,NULL,NULL,NULL,NULL,NULL
42049,2023,PA,Erie,2,Metro,"Metro - Counties in metro areas of 250,000 to 1 million population",77,2,0,36.4946,8,10.0952,21099,66209,11120.27,2949.41,2523.28,0.265228,0.226908,560.60,0.1868,NULL,NULL,NULL,NULL,NULL,NULL,NULL,NULL,NULL,NULL,NULL,NULL,NULL,NULL,NULL
42051,2023,PA,Fayette,1,Metro,Metro - Counties in metro areas of 1 million population or more,49,0,0,46.3752,3,10.0690,10566,36844,10918.77,2822.76,2598.65,0.258524,0.237998,603.92,0.1909,NULL,NULL,NULL,NULL,NULL,NULL,NULL,NULL,NULL,NULL,NULL,NULL,NULL,NULL,NULL
42053,2023,PA,Forest,9,Nonmetro,"Nonmetro - Urban population of fewer than 5,000, not adjacent to a metro area",2,0,0,31.2989,0,8.2042,639,1928,10342.95,2663.23,2584.88,0.257492,0.249917,611.89,0.2552,NULL,NULL,NULL,NULL,NULL,NULL,NULL,NULL,NULL,NULL,NULL,NULL,NULL,NULL,NULL
42055,2023,PA,Franklin,3,Metro,"Metro - Counties in metro areas of fewer than 250,000 population",28,1,0,14.0035,1,2.6159,19995,39161,11313.93,2929.38,2181.40,0.258918,0.192807,614.65,0.1892,NULL,NULL,NULL,NULL,NULL,NULL,NULL,NULL,NULL,NULL,NULL,NULL,NULL,NULL,NULL
42057,2023,PA,Fulton,8,Nonmetro,"Nonmetro - Urban population of fewer than 5,000, adjacent to a metro area",3,0,0,14.7856,0,3.0577,2029,4018,10847.23,2733.40,2650.00,0.251991,0.244302,759.98,0.1599,NULL,NULL,NULL,NULL,NULL,NULL,NULL,NULL,NULL,NULL,NULL,NULL,NULL,NULL,NULL
42059,2023,PA,Greene,6,Nonmetro,"Nonmetro - Urban population of 5,000 to 20,000, adjacent to a metro area",12,1,0,50.4838,3,22.4551,2377,9148,10266.21,2501.22,2546.85,0.243636,0.248081,560.79,0.1444,NULL,NULL,NULL,NULL,NULL,NULL,NULL,NULL,NULL,NULL,NULL,NULL,NULL,NULL,NULL
42061,2023,PA,Huntingdon,6,Nonmetro,"Nonmetro - Urban population of 5,000 to 20,000, adjacent to a metro area",9,1,0,21.3068,2,9.0626,4224,11595,11141.33,2829.09,2650.26,0.253927,0.237876,592.33,0.1839,NULL,NULL,NULL,NULL,NULL,NULL,NULL,NULL,NULL,NULL,NULL,NULL,NULL,NULL,NULL
42063,2023,PA,Indiana,4,Nonmetro,"Nonmetro - Urban population of 20,000 or more, adjacent to a metro area",23,0,0,46.8336,1,10.6077,4911,21256,10217.53,2776.41,2715.79,0.271730,0.265797,610.47,0.1555,NULL,NULL,NULL,NULL,NULL,NULL,NULL,NULL,NULL,NULL,NULL,NULL,NULL,NULL,NULL
42065,2023,PA,Jefferson,7,Nonmetro,"Nonmetro - Urban population of 5,000 to 20,000, not adjacent to a metro area",16,0,0,34.4382,1,8.4822,4646,12248,10469.97,2359.11,3289.52,0.225322,0.314186,643.56,0.1438,NULL,NULL,NULL,NULL,NULL,NULL,NULL,NULL,NULL,NULL,NULL,NULL,NULL,NULL,NULL
42067,2023,PA,Juniata,8,Nonmetro,"Nonmetro - Urban population of fewer than 5,000, adjacent to a metro area",8,0,0,38.7597,1,12.5523,2064,5874,11185.05,2784.38,2724.15,0.248938,0.243553,558.62,0.1738,NULL,NULL,NULL,NULL,NULL,NULL,NULL,NULL,NULL,NULL,NULL,NULL,NULL,NULL,NULL
42069,2023,PA,Lackawanna,2,Metro,"Metro - Counties in metro areas of 250,000 to 1 million population",100,3,0,36.5417,8,8.1860,27366,56137,11906.13,3206.32,2034.81,0.269300,0.170904,647.52,0.1925,NULL,NULL,NULL,NULL,NULL,NULL,NULL,NULL,NULL,NULL,NULL,NULL,NULL,NULL,NULL
42071,2023,PA,Lancaster,2,Metro,"Metro - Counties in metro areas of 250,000 to 1 million population",137,2,0,25.7320,15,4.8004,53241,125158,11034.17,2620.29,2588.72,0.237471,0.234609,481.45,0.1616,NULL,NULL,NULL,NULL,NULL,NULL,NULL,NULL,NULL,NULL,NULL,NULL,NULL,NULL,NULL
42073,2023,PA,Lawrence,1,Metro,Metro - Counties in metro areas of 1 million population or more,34,2,0,56.9038,4,16.4125,5975,24574,10585.82,2322.19,2532.38,0.219368,0.239224,539.08,0.1779,NULL,NULL,NULL,NULL,NULL,NULL,NULL,NULL,NULL,NULL,NULL,NULL,NULL,NULL,NULL
42075,2023,PA,Lebanon,3,Metro,"Metro - Counties in metro areas of fewer than 250,000 population",28,0,0,20.4380,3,4.8617,13700,35262,11376.60,2749.73,2757.81,0.241701,0.242411,489.49,0.1694,NULL,NULL,NULL,NULL,NULL,NULL,NULL,NULL,NULL,NULL,NULL,NULL,NULL,NULL,NULL
42077,2023,PA,Lehigh,2,Metro,"Metro - Counties in metro areas of 250,000 to 1 million population",116,4,0,30.9482,18,7.6907,37482,82128,11846.80,3037.46,2917.88,0.256395,0.246301,585.05,0.1826,NULL,NULL,NULL,NULL,NULL,NULL,NULL,NULL,NULL,NULL,NULL,NULL,NULL,NULL,NULL
42079,2023,PA,Luzerne,2,Metro,"Metro - Counties in metro areas of 250,000 to 1 million population",127,3,0,32.5499,13,8.4193,39017,79334,12256.22,2996.58,2432.66,0.244495,0.198484,518.49,0.1830,NULL,NULL,NULL,NULL,NULL,NULL,NULL,NULL,NULL,NULL,NULL,NULL,NULL,NULL,NULL
42081,2023,PA,Lycoming,3,Metro,"Metro - Counties in metro areas of fewer than 250,000 population",34,0,0,27.4548,3,7.8494,12384,29550,11088.20,2823.18,3043.40,0.254611,0.274472,552.08,0.1723,NULL,NULL,NULL,NULL,NULL,NULL,NULL,NULL,NULL,NULL,NULL,NULL,NULL,NULL,NULL
42083,2023,PA,McKean,7,Nonmetro,"Nonmetro - Urban population of 5,000 to 20,000, not adjacent to a metro area",17,0,0,33.7302,2,11.5409,5040,10969,10167.96,2502.98,2926.33,0.246163,0.287799,639.68,0.1453,NULL,NULL,NULL,NULL,NULL,NULL,NULL,NULL,NULL,NULL,NULL,NULL,NULL,NULL,NULL
42085,2023,PA,Mercer,4,Nonmetro,"Nonmetro - Urban population of 20,000 or more, adjacent to a metro area",41,0,0,44.8381,0,11.6827,9144,30964,11887.58,3048.23,3043.08,0.256421,0.255988,692.69,0.1672,NULL,NULL,NULL,NULL,NULL,NULL,NULL,NULL,NULL,NULL,NULL,NULL,NULL,NULL,NULL
42087,2023,PA,Mifflin,4,Nonmetro,"Nonmetro - Urban population of 20,000 or more, adjacent to a metro area",11,1,0,24.5098,1,7.4827,4488,12105,11051.43,3215.34,2427.85,0.290943,0.219687,709.89,0.1794,NULL,NULL,NULL,NULL,NULL,NULL,NULL,NULL,NULL,NULL,NULL,NULL,NULL,NULL,NULL
42089,2023,PA,Monroe,4,Nonmetro,"Nonmetro - Urban population of 20,000 or more, adjacent to a metro area",47,0,0,24.9020,2,4.6436,18874,38721,11755.58,2989.00,2895.69,0.254262,0.246325,638.71,0.1935,NULL,NULL,NULL,NULL,NULL,NULL,NULL,NULL,NULL,NULL,NULL,NULL,NULL,NULL,NULL
42091,2023,PA,Montgomery,1,Metro,Metro - Counties in metro areas of 1 million population or more,326,7,0,33.1678,32,3.7254,98288,187706,11988.19,2839.78,2150.38,0.236881,0.179375,506.74,0.1829,NULL,NULL,NULL,NULL,NULL,NULL,NULL,NULL,NULL,NULL,NULL,NULL,NULL,NULL,NULL
42093,2023,PA,Montour,6,Nonmetro,"Nonmetro - Urban population of 5,000 to 20,000, adjacent to a metro area",13,0,0,80.6452,0,9.8005,1612,4877,10815.68,2800.80,3345.60,0.258957,0.309329,536.60,0.1594,NULL,NULL,NULL,NULL,NULL,NULL,NULL,NULL,NULL,NULL,NULL,NULL,NULL,NULL,NULL
42095,2023,PA,Northampton,2,Metro,"Metro - Counties in metro areas of 250,000 to 1 million population",96,1,0,25.0476,10,4.0832,38327,77761,12260.64,3124.76,2910.70,0.254861,0.237402,643.36,0.1968,NULL,NULL,NULL,NULL,NULL,NULL,NULL,NULL,NULL,NULL,NULL,NULL,NULL,NULL,NULL
42097,2023,PA,Northumberland,4,Nonmetro,"Nonmetro - Urban population of 20,000 or more, adjacent to a metro area",27,0,0,27.7464,0,6.8567,9731,24769,12025.92,3145.86,3317.98,0.261590,0.275902,640.63,0.1693,NULL,NULL,NULL,NULL,NULL,NULL,NULL,NULL,NULL,NULL,NULL,NULL,NULL,NULL,NULL
42099,2023,PA,Perry,2,Metro,"Metro - Counties in metro areas of 250,000 to 1 million population",8,0,0,19.2911,1,4.2664,4147,11719,11228.61,2938.80,2101.00,0.261724,0.187111,470.46,0.1461,NULL,NULL,NULL,NULL,NULL,NULL,NULL,NULL,NULL,NULL,NULL,NULL,NULL,NULL,NULL
42101,2023,PA,Philadelphia,1,Metro,Metro - Counties in metro areas of 1 million population or more,686,15,0,79.5464,63,25.4783,86239,271385,13031.79,3610.81,2386.37,0.277077,0.183119,695.80,0.2226,NULL,NULL,NULL,NULL,NULL,NULL,NULL,NULL,NULL,NULL,NULL,NULL,NULL,NULL,NULL
42103,2023,PA,Pike,6,Nonmetro,"Nonmetro - Urban population of 5,000 to 20,000, adjacent to a metro area",17,0,0,16.8969,2,3.0784,10061,16629,10453.07,2612.01,2095.89,0.249880,0.200505,532.95,0.1448,NULL,NULL,NULL,NULL,NULL,NULL,NULL,NULL,NULL,NULL,NULL,NULL,NULL,NULL,NULL
42105,2023,PA,Potter,9,Nonmetro,"Nonmetro - Urban population of fewer than 5,000, not adjacent to a metro area",4,0,0,17.8891,0,3.6795,2236,5009,8772.09,2163.85,2832.14,0.246674,0.322858,573.79,0.1436,NULL,NULL,NULL,NULL,NULL,NULL,NULL,NULL,NULL,NULL,NULL,NULL,NULL,NULL,NULL
42107,2023,PA,Schuylkill,4,Nonmetro,"Nonmetro - Urban population of 20,000 or more, adjacent to a metro area",50,0,0,26.6909,2,5.5706,18733,38167,11887.38,3261.34,2579.41,0.274353,0.216987,663.37,0.1793,NULL,NULL,NULL,NULL,NULL,NULL,NULL,NULL,NULL,NULL,NULL,NULL,NULL,NULL,NULL
42109,2023,PA,Snyder,7,Nonmetro,"Nonmetro - Urban population of 5,000 to 20,000, not adjacent to a metro area",7,0,0,19.4336,0,3.4336,3602,9389,12056.67,3384.46,2833.26,0.280713,0.234995,565.80,0.2095,NULL,NULL,NULL,NULL,NULL,NULL,NULL,NULL,NULL,NULL,NULL,NULL,NULL,NULL,NULL
42111,2023,PA,Somerset,6,Nonmetro,"Nonmetro - Urban population of 5,000 to 20,000, adjacent to a metro area",23,1,0,40.9617,2,10.9959,5615,21098,11208.47,2601.85,2797.03,0.232132,0.249546,548.35,0.1570,NULL,NULL,NULL,NULL,NULL,NULL,NULL,NULL,NULL,NULL,NULL,NULL,NULL,NULL,NULL
42113,2023,PA,Sullivan,8,Nonmetro,"Nonmetro - Urban population of fewer than 5,000, adjacent to a metro area",2,0,0,19.5122,0,3.0648,1025,2140,10409.19,2695.85,2891.04,0.258987,0.277739,466.34,0.1914,NULL,NULL,NULL,NULL,NULL,NULL,NULL,NULL,NULL,NULL,NULL,NULL,NULL,NULL,NULL
42115,2023,PA,Susquehanna,8,Nonmetro,"Nonmetro - Urban population of fewer than 5,000, adjacent to a metro area",10,0,0,17.0155,1,4.2114,5877,11334,10439.68,2627.49,2588.69,0.251683,0.247966,539.39,0.1871,NULL,NULL,NULL,NULL,NULL,NULL,NULL,NULL,NULL,NULL,NULL,NULL,NULL,NULL,NULL
42117,2023,PA,Tioga,8,Nonmetro,"Nonmetro - Urban population of fewer than 5,000, adjacent to a metro area",10,0,0,19.3237,0,3.9651,5175,11613,9025.59,2553.53,2157.48,0.282921,0.239040,439.03,0.1702,NULL,NULL,NULL,NULL,NULL,NULL,NULL,NULL,NULL,NULL,NULL,NULL,NULL,NULL,NULL
42119,2023,PA,Union,6,Nonmetro,"Nonmetro - Urban population of 5,000 to 20,000, adjacent to a metro area",12,0,0,30.7141,0,5.1441,3907,9153,10792.69,2503.24,3171.79,0.231938,0.293883,545.94,0.1602,NULL,NULL,NULL,NULL,NULL,NULL,NULL,NULL,NULL,NULL,NULL,NULL,NULL,NULL,NULL
42121,2023,PA,Venango,4,Nonmetro,"Nonmetro - Urban population of 20,000 or more, adjacent to a metro area",15,0,0,33.2226,0,11.0431,4515,15433,11144.16,2809.98,3201.31,0.252148,0.287263,676.63,0.1697,NULL,NULL,NULL,NULL,NULL,NULL,NULL,NULL,NULL,NULL,NULL,NULL,NULL,NULL,NULL
42123,2023,PA,Warren,6,Nonmetro,"Nonmetro - Urban population of 5,000 to 20,000, adjacent to a metro area",15,1,0,29.9103,3,11.9220,5015,11404,10686.50,2799.11,2926.55,0.261930,0.273855,626.52,0.1859,NULL,NULL,NULL,NULL,NULL,NULL,NULL,NULL,NULL,NULL,NULL,NULL,NULL,NULL,NULL
42125,2023,PA,Washington,1,Metro,Metro - Counties in metro areas of 1 million population or more,66,0,0,47.4240,9,10.5260,13917,56265,11086.41,2820.26,2565.80,0.254389,0.231437,546.38,0.1732,NULL,NULL,NULL,NULL,NULL,NULL,NULL,NULL,NULL,NULL,NULL,NULL,NULL,NULL,NULL
42127,2023,PA,Wayne,6,Nonmetro,"Nonmetro - Urban population of 5,000 to 20,000, adjacent to a metro area",15,1,0,17.1429,1,3.1945,8750,15143,10215.61,2271.42,2076.33,0.222348,0.203251,549.14,0.1529,NULL,NULL,NULL,NULL,NULL,NULL,NULL,NULL,NULL,NULL,NULL,NULL,NULL,NULL,NULL
42129,2023,PA,Westmoreland,1,Metro,Metro - Counties in metro areas of 1 million population or more,128,3,0,54.5331,10,10.1672,23472,103011,11403.45,2990.22,2436.04,0.262221,0.213623,581.29,0.1911,NULL,NULL,NULL,NULL,NULL,NULL,NULL,NULL,NULL,NULL,NULL,NULL,NULL,NULL,NULL
42131,2023,PA,Wyoming,2,Metro,"Metro - Counties in metro areas of 250,000 to 1 million population",16,0,0,50.4096,1,13.9310,3174,7467,10795.01,2524.57,2468.47,0.233865,0.228668,439.51,0.1573,NULL,NULL,NULL,NULL,NULL,NULL,NULL,NULL,NULL,NULL,NULL,NULL,NULL,NULL,NULL
42133,2023,PA,York,2,Metro,"Metro - Counties in metro areas of 250,000 to 1 million population",135,0,0,30.8219,6,5.3399,43800,105484,11877.94,2933.50,2571.42,0.246970,0.216487,488.90,0.1708,NULL,NULL,NULL,NULL,NULL,NULL,NULL,NULL,NULL,NULL,NULL,NULL,NULL,NULL,NULL
44000,2023,RI,UNKNOWN,NULL,NULL,NULL,NULL,NULL,NULL,NULL,NULL,NULL,NULL,NULL,NULL,NULL,NULL,NULL,NULL,NULL,NULL,NULL,NULL,NULL,NULL,NULL,NULL,NULL,NULL,NULL,NULL,NULL,NULL,NULL,NULL,NULL
44001,2023,RI,Bristol,1,Metro,Metro - Counties in metro areas of 1 million population or more,12,0,0,27.7072,0,3.7551,4331,12989,11280.53,2649.42,2294.22,0.234867,0.203379,511.66,0.1685,NULL,NULL,NULL,NULL,NULL,NULL,NULL,NULL,NULL,NULL,NULL,NULL,NULL,NULL,NULL
44003,2023,RI,Kent,1,Metro,Metro - Counties in metro areas of 1 million population or more,60,0,0,45.3721,2,10.3986,13224,44464,11693.70,2819.75,2484.81,0.241134,0.212491,566.92,0.1763,NULL,NULL,NULL,NULL,NULL,NULL,NULL,NULL,NULL,NULL,NULL,NULL,NULL,NULL,NULL
44005,2023,RI,Newport,1,Metro,Metro - Counties in metro areas of 1 million population or more,22,0,0,22.0596,2,4.3197,9973,22516,11541.44,2517.21,2905.15,0.218102,0.251715,613.66,0.1621,NULL,NULL,NULL,NULL,NULL,NULL,NULL,NULL,NULL,NULL,NULL,NULL,NULL,NULL,NULL
44007,2023,RI,Providence,1,Metro,Metro - Counties in metro areas of 1 million population or more,195,3,0,56.7934,20,18.5729,34335,132375,10962.80,2741.18,2199.83,0.250044,0.200663,549.91,0.1835,NULL,NULL,NULL,NULL,NULL,NULL,NULL,NULL,NULL,NULL,NULL,NULL,NULL,NULL,NULL
44009,2023,RI,Washington,1,Metro,Metro - Counties in metro areas of 1 million population or more,46,0,0,32.8431,5,7.1216,14006,36277,11178.86,2530.50,2770.25,0.226365,0.247811,577.25,0.1564,NULL,NULL,NULL,NULL,NULL,NULL,NULL,NULL,NULL,NULL,NULL,NULL,NULL,NULL,NULL
45000,2023,SC,UNKNOWN,NULL,NULL,NULL,NULL,NULL,NULL,NULL,NULL,NULL,NULL,NULL,NULL,NULL,NULL,NULL,NULL,NULL,NULL,NULL,NULL,NULL,NULL,NULL,NULL,NULL,NULL,NULL,NULL,NULL,NULL,NULL,NULL,NULL
45001,2023,SC,Abbeville,6,Nonmetro,"Nonmetro - Urban population of 5,000 to 20,000, adjacent to a metro area",3,0,0,9.8749,0,1.6036,3038,6880,11637.19,2326.80,2603.29,0.199945,0.223704,577.68,0.1365,NULL,NULL,NULL,NULL,NULL,NULL,NULL,NULL,NULL,NULL,NULL,NULL,NULL,NULL,NULL
45003,2023,SC,Aiken,2,Metro,"Metro - Counties in metro areas of 250,000 to 1 million population",50,1,0,22.2886,3,4.1531,22433,44463,10908.26,2507.75,1844.40,0.229895,0.169083,476.49,0.1728,NULL,NULL,NULL,NULL,NULL,NULL,NULL,NULL,NULL,NULL,NULL,NULL,NULL,NULL,NULL
45005,2023,SC,Allendale,8,Nonmetro,"Nonmetro - Urban population of fewer than 5,000, adjacent to a metro area",3,0,0,40.4313,0,11.9953,742,2207,13052.34,2498.47,2275.52,0.191419,0.174338,936.66,0.1810,NULL,NULL,NULL,NULL,NULL,NULL,NULL,NULL,NULL,NULL,NULL,NULL,NULL,NULL,NULL
45007,2023,SC,Anderson,2,Metro,"Metro - Counties in metro areas of 250,000 to 1 million population",69,1,0,32.3049,4,7.2422,21359,49764,11993.80,2584.34,2046.37,0.215473,0.170619,484.95,0.1720,NULL,NULL,NULL,NULL,NULL,NULL,NULL,NULL,NULL,NULL,NULL,NULL,NULL,NULL,NULL
45009,2023,SC,Bamberg,9,Nonmetro,"Nonmetro - Urban population of fewer than 5,000, not adjacent to a metro area",10,0,0,72.7802,1,25.7828,1374,3666,11896.91,2894.96,2036.38,0.243337,0.171169,678.31,0.1873,NULL,NULL,NULL,NULL,NULL,NULL,NULL,NULL,NULL,NULL,NULL,NULL,NULL,NULL,NULL
45011,2023,SC,Barnwell,8,Nonmetro,"Nonmetro - Urban population of fewer than 5,000, adjacent to a metro area",13,0,0,58.3745,0,13.1728,2227,5314,12037.82,2624.28,1603.54,0.218003,0.133209,687.02,0.1419,NULL,NULL,NULL,NULL,NULL,NULL,NULL,NULL,NULL,NULL,NULL,NULL,NULL,NULL,NULL
45013,2023,SC,Beaufort,3,Metro,"Metro - Counties in metro areas of fewer than 250,000 population",52,0,0,13.7475,5,1.3258,37825,61276,10895.97,2170.73,2491.63,0.199223,0.228674,498.16,0.1638,NULL,NULL,NULL,NULL,NULL,NULL,NULL,NULL,NULL,NULL,NULL,NULL,NULL,NULL,NULL
45015,2023,SC,Berkeley,2,Metro,"Metro - Counties in metro areas of 250,000 to 1 million population",34,1,0,14.6944,4,2.3913,23138,45495,12162.15,2710.75,2476.67,0.222884,0.203638,647.25,0.1819,NULL,NULL,NULL,NULL,NULL,NULL,NULL,NULL,NULL,NULL,NULL,NULL,NULL,NULL,NULL
45017,2023,SC,Calhoun,2,Metro,"Metro - Counties in metro areas of 250,000 to 1 million population",3,0,0,16.9109,0,3.5360,1774,4105,10960.54,2426.82,1702.37,0.221414,0.155318,473.51,0.1340,NULL,NULL,NULL,NULL,NULL,NULL,NULL,NULL,NULL,NULL,NULL,NULL,NULL,NULL,NULL
45019,2023,SC,Charleston,2,Metro,"Metro - Counties in metro areas of 250,000 to 1 million population",164,2,0,34.9457,16,5.6266,46930,85709,11555.74,2391.50,2614.55,0.206953,0.226256,571.36,0.1590,NULL,NULL,NULL,NULL,NULL,NULL,NULL,NULL,NULL,NULL,NULL,NULL,NULL,NULL,NULL
45021,2023,SC,Cherokee,6,Nonmetro,"Nonmetro - Urban population of 5,000 to 20,000, adjacent to a metro area",14,0,0,25.9885,2,8.7397,5387,13457,10995.86,2372.02,2451.24,0.215719,0.222924,605.72,0.1571,NULL,NULL,NULL,NULL,NULL,NULL,NULL,NULL,NULL,NULL,NULL,NULL,NULL,NULL,NULL
45023,2023,SC,Chester,1,Metro,Metro - Counties in metro areas of 1 million population or more,8,0,0,23.1548,0,6.4951,3455,8411,12054.98,3050.68,1634.08,0.253064,0.135552,645.73,0.1852,NULL,NULL,NULL,NULL,NULL,NULL,NULL,NULL,NULL,NULL,NULL,NULL,NULL,NULL,NULL
45025,2023,SC,Chesterfield,6,Nonmetro,"Nonmetro - Urban population of 5,000 to 20,000, adjacent to a metro area",15,1,0,30.5810,2,11.2846,4905,10723,11834.45,2752.13,2343.83,0.232552,0.198051,700.92,0.1868,NULL,NULL,NULL,NULL,NULL,NULL,NULL,NULL,NULL,NULL,NULL,NULL,NULL,NULL,NULL
45027,2023,SC,Clarendon,8,Nonmetro,"Nonmetro - Urban population of fewer than 5,000, adjacent to a metro area",14,3,0,32.4074,3,12.7224,4320,9823,11777.99,2511.03,2515.40,0.213197,0.213568,559.03,0.1576,NULL,NULL,NULL,NULL,NULL,NULL,NULL,NULL,NULL,NULL,NULL,NULL,NULL,NULL,NULL
45029,2023,SC,Colleton,6,Nonmetro,"Nonmetro - Urban population of 5,000 to 20,000, adjacent to a metro area",10,1,0,21.5285,2,8.0718,4645,10698,11728.99,2652.81,2534.49,0.226175,0.216088,719.27,0.1760,NULL,NULL,NULL,NULL,NULL,NULL,NULL,NULL,NULL,NULL,NULL,NULL,NULL,NULL,NULL
45031,2023,SC,Darlington,3,Metro,"Metro - Counties in metro areas of fewer than 250,000 population",27,1,0,35.1975,1,11.7191,7671,16720,11612.54,2673.07,2215.06,0.230188,0.190747,641.77,0.1849,NULL,NULL,NULL,NULL,NULL,NULL,NULL,NULL,NULL,NULL,NULL,NULL,NULL,NULL,NULL
45033,2023,SC,Dillon,6,Nonmetro,"Nonmetro - Urban population of 5,000 to 20,000, adjacent to a metro area",12,1,0,43.2900,2,19.3207,2772,7117,12548.80,3248.42,2182.00,0.258863,0.173881,738.10,0.1902,NULL,NULL,NULL,NULL,NULL,NULL,NULL,NULL,NULL,NULL,NULL,NULL,NULL,NULL,NULL
45035,2023,SC,Dorchester,2,Metro,"Metro - Counties in metro areas of 250,000 to 1 million population",34,0,0,20.2309,1,2.3457,16806,32354,12256.71,2888.95,2361.66,0.235704,0.192683,613.00,0.1667,NULL,NULL,NULL,NULL,NULL,NULL,NULL,NULL,NULL,NULL,NULL,NULL,NULL,NULL,NULL
45037,2023,SC,Edgefield,2,Metro,"Metro - Counties in metro areas of 250,000 to 1 million population",6,0,0,19.6014,0,2.4143,3061,6767,11228.75,2503.95,2338.01,0.222995,0.208216,600.78,0.1289,NULL,NULL,NULL,NULL,NULL,NULL,NULL,NULL,NULL,NULL,NULL,NULL,NULL,NULL,NULL
45039,2023,SC,Fairfield,2,Metro,"Metro - Counties in metro areas of 250,000 to 1 million population",3,0,0,11.5473,0,2.1928,2598,6305,12041.78,2942.79,1538.14,0.244382,0.127734,624.71,0.1690,NULL,NULL,NULL,NULL,NULL,NULL,NULL,NULL,NULL,NULL,NULL,NULL,NULL,NULL,NULL
45041,2023,SC,Florence,3,Metro,"Metro - Counties in metro areas of fewer than 250,000 population",64,2,0,39.7664,8,13.4704,16094,32501,12386.27,3068.86,2314.02,0.247763,0.186821,613.83,0.1989,NULL,NULL,NULL,NULL,NULL,NULL,NULL,NULL,NULL,NULL,NULL,NULL,NULL,NULL,NULL
45043,2023,SC,Georgetown,4,Nonmetro,"Nonmetro - Urban population of 20,000 or more, adjacent to a metro area",36,0,0,29.5227,1,4.2574,12194,22936,11263.87,2453.02,2508.74,0.217778,0.222725,546.09,0.1556,NULL,NULL,NULL,NULL,NULL,NULL,NULL,NULL,NULL,NULL,NULL,NULL,NULL,NULL,NULL
45045,2023,SC,Greenville,2,Metro,"Metro - Counties in metro areas of 250,000 to 1 million population",156,5,0,30.0012,17,5.1616,51998,115178,11274.54,2313.99,2518.89,0.205240,0.223414,534.10,0.1579,NULL,NULL,NULL,NULL,NULL,NULL,NULL,NULL,NULL,NULL,NULL,NULL,NULL,NULL,NULL
45047,2023,SC,Greenwood,4,Nonmetro,"Nonmetro - Urban population of 20,000 or more, adjacent to a metro area",25,0,0,28.9956,2,6.3422,8622,17564,11490.11,2267.22,2572.65,0.197319,0.223901,554.86,0.1597,NULL,NULL,NULL,NULL,NULL,NULL,NULL,NULL,NULL,NULL,NULL,NULL,NULL,NULL,NULL
45049,2023,SC,Hampton,8,Nonmetro,"Nonmetro - Urban population of fewer than 5,000, adjacent to a metro area",5,0,0,24.6427,0,5.9721,2029,4824,12883.41,2704.40,2809.21,0.209913,0.218049,881.22,0.1759,NULL,NULL,NULL,NULL,NULL,NULL,NULL,NULL,NULL,NULL,NULL,NULL,NULL,NULL,NULL
45051,2023,SC,Horry,2,Metro,"Metro - Counties in metro areas of 250,000 to 1 million population",104,4,0,15.6867,9,2.1042,66298,126577,11440.78,2536.94,2063.32,0.221745,0.180348,587.44,0.1739,NULL,NULL,NULL,NULL,NULL,NULL,NULL,NULL,NULL,NULL,NULL,NULL,NULL,NULL,NULL
45053,2023,SC,Jasper,3,Metro,"Metro - Counties in metro areas of fewer than 250,000 population",17,0,0,37.9719,0,-3.2602,4477,9123,10259.19,2048.48,2250.92,0.199673,0.219405,597.95,0.1776,NULL,NULL,NULL,NULL,NULL,NULL,NULL,NULL,NULL,NULL,NULL,NULL,NULL,NULL,NULL
45055,2023,SC,Kershaw,2,Metro,"Metro - Counties in metro areas of 250,000 to 1 million population",12,0,0,13.9147,0,1.8955,8624,17235,12058.82,2807.31,1765.90,0.232801,0.146441,525.97,0.1762,NULL,NULL,NULL,NULL,NULL,NULL,NULL,NULL,NULL,NULL,NULL,NULL,NULL,NULL,NULL
45057,2023,SC,Lancaster,1,Metro,Metro - Counties in metro areas of 1 million population or more,29,0,0,20.9719,4,5.5901,13828,26535,11353.82,2524.94,2152.09,0.222387,0.189548,546.21,0.1538,NULL,NULL,NULL,NULL,NULL,NULL,NULL,NULL,NULL,NULL,NULL,NULL,NULL,NULL,NULL
45059,2023,SC,Laurens,2,Metro,"Metro - Counties in metro areas of 250,000 to 1 million population",21,1,0,27.9181,3,9.0026,7522,17804,11624.79,2684.54,2215.67,0.230932,0.190599,651.02,0.1535,NULL,NULL,NULL,NULL,NULL,NULL,NULL,NULL,NULL,NULL,NULL,NULL,NULL,NULL,NULL
45061,2023,SC,Lee,8,Nonmetro,"Nonmetro - Urban population of fewer than 5,000, adjacent to a metro area",5,0,0,28.7356,0,8.7914,1740,4455,11858.42,2862.58,1967.76,0.241396,0.165938,662.07,0.1929,NULL,NULL,NULL,NULL,NULL,NULL,NULL,NULL,NULL,NULL,NULL,NULL,NULL,NULL,NULL
45063,2023,SC,Lexington,2,Metro,"Metro - Counties in metro areas of 250,000 to 1 million population",99,2,0,28.1130,13,5.2789,35215,65376,11529.05,2670.11,1503.94,0.231598,0.130448,459.32,0.1585,NULL,NULL,NULL,NULL,NULL,NULL,NULL,NULL,NULL,NULL,NULL,NULL,NULL,NULL,NULL
45065,2023,SC,McCormick,8,Nonmetro,"Nonmetro - Urban population of fewer than 5,000, adjacent to a metro area",1,0,0,4.5767,0,0.0147,2185,4543,9636.55,1720.81,2539.36,0.178571,0.263513,418.76,0.1250,NULL,NULL,NULL,NULL,NULL,NULL,NULL,NULL,NULL,NULL,NULL,NULL,NULL,NULL,NULL
45067,2023,SC,Marion,6,Nonmetro,"Nonmetro - Urban population of 5,000 to 20,000, adjacent to a metro area",11,0,0,32.6409,1,13.1515,3370,8355,12379.86,3033.73,2374.06,0.245054,0.191768,680.12,0.1599,NULL,NULL,NULL,NULL,NULL,NULL,NULL,NULL,NULL,NULL,NULL,NULL,NULL,NULL,NULL
45069,2023,SC,Marlboro,6,Nonmetro,"Nonmetro - Urban population of 5,000 to 20,000, adjacent to a metro area",11,1,0,43.8947,2,21.1502,2506,6704,12075.02,2868.33,2492.31,0.237542,0.206402,693.54,0.2260,NULL,NULL,NULL,NULL,NULL,NULL,NULL,NULL,NULL,NULL,NULL,NULL,NULL,NULL,NULL
45071,2023,SC,Newberry,6,Nonmetro,"Nonmetro - Urban population of 5,000 to 20,000, adjacent to a metro area",7,1,0,13.1554,1,3.1287,5321,10323,11187.69,2743.75,1700.73,0.245247,0.152018,576.58,0.1640,NULL,NULL,NULL,NULL,NULL,NULL,NULL,NULL,NULL,NULL,NULL,NULL,NULL,NULL,NULL
45073,2023,SC,Oconee,4,Nonmetro,"Nonmetro - Urban population of 20,000 or more, adjacent to a metro area",29,0,0,23.5180,1,3.5280,12331,24619,10864.28,2296.40,2549.47,0.211372,0.234665,531.42,0.1653,NULL,NULL,NULL,NULL,NULL,NULL,NULL,NULL,NULL,NULL,NULL,NULL,NULL,NULL,NULL
45075,2023,SC,Orangeburg,4,Nonmetro,"Nonmetro - Urban population of 20,000 or more, adjacent to a metro area",39,1,0,47.0901,3,14.7014,8282,22277,11115.18,2541.42,1985.64,0.228644,0.178642,568.22,0.1750,NULL,NULL,NULL,NULL,NULL,NULL,NULL,NULL,NULL,NULL,NULL,NULL,NULL,NULL,NULL
45077,2023,SC,Pickens,2,Metro,"Metro - Counties in metro areas of 250,000 to 1 million population",46,2,0,36.3723,4,7.8784,12647,29743,11970.03,2597.63,2537.73,0.217011,0.212007,582.51,0.1561,NULL,NULL,NULL,NULL,NULL,NULL,NULL,NULL,NULL,NULL,NULL,NULL,NULL,NULL,NULL
45079,2023,SC,Richland,2,Metro,"Metro - Counties in metro areas of 250,000 to 1 million population",129,2,0,33.2757,10,6.4497,38767,76723,11394.34,2500.54,1445.79,0.219455,0.126887,518.82,0.1640,NULL,NULL,NULL,NULL,NULL,NULL,NULL,NULL,NULL,NULL,NULL,NULL,NULL,NULL,NULL
45081,2023,SC,Saluda,2,Metro,"Metro - Counties in metro areas of 250,000 to 1 million population",5,0,0,26.4131,0,9.3599,1893,3869,11190.91,2242.45,1941.69,0.200381,0.173506,502.38,0.1695,NULL,NULL,NULL,NULL,NULL,NULL,NULL,NULL,NULL,NULL,NULL,NULL,NULL,NULL,NULL
45083,2023,SC,Spartanburg,2,Metro,"Metro - Counties in metro areas of 250,000 to 1 million population",104,5,0,34.3972,13,7.9291,30235,73825,11092.97,2217.24,2495.32,0.199878,0.224946,555.28,0.1532,NULL,NULL,NULL,NULL,NULL,NULL,NULL,NULL,NULL,NULL,NULL,NULL,NULL,NULL,NULL
45085,2023,SC,Sumter,3,Metro,"Metro - Counties in metro areas of fewer than 250,000 population",30,0,0,26.3713,2,7.6997,11376,24407,12050.99,2849.85,1879.69,0.236483,0.155978,575.33,0.1755,NULL,NULL,NULL,NULL,NULL,NULL,NULL,NULL,NULL,NULL,NULL,NULL,NULL,NULL,NULL
45087,2023,SC,Union,2,Metro,"Metro - Counties in metro areas of 250,000 to 1 million population",5,0,0,17.5254,0,4.7670,2853,7816,11671.45,2544.18,2206.89,0.217983,0.189084,787.59,0.1585,NULL,NULL,NULL,NULL,NULL,NULL,NULL,NULL,NULL,NULL,NULL,NULL,NULL,NULL,NULL
45089,2023,SC,Williamsburg,6,Nonmetro,"Nonmetro - Urban population of 5,000 to 20,000, adjacent to a metro area",8,0,0,25.1969,0,7.5524,3175,8798,12040.92,3026.20,2181.21,0.251326,0.181150,666.77,0.2282,NULL,NULL,NULL,NULL,NULL,NULL,NULL,NULL,NULL,NULL,NULL,NULL,NULL,NULL,NULL
45091,2023,SC,York,1,Metro,Metro - Counties in metro areas of 1 million population or more,77,4,0,28.4364,13,7.2148,27078,55957,11067.34,2558.93,1691.27,0.231215,0.152816,545.87,0.1581,NULL,NULL,NULL,NULL,NULL,NULL,NULL,NULL,NULL,NULL,NULL,NULL,NULL,NULL,NULL
46000,2023,SD,UNKNOWN,NULL,NULL,NULL,NULL,NULL,NULL,NULL,NULL,NULL,NULL,NULL,NULL,NULL,NULL,NULL,NULL,NULL,NULL,NULL,NULL,NULL,NULL,NULL,NULL,NULL,NULL,NULL,NULL,NULL,NULL,NULL,NULL,NULL
46003,2023,SD,Aurora,9,Nonmetro,"Nonmetro - Urban population of fewer than 5,000, not adjacent to a metro area",1,0,0,25.0627,1,25.0627,399,654,10682.83,2110.26,3573.20,0.197538,0.334481,375.94,NULL,NULL,NULL,NULL,NULL,NULL,NULL,NULL,NULL,NULL,NULL,NULL,NULL,NULL,NULL,NULL
46005,2023,SD,Beadle,7,Nonmetro,"Nonmetro - Urban population of 5,000 to 20,000, not adjacent to a metro area",7,0,0,31.6599,1,8.9240,2211,4099,10493.00,2124.57,4284.21,0.202475,0.408292,598.37,0.1324,NULL,NULL,NULL,NULL,NULL,NULL,NULL,NULL,NULL,NULL,NULL,NULL,NULL,NULL,NULL
46007,2023,SD,Bennett,9,Nonmetro,"Nonmetro - Urban population of fewer than 5,000, not adjacent to a metro area",3,0,0,76.9231,0,8.4299,390,515,13549.97,3149.04,4247.26,0.232402,0.313452,715.38,NULL,NULL,NULL,NULL,NULL,NULL,NULL,NULL,NULL,NULL,NULL,NULL,NULL,NULL,NULL,NULL
46009,2023,SD,Bon Homme,9,Nonmetro,"Nonmetro - Urban population of fewer than 5,000, not adjacent to a metro area",3,0,0,29.4118,0,3.7269,1020,1656,10659.05,1797.99,2917.12,0.168682,0.273675,414.71,0.1296,NULL,NULL,NULL,NULL,NULL,NULL,NULL,NULL,NULL,NULL,NULL,NULL,NULL,NULL,NULL
46011,2023,SD,Brookings,5,Nonmetro,"Nonmetro - Urban population of 20,000 or more, not adjacent to a metro area",8,0,0,23.8521,0,1.5493,3354,5830,9466.67,2101.56,2958.68,0.221996,0.312537,543.83,0.1491,NULL,NULL,NULL,NULL,NULL,NULL,NULL,NULL,NULL,NULL,NULL,NULL,NULL,NULL,NULL
46013,2023,SD,Brown,5,Nonmetro,"Nonmetro - Urban population of 20,000 or more, not adjacent to a metro area",15,0,0,25.3850,4,7.6459,5909,8432,11779.36,2629.81,3833.98,0.223256,0.325483,568.12,0.1689,NULL,NULL,NULL,NULL,NULL,NULL,NULL,NULL,NULL,NULL,NULL,NULL,NULL,NULL,NULL
46015,2023,SD,Brule,9,Nonmetro,"Nonmetro - Urban population of fewer than 5,000, not adjacent to a metro area",1,0,0,12.7226,0,0.8036,786,1257,9937.23,1976.80,4138.64,0.198929,0.416478,541.98,0.1328,NULL,NULL,NULL,NULL,NULL,NULL,NULL,NULL,NULL,NULL,NULL,NULL,NULL,NULL,NULL
46017,2023,SD,Buffalo,9,Nonmetro,"Nonmetro - Urban population of fewer than 5,000, not adjacent to a metro area",NULL,NULL,NULL,NULL,NULL,NULL,165,225,13460.70,3010.82,4708.69,0.223675,0.349810,963.64,NULL,NULL,NULL,NULL,NULL,NULL,NULL,NULL,NULL,NULL,NULL,NULL,NULL,NULL,NULL,NULL
46019,2023,SD,Butte,7,Nonmetro,"Nonmetro - Urban population of 5,000 to 20,000, not adjacent to a metro area",6,1,0,46.6926,2,20.4114,1285,2719,10042.02,2544.98,3291.69,0.253433,0.327792,477.82,0.1354,NULL,NULL,NULL,NULL,NULL,NULL,NULL,NULL,NULL,NULL,NULL,NULL,NULL,NULL,NULL
46021,2023,SD,Campbell,9,Nonmetro,"Nonmetro - Urban population of fewer than 5,000, not adjacent to a metro area",NULL,NULL,NULL,NULL,NULL,NULL,311,452,8555.63,1637.13,3045.70,0.191351,0.355988,437.30,NULL,NULL,NULL,NULL,NULL,NULL,NULL,NULL,NULL,NULL,NULL,NULL,NULL,NULL,NULL,NULL
46023,2023,SD,Charles Mix,9,Nonmetro,"Nonmetro - Urban population of fewer than 5,000, not adjacent to a metro area",3,0,0,22.3881,0,2.3748,1340,1951,11713.87,2275.52,3840.54,0.194259,0.327863,440.30,0.1331,NULL,NULL,NULL,NULL,NULL,NULL,NULL,NULL,NULL,NULL,NULL,NULL,NULL,NULL,NULL
46025,2023,SD,Clark,9,Nonmetro,"Nonmetro - Urban population of fewer than 5,000, not adjacent to a metro area",2,0,0,53.4759,0,13.0719,374,896,7868.02,1786.54,2618.35,0.227063,0.332784,414.44,NULL,NULL,NULL,NULL,NULL,NULL,NULL,NULL,NULL,NULL,NULL,NULL,NULL,NULL,NULL,NULL
46027,2023,SD,Clay,6,Nonmetro,"Nonmetro - Urban population of 5,000 to 20,000, adjacent to a metro area",7,0,0,49.7512,0,3.7591,1407,2302,10463.80,2651.14,2936.95,0.253363,0.280677,515.99,0.1852,NULL,NULL,NULL,NULL,NULL,NULL,NULL,NULL,NULL,NULL,NULL,NULL,NULL,NULL,NULL
46029,2023,SD,Codington,5,Nonmetro,"Nonmetro - Urban population of 20,000 or more, not adjacent to a metro area",11,0,0,39.3138,3,14.0772,2798,6646,10076.95,1831.69,3313.00,0.181770,0.328770,503.93,0.1514,NULL,NULL,NULL,NULL,NULL,NULL,NULL,NULL,NULL,NULL,NULL,NULL,NULL,NULL,NULL
46031,2023,SD,Corson,9,Nonmetro,"Nonmetro - Urban population of fewer than 5,000, not adjacent to a metro area",NULL,NULL,NULL,NULL,NULL,NULL,398,602,10189.36,3113.73,2811.25,0.305586,0.275901,655.78,0.1882,NULL,NULL,NULL,NULL,NULL,NULL,NULL,NULL,NULL,NULL,NULL,NULL,NULL,NULL,NULL
46033,2023,SD,Custer,3,Metro,"Metro - Counties in metro areas of fewer than 250,000 population",1,0,0,4.7916,0,0.0590,2087,3481,10754.14,2712.52,3791.01,0.252230,0.352516,497.36,0.1512,NULL,NULL,NULL,NULL,NULL,NULL,NULL,NULL,NULL,NULL,NULL,NULL,NULL,NULL,NULL
46035,2023,SD,Davison,7,Nonmetro,"Nonmetro - Urban population of 5,000 to 20,000, not adjacent to a metro area",11,0,0,39.9855,0,5.6427,2751,4785,8995.68,2104.54,2435.67,0.233950,0.270760,420.21,0.1320,NULL,NULL,NULL,NULL,NULL,NULL,NULL,NULL,NULL,NULL,NULL,NULL,NULL,NULL,NULL
46037,2023,SD,Day,9,Nonmetro,"Nonmetro - Urban population of fewer than 5,000, not adjacent to a metro area",2,0,0,21.5285,0,2.7138,929,1678,10673.55,2194.56,3486.83,0.205607,0.326680,426.26,0.1439,NULL,NULL,NULL,NULL,NULL,NULL,NULL,NULL,NULL,NULL,NULL,NULL,NULL,NULL,NULL
46039,2023,SD,Deuel,9,Nonmetro,"Nonmetro - Urban population of fewer than 5,000, not adjacent to a metro area",1,0,0,19.6078,0,3.0789,510,1054,10061.10,1159.70,4180.31,0.115266,0.415492,398.04,NULL,NULL,NULL,NULL,NULL,NULL,NULL,NULL,NULL,NULL,NULL,NULL,NULL,NULL,NULL,NULL
46041,2023,SD,Dewey,9,Nonmetro,"Nonmetro - Urban population of fewer than 5,000, not adjacent to a metro area",2,0,0,35.5872,1,20.3665,562,879,15596.85,5223.60,5323.42,0.334914,0.341314,348.75,0.2278,NULL,NULL,NULL,NULL,NULL,NULL,NULL,NULL,NULL,NULL,NULL,NULL,NULL,NULL,NULL
46043,2023,SD,Douglas,9,Nonmetro,"Nonmetro - Urban population of fewer than 5,000, not adjacent to a metro area",2,0,0,35.5872,0,2.0864,562,832,9955.68,1965.02,3550.21,0.197377,0.356601,332.74,0.1146,NULL,NULL,NULL,NULL,NULL,NULL,NULL,NULL,NULL,NULL,NULL,NULL,NULL,NULL,NULL
46045,2023,SD,Edmunds,9,Nonmetro,"Nonmetro - Urban population of fewer than 5,000, not adjacent to a metro area",4,0,0,55.0206,0,2.5272,727,974,10839.53,2149.38,4224.14,0.198291,0.389698,474.55,0.1181,NULL,NULL,NULL,NULL,NULL,NULL,NULL,NULL,NULL,NULL,NULL,NULL,NULL,NULL,NULL
46047,2023,SD,Fall River,9,Nonmetro,"Nonmetro - Urban population of fewer than 5,000, not adjacent to a metro area",4,0,0,23.0681,0,1.7348,1734,2907,9528.66,1870.00,3377.79,0.196250,0.354487,531.72,0.0938,NULL,NULL,NULL,NULL,NULL,NULL,NULL,NULL,NULL,NULL,NULL,NULL,NULL,NULL,NULL
46049,2023,SD,Faulk,9,Nonmetro,"Nonmetro - Urban population of fewer than 5,000, not adjacent to a metro area",2,0,0,47.1698,0,6.2700,424,594,16336.65,3012.26,5096.33,0.184387,0.311957,497.64,0.1466,NULL,NULL,NULL,NULL,NULL,NULL,NULL,NULL,NULL,NULL,NULL,NULL,NULL,NULL,NULL
46051,2023,SD,Grant,9,Nonmetro,"Nonmetro - Urban population of fewer than 5,000, not adjacent to a metro area",3,0,0,30.9598,0,0.2536,969,2188,11247.25,2261.65,4012.99,0.201085,0.356797,452.01,0.1453,NULL,NULL,NULL,NULL,NULL,NULL,NULL,NULL,NULL,NULL,NULL,NULL,NULL,NULL,NULL
46053,2023,SD,Gregory,9,Nonmetro,"Nonmetro - Urban population of fewer than 5,000, not adjacent to a metro area",5,1,0,57.1429,2,24.5696,875,1236,11711.28,2408.46,3951.15,0.205653,0.337380,429.71,0.1106,NULL,NULL,NULL,NULL,NULL,NULL,NULL,NULL,NULL,NULL,NULL,NULL,NULL,NULL,NULL
46055,2023,SD,Haakon,9,Nonmetro,"Nonmetro - Urban population of fewer than 5,000, not adjacent to a metro area",1,0,0,21.6920,0,-0.4809,461,600,12798.19,3651.59,3480.01,0.285321,0.271914,409.98,0.1489,NULL,NULL,NULL,NULL,NULL,NULL,NULL,NULL,NULL,NULL,NULL,NULL,NULL,NULL,NULL
46057,2023,SD,Hamlin,9,Nonmetro,"Nonmetro - Urban population of fewer than 5,000, not adjacent to a metro area",NULL,NULL,NULL,NULL,NULL,NULL,576,1238,11495.35,2358.30,4583.67,0.205153,0.398741,423.61,NULL,NULL,NULL,NULL,NULL,NULL,NULL,NULL,NULL,NULL,NULL,NULL,NULL,NULL,NULL,NULL
46059,2023,SD,Hand,9,Nonmetro,"Nonmetro - Urban population of fewer than 5,000, not adjacent to a metro area",1,0,0,13.5870,0,0.2891,736,918,10279.76,2338.58,3827.92,0.227494,0.372374,425.27,0.1076,NULL,NULL,NULL,NULL,NULL,NULL,NULL,NULL,NULL,NULL,NULL,NULL,NULL,NULL,NULL
46061,2023,SD,Hanson,8,Nonmetro,"Nonmetro - Urban population of fewer than 5,000, adjacent to a metro area",NULL,NULL,NULL,NULL,NULL,NULL,683,1184,6655.56,1513.49,1853.68,0.227402,0.278516,366.03,0.2093,NULL,NULL,NULL,NULL,NULL,NULL,NULL,NULL,NULL,NULL,NULL,NULL,NULL,NULL,NULL
46063,2023,SD,Harding,9,Nonmetro,"Nonmetro - Urban population of fewer than 5,000, not adjacent to a metro area",NULL,NULL,NULL,NULL,NULL,NULL,221,303,7124.46,1373.34,2487.18,0.192764,0.349104,244.34,0.0000,NULL,NULL,NULL,NULL,NULL,NULL,NULL,NULL,NULL,NULL,NULL,NULL,NULL,NULL,NULL
46065,2023,SD,Hughes,7,Nonmetro,"Nonmetro - Urban population of 5,000 to 20,000, not adjacent to a metro area",8,1,0,28.4091,1,4.4447,2816,3817,10236.59,2267.90,3929.38,0.221548,0.383856,469.11,0.1388,NULL,NULL,NULL,NULL,NULL,NULL,NULL,NULL,NULL,NULL,NULL,NULL,NULL,NULL,NULL
46067,2023,SD,Hutchinson,8,Nonmetro,"Nonmetro - Urban population of fewer than 5,000, adjacent to a metro area",5,0,0,46.4253,0,8.5752,1077,1965,11361.35,2603.39,3597.41,0.229144,0.316636,432.68,0.1085,NULL,NULL,NULL,NULL,NULL,NULL,NULL,NULL,NULL,NULL,NULL,NULL,NULL,NULL,NULL
46069,2023,SD,Hyde,9,Nonmetro,"Nonmetro - Urban population of fewer than 5,000, not adjacent to a metro area",2,0,0,82.9876,0,19.4955,241,375,10964.42,2318.14,4190.18,0.211424,0.382162,431.54,NULL,NULL,NULL,NULL,NULL,NULL,NULL,NULL,NULL,NULL,NULL,NULL,NULL,NULL,NULL,NULL
46071,2023,SD,Jackson,9,Nonmetro,"Nonmetro - Urban population of fewer than 5,000, not adjacent to a metro area",NULL,NULL,NULL,NULL,NULL,NULL,313,494,13819.27,2898.09,4679.53,0.209714,0.338624,492.01,0.1707,NULL,NULL,NULL,NULL,NULL,NULL,NULL,NULL,NULL,NULL,NULL,NULL,NULL,NULL,NULL
46073,2023,SD,Jerauld,9,Nonmetro,"Nonmetro - Urban population of fewer than 5,000, not adjacent to a metro area",2,0,0,45.5581,0,2.7315,439,597,11697.11,2116.17,3615.82,0.180914,0.309121,496.58,0.1398,NULL,NULL,NULL,NULL,NULL,NULL,NULL,NULL,NULL,NULL,NULL,NULL,NULL,NULL,NULL
46075,2023,SD,Jones,9,Nonmetro,"Nonmetro - Urban population of fewer than 5,000, not adjacent to a metro area",NULL,NULL,NULL,NULL,NULL,NULL,192,251,8127.30,1703.13,2213.66,0.209557,0.272373,369.79,NULL,NULL,NULL,NULL,NULL,NULL,NULL,NULL,NULL,NULL,NULL,NULL,NULL,NULL,NULL,NULL
46077,2023,SD,Kingsbury,9,Nonmetro,"Nonmetro - Urban population of fewer than 5,000, not adjacent to a metro area",5,0,0,52.1376,0,4.6993,959,1489,10221.76,2336.42,3750.14,0.228573,0.366878,457.77,0.1712,NULL,NULL,NULL,NULL,NULL,NULL,NULL,NULL,NULL,NULL,NULL,NULL,NULL,NULL,NULL
46079,2023,SD,Lake,6,Nonmetro,"Nonmetro - Urban population of 5,000 to 20,000, adjacent to a metro area",3,0,0,17.9641,0,1.2324,1670,2801,11595.12,2370.02,4945.87,0.204398,0.426548,450.90,0.1279,NULL,NULL,NULL,NULL,NULL,NULL,NULL,NULL,NULL,NULL,NULL,NULL,NULL,NULL,NULL
46081,2023,SD,Lawrence,6,Nonmetro,"Nonmetro - Urban population of 5,000 to 20,000, adjacent to a metro area",9,1,0,20.8671,1,2.2581,4313,8008,9483.90,1971.80,3647.68,0.207910,0.384618,453.51,0.1548,NULL,NULL,NULL,NULL,NULL,NULL,NULL,NULL,NULL,NULL,NULL,NULL,NULL,NULL,NULL
46083,2023,SD,Lincoln,2,Metro,"Metro - Counties in metro areas of 250,000 to 1 million population",20,0,0,33.8181,1,0.8033,5914,11567,11519.59,2363.31,4725.32,0.205156,0.410199,462.12,0.1811,NULL,NULL,NULL,NULL,NULL,NULL,NULL,NULL,NULL,NULL,NULL,NULL,NULL,NULL,NULL
46085,2023,SD,Lyman,9,Nonmetro,"Nonmetro - Urban population of fewer than 5,000, not adjacent to a metro area",1,0,0,20.5761,0,1.2711,486,734,7920.90,1907.06,2486.90,0.240763,0.313967,510.29,NULL,NULL,NULL,NULL,NULL,NULL,NULL,NULL,NULL,NULL,NULL,NULL,NULL,NULL,NULL,NULL
46087,2023,SD,McCook,2,Metro,"Metro - Counties in metro areas of 250,000 to 1 million population",1,0,0,13.3869,0,1.8128,747,1395,11405.70,2738.21,3911.04,0.240074,0.342902,397.59,0.1579,NULL,NULL,NULL,NULL,NULL,NULL,NULL,NULL,NULL,NULL,NULL,NULL,NULL,NULL,NULL
46089,2023,SD,McPherson,9,Nonmetro,"Nonmetro - Urban population of fewer than 5,000, not adjacent to a metro area",1,0,0,18.6220,0,2.7741,537,735,10272.66,2375.11,3688.95,0.231207,0.359104,430.17,0.1376,NULL,NULL,NULL,NULL,NULL,NULL,NULL,NULL,NULL,NULL,NULL,NULL,NULL,NULL,NULL
46091,2023,SD,Marshall,9,Nonmetro,"Nonmetro - Urban population of fewer than 5,000, not adjacent to a metro area",1,0,0,14.1044,0,2.5437,709,1190,11039.60,2237.92,4236.41,0.202717,0.383747,469.68,0.0866,NULL,NULL,NULL,NULL,NULL,NULL,NULL,NULL,NULL,NULL,NULL,NULL,NULL,NULL,NULL
46093,2023,SD,Meade,3,Metro,"Metro - Counties in metro areas of fewer than 250,000 population",5,0,0,14.7973,0,1.1436,3379,6260,10005.29,2140.65,3611.15,0.213952,0.360924,394.50,0.1016,NULL,NULL,NULL,NULL,NULL,NULL,NULL,NULL,NULL,NULL,NULL,NULL,NULL,NULL,NULL
46095,2023,SD,Mellette,9,Nonmetro,"Nonmetro - Urban population of fewer than 5,000, not adjacent to a metro area",1,0,0,35.9712,0,2.1874,278,371,11743.41,3291.99,2645.29,0.280327,0.225257,399.28,0.1940,NULL,NULL,NULL,NULL,NULL,NULL,NULL,NULL,NULL,NULL,NULL,NULL,NULL,NULL,NULL
46097,2023,SD,Miner,8,Nonmetro,"Nonmetro - Urban population of fewer than 5,000, adjacent to a metro area",2,0,0,48.5437,1,27.2671,412,643,10603.21,2467.08,3099.45,0.232673,0.292312,422.33,0.1733,NULL,NULL,NULL,NULL,NULL,NULL,NULL,NULL,NULL,NULL,NULL,NULL,NULL,NULL,NULL
46099,2023,SD,Minnehaha,2,Metro,"Metro - Counties in metro areas of 250,000 to 1 million population",63,3,0,30.9248,10,8.6690,20372,40321,10666.37,2533.21,3659.69,0.237495,0.343105,485.86,0.1767,NULL,NULL,NULL,NULL,NULL,NULL,NULL,NULL,NULL,NULL,NULL,NULL,NULL,NULL,NULL
46101,2023,SD,Moody,8,Nonmetro,"Nonmetro - Urban population of fewer than 5,000, adjacent to a metro area",3,0,0,35.4191,0,3.8069,847,1443,10770.52,2076.41,4047.50,0.192786,0.375794,512.40,0.1975,NULL,NULL,NULL,NULL,NULL,NULL,NULL,NULL,NULL,NULL,NULL,NULL,NULL,NULL,NULL
46102,2023,SD,Oglala Lakota,9,Nonmetro,"Nonmetro - Urban population of fewer than 5,000, not adjacent to a metro area",NULL,NULL,NULL,NULL,NULL,NULL,980,1431,21798.68,7720.60,4763.29,0.354177,0.218513,576.53,0.2269,NULL,NULL,NULL,NULL,NULL,NULL,NULL,NULL,NULL,NULL,NULL,NULL,NULL,NULL,NULL
46103,2023,SD,Pennington,3,Metro,"Metro - Counties in metro areas of fewer than 250,000 population",37,1,0,21.6159,1,2.4751,17117,30490,10041.28,2407.50,2901.79,0.239760,0.288986,435.36,0.1447,NULL,NULL,NULL,NULL,NULL,NULL,NULL,NULL,NULL,NULL,NULL,NULL,NULL,NULL,NULL
46105,2023,SD,Perkins,9,Nonmetro,"Nonmetro - Urban population of fewer than 5,000, not adjacent to a metro area",1,0,0,16.7504,0,1.4365,597,862,8781.60,1618.47,3146.38,0.184302,0.358292,350.08,0.1728,NULL,NULL,NULL,NULL,NULL,NULL,NULL,NULL,NULL,NULL,NULL,NULL,NULL,NULL,NULL
46107,2023,SD,Potter,9,Nonmetro,"Nonmetro - Urban population of fewer than 5,000, not adjacent to a metro area",3,0,0,54.4465,1,20.7765,551,690,14732.43,2356.42,5828.47,0.159948,0.395622,415.61,NULL,NULL,NULL,NULL,NULL,NULL,NULL,NULL,NULL,NULL,NULL,NULL,NULL,NULL,NULL,NULL
46109,2023,SD,Roberts,9,Nonmetro,"Nonmetro - Urban population of fewer than 5,000, not adjacent to a metro area",3,0,0,26.5957,0,5.1671,1128,2259,10508.90,2092.45,3635.29,0.199112,0.345925,564.72,0.1033,NULL,NULL,NULL,NULL,NULL,NULL,NULL,NULL,NULL,NULL,NULL,NULL,NULL,NULL,NULL
46111,2023,SD,Sanborn,9,Nonmetro,"Nonmetro - Urban population of fewer than 5,000, not adjacent to a metro area",NULL,NULL,NULL,NULL,NULL,NULL,361,580,8401.88,2526.76,2619.12,0.300737,0.311730,318.56,0.0000,NULL,NULL,NULL,NULL,NULL,NULL,NULL,NULL,NULL,NULL,NULL,NULL,NULL,NULL,NULL
46115,2023,SD,Spink,9,Nonmetro,"Nonmetro - Urban population of fewer than 5,000, not adjacent to a metro area",1,0,0,9.4877,0,1.7657,1054,1668,12318.30,2853.83,4215.11,0.231674,0.342183,585.39,0.1828,NULL,NULL,NULL,NULL,NULL,NULL,NULL,NULL,NULL,NULL,NULL,NULL,NULL,NULL,NULL
46117,2023,SD,Stanley,9,Nonmetro,"Nonmetro - Urban population of fewer than 5,000, not adjacent to a metro area",2,0,0,35.0263,0,-1.5368,571,775,10068.51,2564.97,4229.30,0.254752,0.420052,413.31,NULL,NULL,NULL,NULL,NULL,NULL,NULL,NULL,NULL,NULL,NULL,NULL,NULL,NULL,NULL,NULL
46119,2023,SD,Sully,9,Nonmetro,"Nonmetro - Urban population of fewer than 5,000, not adjacent to a metro area",NULL,NULL,NULL,NULL,NULL,NULL,269,355,10100.67,2172.68,3808.56,0.215103,0.377060,360.59,NULL,NULL,NULL,NULL,NULL,NULL,NULL,NULL,NULL,NULL,NULL,NULL,NULL,NULL,NULL,NULL
46121,2023,SD,Todd,9,Nonmetro,"Nonmetro - Urban population of fewer than 5,000, not adjacent to a metro area",1,0,0,13.6986,0,0.7954,730,1022,17220.95,6021.18,3970.27,0.349643,0.230549,441.10,0.2639,NULL,NULL,NULL,NULL,NULL,NULL,NULL,NULL,NULL,NULL,NULL,NULL,NULL,NULL,NULL
46123,2023,SD,Tripp,9,Nonmetro,"Nonmetro - Urban population of fewer than 5,000, not adjacent to a metro area",3,0,0,26.5722,0,1.3833,1129,1442,12468.14,2753.89,4167.37,0.220874,0.334242,541.19,0.1388,NULL,NULL,NULL,NULL,NULL,NULL,NULL,NULL,NULL,NULL,NULL,NULL,NULL,NULL,NULL
46125,2023,SD,Turner,2,Metro,"Metro - Counties in metro areas of 250,000 to 1 million population",6,0,0,61.1621,1,21.8230,981,2128,11048.77,1985.17,4320.88,0.179673,0.391073,406.73,0.1402,NULL,NULL,NULL,NULL,NULL,NULL,NULL,NULL,NULL,NULL,NULL,NULL,NULL,NULL,NULL
46127,2023,SD,Union,3,Metro,"Metro - Counties in metro areas of fewer than 250,000 population",5,0,0,22.6449,0,1.7594,2208,3771,11193.96,2427.81,2807.06,0.216886,0.250766,425.27,0.1902,NULL,NULL,NULL,NULL,NULL,NULL,NULL,NULL,NULL,NULL,NULL,NULL,NULL,NULL,NULL
46129,2023,SD,Walworth,9,Nonmetro,"Nonmetro - Urban population of fewer than 5,000, not adjacent to a metro area",3,0,0,26.3158,0,3.0600,1140,1561,10267.92,2378.46,3631.66,0.231640,0.353690,455.26,0.1473,NULL,NULL,NULL,NULL,NULL,NULL,NULL,NULL,NULL,NULL,NULL,NULL,NULL,NULL,NULL
46135,2023,SD,Yankton,7,Nonmetro,"Nonmetro - Urban population of 5,000 to 20,000, not adjacent to a metro area",9,2,0,26.4784,2,7.0340,3399,5842,10021.97,2412.63,2308.76,0.240734,0.230370,407.18,0.1369,NULL,NULL,NULL,NULL,NULL,NULL,NULL,NULL,NULL,NULL,NULL,NULL,NULL,NULL,NULL
46137,2023,SD,Ziebach,9,Nonmetro,"Nonmetro - Urban population of fewer than 5,000, not adjacent to a metro area",NULL,NULL,NULL,NULL,NULL,NULL,124,185,12679.20,2880.45,4779.63,0.227179,0.376966,258.06,NULL,NULL,NULL,NULL,NULL,NULL,NULL,NULL,NULL,NULL,NULL,NULL,NULL,NULL,NULL,NULL
47000,2023,TN,UNKNOWN,NULL,NULL,NULL,NULL,NULL,NULL,NULL,NULL,NULL,NULL,NULL,NULL,NULL,NULL,NULL,NULL,NULL,NULL,NULL,NULL,NULL,NULL,NULL,NULL,NULL,NULL,NULL,NULL,NULL,NULL,NULL,NULL,NULL
47001,2023,TN,Anderson,2,Metro,"Metro - Counties in metro areas of 250,000 to 1 million population",38,2,0,47.5297,4,11.2476,7995,20277,11039.12,2438.11,1819.03,0.220861,0.164780,492.81,0.1683,NULL,NULL,NULL,NULL,NULL,NULL,NULL,NULL,NULL,NULL,NULL,NULL,NULL,NULL,NULL
47003,2023,TN,Bedford,4,Nonmetro,"Nonmetro - Urban population of 20,000 or more, adjacent to a metro area",13,0,0,30.3172,2,8.9081,4288,10309,11375.73,2669.64,1636.56,0.234679,0.143864,612.64,0.1524,NULL,NULL,NULL,NULL,NULL,NULL,NULL,NULL,NULL,NULL,NULL,NULL,NULL,NULL,NULL
47005,2023,TN,Benton,9,Nonmetro,"Nonmetro - Urban population of fewer than 5,000, not adjacent to a metro area",5,0,0,20.4499,0,4.5466,2445,5056,12046.66,2921.60,2181.44,0.242524,0.181083,664.62,0.1231,NULL,NULL,NULL,NULL,NULL,NULL,NULL,NULL,NULL,NULL,NULL,NULL,NULL,NULL,NULL
47007,2023,TN,Bledsoe,8,Nonmetro,"Nonmetro - Urban population of fewer than 5,000, adjacent to a metro area",2,0,0,13.6519,0,2.6629,1465,3739,12540.43,3037.49,1757.94,0.242216,0.140182,432.76,0.1617,NULL,NULL,NULL,NULL,NULL,NULL,NULL,NULL,NULL,NULL,NULL,NULL,NULL,NULL,NULL
47009,2023,TN,Blount,2,Metro,"Metro - Counties in metro areas of 250,000 to 1 million population",29,3,0,21.1540,6,7.2002,13709,35601,11039.47,2373.96,2680.30,0.215043,0.242792,465.61,0.1652,NULL,NULL,NULL,NULL,NULL,NULL,NULL,NULL,NULL,NULL,NULL,NULL,NULL,NULL,NULL
47011,2023,TN,Bradley,3,Metro,"Metro - Counties in metro areas of fewer than 250,000 population",55,5,0,57.1666,7,15.4818,9621,25244,11787.25,2851.78,1543.31,0.241938,0.130930,516.16,0.1523,NULL,NULL,NULL,NULL,NULL,NULL,NULL,NULL,NULL,NULL,NULL,NULL,NULL,NULL,NULL
47013,2023,TN,Campbell,2,Metro,"Metro - Counties in metro areas of 250,000 to 1 million population",21,3,0,67.1355,3,24.5924,3128,10905,11535.68,2697.62,1724.58,0.233850,0.149500,581.84,0.1870,NULL,NULL,NULL,NULL,NULL,NULL,NULL,NULL,NULL,NULL,NULL,NULL,NULL,NULL,NULL
47015,2023,TN,Cannon,1,Metro,Metro - Counties in metro areas of 1 million population or more,4,0,0,25.5918,0,3.9935,1563,3647,13517.96,3114.08,1684.17,0.230366,0.124588,579.01,0.1798,NULL,NULL,NULL,NULL,NULL,NULL,NULL,NULL,NULL,NULL,NULL,NULL,NULL,NULL,NULL
47017,2023,TN,Carroll,6,Nonmetro,"Nonmetro - Urban population of 5,000 to 20,000, adjacent to a metro area",8,1,0,19.3190,1,5.5041,4141,7869,11815.61,2711.49,2224.33,0.229484,0.188254,656.85,0.1681,NULL,NULL,NULL,NULL,NULL,NULL,NULL,NULL,NULL,NULL,NULL,NULL,NULL,NULL,NULL
47019,2023,TN,Carter,3,Metro,"Metro - Counties in metro areas of fewer than 250,000 population",13,0,0,29.7824,0,7.3918,4365,16102,12706.21,3150.18,1796.12,0.247924,0.141358,583.51,0.1974,NULL,NULL,NULL,NULL,NULL,NULL,NULL,NULL,NULL,NULL,NULL,NULL,NULL,NULL,NULL
47021,2023,TN,Cheatham,1,Metro,Metro - Counties in metro areas of 1 million population or more,8,0,0,25.6657,1,6.0743,3117,9162,12024.52,2973.13,2072.09,0.247256,0.172322,471.29,0.1536,NULL,NULL,NULL,NULL,NULL,NULL,NULL,NULL,NULL,NULL,NULL,NULL,NULL,NULL,NULL
47023,2023,TN,Chester,3,Metro,"Metro - Counties in metro areas of fewer than 250,000 population",7,1,0,35.3179,1,11.2118,1982,3998,10653.28,2627.53,1972.84,0.246640,0.185186,480.83,0.2125,NULL,NULL,NULL,NULL,NULL,NULL,NULL,NULL,NULL,NULL,NULL,NULL,NULL,NULL,NULL
47025,2023,TN,Claiborne,6,Nonmetro,"Nonmetro - Urban population of 5,000 to 20,000, adjacent to a metro area",17,0,0,65.3093,0,17.2324,2603,9226,11645.90,2491.46,1808.86,0.213935,0.155322,566.65,0.1747,NULL,NULL,NULL,NULL,NULL,NULL,NULL,NULL,NULL,NULL,NULL,NULL,NULL,NULL,NULL
47027,2023,TN,Clay,8,Nonmetro,"Nonmetro - Urban population of fewer than 5,000, adjacent to a metro area",6,0,0,49.7512,1,17.1779,1206,2305,11774.41,2939.59,2071.66,0.249659,0.175946,506.63,0.2207,NULL,NULL,NULL,NULL,NULL,NULL,NULL,NULL,NULL,NULL,NULL,NULL,NULL,NULL,NULL
47029,2023,TN,Cocke,6,Nonmetro,"Nonmetro - Urban population of 5,000 to 20,000, adjacent to a metro area",13,1,0,37.2706,3,14.3506,3488,11390,10796.44,2524.45,1831.56,0.233822,0.169645,571.96,0.1783,NULL,NULL,NULL,NULL,NULL,NULL,NULL,NULL,NULL,NULL,NULL,NULL,NULL,NULL,NULL
47031,2023,TN,Coffee,4,Nonmetro,"Nonmetro - Urban population of 20,000 or more, adjacent to a metro area",20,1,0,30.9215,2,7.8800,6468,14069,12841.64,2965.71,1721.62,0.230945,0.134065,602.35,0.1505,NULL,NULL,NULL,NULL,NULL,NULL,NULL,NULL,NULL,NULL,NULL,NULL,NULL,NULL,NULL
47033,2023,TN,Crockett,3,Metro,"Metro - Counties in metro areas of fewer than 250,000 population",8,0,0,44.1014,0,9.8108,1814,3415,11210.90,2765.84,1861.24,0.246710,0.166021,487.32,0.1519,NULL,NULL,NULL,NULL,NULL,NULL,NULL,NULL,NULL,NULL,NULL,NULL,NULL,NULL,NULL
47035,2023,TN,Cumberland,4,Nonmetro,"Nonmetro - Urban population of 20,000 or more, adjacent to a metro area",17,0,0,14.5985,1,3.3649,11645,25049,10420.32,2491.77,1786.31,0.239126,0.171426,474.02,0.1717,NULL,NULL,NULL,NULL,NULL,NULL,NULL,NULL,NULL,NULL,NULL,NULL,NULL,NULL,NULL
47037,2023,TN,Davidson,1,Metro,Metro - Counties in metro areas of 1 million population or more,252,2,0,72.3972,24,21.3345,34808,106229,12475.94,3032.78,1851.01,0.243090,0.148366,558.58,0.1787,NULL,NULL,NULL,NULL,NULL,NULL,NULL,NULL,NULL,NULL,NULL,NULL,NULL,NULL,NULL
47039,2023,TN,Decatur,9,Nonmetro,"Nonmetro - Urban population of fewer than 5,000, not adjacent to a metro area",4,0,0,23.1616,0,4.7114,1727,3632,13736.05,3268.23,2093.99,0.237931,0.152445,632.89,0.1676,NULL,NULL,NULL,NULL,NULL,NULL,NULL,NULL,NULL,NULL,NULL,NULL,NULL,NULL,NULL
47041,2023,TN,DeKalb,8,Nonmetro,"Nonmetro - Urban population of fewer than 5,000, adjacent to a metro area",11,0,0,58.6667,0,8.8479,1875,5162,12021.12,3006.52,1776.39,0.250103,0.147772,548.27,0.1715,NULL,NULL,NULL,NULL,NULL,NULL,NULL,NULL,NULL,NULL,NULL,NULL,NULL,NULL,NULL
47043,2023,TN,Dickson,1,Metro,Metro - Counties in metro areas of 1 million population or more,20,0,0,41.1777,2,8.8733,4857,12392,12370.60,2896.50,1867.27,0.234144,0.150944,635.99,0.1494,NULL,NULL,NULL,NULL,NULL,NULL,NULL,NULL,NULL,NULL,NULL,NULL,NULL,NULL,NULL
47045,2023,TN,Dyer,6,Nonmetro,"Nonmetro - Urban population of 5,000 to 20,000, adjacent to a metro area",20,0,0,47.5059,1,14.4739,4210,8641,12479.83,2867.53,2114.53,0.229773,0.169436,643.47,0.1891,NULL,NULL,NULL,NULL,NULL,NULL,NULL,NULL,NULL,NULL,NULL,NULL,NULL,NULL,NULL
47047,2023,TN,Fayette,1,Metro,Metro - Counties in metro areas of 1 million population or more,12,0,0,19.1571,0,0.5265,6264,11852,11341.40,2731.09,1502.36,0.240807,0.132467,464.24,0.1711,NULL,NULL,NULL,NULL,NULL,NULL,NULL,NULL,NULL,NULL,NULL,NULL,NULL,NULL,NULL
47049,2023,TN,Fentress,8,Nonmetro,"Nonmetro - Urban population of fewer than 5,000, adjacent to a metro area",10,0,0,31.5856,1,7.9759,3166,6161,12221.71,2754.72,1690.57,0.225396,0.138325,586.23,0.1766,NULL,NULL,NULL,NULL,NULL,NULL,NULL,NULL,NULL,NULL,NULL,NULL,NULL,NULL,NULL
47051,2023,TN,Franklin,7,Nonmetro,"Nonmetro - Urban population of 5,000 to 20,000, not adjacent to a metro area",11,0,0,20.4271,1,5.0069,5385,11354,11891.26,2721.99,1865.23,0.228907,0.156857,613.18,0.1729,NULL,NULL,NULL,NULL,NULL,NULL,NULL,NULL,NULL,NULL,NULL,NULL,NULL,NULL,NULL
47053,2023,TN,Gibson,3,Metro,"Metro - Counties in metro areas of fewer than 250,000 population",26,3,0,40.5048,5,13.9595,6419,12511,12258.92,2829.31,2132.28,0.230796,0.173937,610.69,0.1649,NULL,NULL,NULL,NULL,NULL,NULL,NULL,NULL,NULL,NULL,NULL,NULL,NULL,NULL,NULL
47055,2023,TN,Giles,6,Nonmetro,"Nonmetro - Urban population of 5,000 to 20,000, adjacent to a metro area",7,1,0,17.3310,1,5.1135,4039,7931,12544.69,3125.18,2156.03,0.249124,0.171868,597.18,0.1730,NULL,NULL,NULL,NULL,NULL,NULL,NULL,NULL,NULL,NULL,NULL,NULL,NULL,NULL,NULL
47057,2023,TN,Grainger,2,Metro,"Metro - Counties in metro areas of 250,000 to 1 million population",7,0,0,33.4129,1,9.5655,2095,6897,10047.87,2067.40,1870.75,0.205755,0.186184,503.10,0.1697,NULL,NULL,NULL,NULL,NULL,NULL,NULL,NULL,NULL,NULL,NULL,NULL,NULL,NULL,NULL
47059,2023,TN,Greene,4,Nonmetro,"Nonmetro - Urban population of 20,000 or more, adjacent to a metro area",29,0,0,38.5844,4,10.9570,7516,21183,11008.60,2581.54,1664.45,0.234502,0.151195,564.26,0.1885,NULL,NULL,NULL,NULL,NULL,NULL,NULL,NULL,NULL,NULL,NULL,NULL,NULL,NULL,NULL
47061,2023,TN,Grundy,8,Nonmetro,"Nonmetro - Urban population of fewer than 5,000, adjacent to a metro area",4,0,0,27.0453,0,6.7921,1479,4163,11907.22,3192.99,1493.87,0.268156,0.125459,707.91,0.1718,NULL,NULL,NULL,NULL,NULL,NULL,NULL,NULL,NULL,NULL,NULL,NULL,NULL,NULL,NULL
47063,2023,TN,Hamblen,3,Metro,"Metro - Counties in metro areas of fewer than 250,000 population",36,2,0,64.1368,4,19.2308,5613,15859,11365.38,2611.92,1645.06,0.229814,0.144743,590.42,0.2161,NULL,NULL,NULL,NULL,NULL,NULL,NULL,NULL,NULL,NULL,NULL,NULL,NULL,NULL,NULL
47065,2023,TN,Hamilton,2,Metro,"Metro - Counties in metro areas of 250,000 to 1 million population",134,4,0,41.6926,21,11.7636,32140,82502,12362.64,2604.90,1861.52,0.210707,0.150576,555.07,0.1593,NULL,NULL,NULL,NULL,NULL,NULL,NULL,NULL,NULL,NULL,NULL,NULL,NULL,NULL,NULL
47067,2023,TN,Hancock,8,Nonmetro,"Nonmetro - Urban population of fewer than 5,000, adjacent to a metro area",3,0,0,49.5868,0,12.5954,605,1981,11212.99,1893.10,2023.11,0.168831,0.180426,661.16,0.1348,NULL,NULL,NULL,NULL,NULL,NULL,NULL,NULL,NULL,NULL,NULL,NULL,NULL,NULL,NULL
47069,2023,TN,Hardeman,6,Nonmetro,"Nonmetro - Urban population of 5,000 to 20,000, adjacent to a metro area",12,0,0,44.5600,0,11.7193,2693,6285,11629.70,2941.86,1905.59,0.252961,0.163855,649.09,0.2022,NULL,NULL,NULL,NULL,NULL,NULL,NULL,NULL,NULL,NULL,NULL,NULL,NULL,NULL,NULL
47071,2023,TN,Hardin,6,Nonmetro,"Nonmetro - Urban population of 5,000 to 20,000, adjacent to a metro area",15,0,0,33.9828,0,5.3841,4414,7977,11494.32,2546.46,2362.45,0.221541,0.205532,582.01,0.1429,NULL,NULL,NULL,NULL,NULL,NULL,NULL,NULL,NULL,NULL,NULL,NULL,NULL,NULL,NULL
47073,2023,TN,Hawkins,2,Metro,"Metro - Counties in metro areas of 250,000 to 1 million population",17,0,0,39.7196,2,12.3523,4280,17317,10438.91,2279.15,1890.24,0.218332,0.181076,542.76,0.1885,NULL,NULL,NULL,NULL,NULL,NULL,NULL,NULL,NULL,NULL,NULL,NULL,NULL,NULL,NULL
47075,2023,TN,Haywood,6,Nonmetro,"Nonmetro - Urban population of 5,000 to 20,000, adjacent to a metro area",10,0,0,56.6251,1,18.8893,1766,4523,12805.20,2979.06,2122.26,0.232645,0.165734,602.49,0.2015,NULL,NULL,NULL,NULL,NULL,NULL,NULL,NULL,NULL,NULL,NULL,NULL,NULL,NULL,NULL
47077,2023,TN,Henderson,6,Nonmetro,"Nonmetro - Urban population of 5,000 to 20,000, adjacent to a metro area",14,0,0,47.2973,3,20.0763,2960,7184,15822.13,2920.53,2477.28,0.184585,0.156571,685.47,0.1740,NULL,NULL,NULL,NULL,NULL,NULL,NULL,NULL,NULL,NULL,NULL,NULL,NULL,NULL,NULL
47079,2023,TN,Henry,7,Nonmetro,"Nonmetro - Urban population of 5,000 to 20,000, not adjacent to a metro area",17,1,0,32.9330,1,8.1076,5162,9758,10923.14,2455.77,2118.79,0.224823,0.193973,533.71,0.1367,NULL,NULL,NULL,NULL,NULL,NULL,NULL,NULL,NULL,NULL,NULL,NULL,NULL,NULL,NULL
47081,2023,TN,Hickman,1,Metro,Metro - Counties in metro areas of 1 million population or more,7,0,0,32.1101,0,6.8667,2180,5788,12410.74,2914.67,1970.67,0.234851,0.158787,733.03,0.1155,NULL,NULL,NULL,NULL,NULL,NULL,NULL,NULL,NULL,NULL,NULL,NULL,NULL,NULL,NULL
47083,2023,TN,Houston,8,Nonmetro,"Nonmetro - Urban population of fewer than 5,000, adjacent to a metro area",3,0,0,25.9067,0,4.7651,1158,2320,16147.79,3290.04,1818.28,0.203746,0.112602,740.07,0.1815,NULL,NULL,NULL,NULL,NULL,NULL,NULL,NULL,NULL,NULL,NULL,NULL,NULL,NULL,NULL
47085,2023,TN,Humphreys,8,Nonmetro,"Nonmetro - Urban population of fewer than 5,000, adjacent to a metro area",8,0,0,31.4713,0,5.1122,2542,4925,13928.30,3231.17,2200.61,0.231986,0.157996,688.43,0.1733,NULL,NULL,NULL,NULL,NULL,NULL,NULL,NULL,NULL,NULL,NULL,NULL,NULL,NULL,NULL
47087,2023,TN,Jackson,8,Nonmetro,"Nonmetro - Urban population of fewer than 5,000, adjacent to a metro area",2,0,0,12.2249,0,2.6234,1636,3500,11035.80,2835.52,1918.17,0.256938,0.173813,498.78,0.1486,NULL,NULL,NULL,NULL,NULL,NULL,NULL,NULL,NULL,NULL,NULL,NULL,NULL,NULL,NULL
47089,2023,TN,Jefferson,3,Metro,"Metro - Counties in metro areas of fewer than 250,000 population",14,1,0,25.2708,1,5.0342,5540,15291,10905.52,2406.70,1850.39,0.220686,0.169675,513.90,0.1811,NULL,NULL,NULL,NULL,NULL,NULL,NULL,NULL,NULL,NULL,NULL,NULL,NULL,NULL,NULL
47091,2023,TN,Johnson,8,Nonmetro,"Nonmetro - Urban population of fewer than 5,000, adjacent to a metro area",6,1,0,31.6790,1,10.6175,1894,5678,11469.13,2694.28,2488.66,0.234916,0.216988,643.08,0.1551,NULL,NULL,NULL,NULL,NULL,NULL,NULL,NULL,NULL,NULL,NULL,NULL,NULL,NULL,NULL
47093,2023,TN,Knox,2,Metro,"Metro - Counties in metro areas of 250,000 to 1 million population",174,7,0,44.4365,22,9.1958,39157,99592,11443.28,2373.63,1874.88,0.207426,0.163841,444.82,0.1627,NULL,NULL,NULL,NULL,NULL,NULL,NULL,NULL,NULL,NULL,NULL,NULL,NULL,NULL,NULL
47095,2023,TN,Lake,9,Nonmetro,"Nonmetro - Urban population of fewer than 5,000, not adjacent to a metro area",4,0,0,53.6913,0,13.1645,745,1448,13890.86,3317.04,1608.24,0.238793,0.115777,791.95,0.1620,NULL,NULL,NULL,NULL,NULL,NULL,NULL,NULL,NULL,NULL,NULL,NULL,NULL,NULL,NULL
47097,2023,TN,Lauderdale,6,Nonmetro,"Nonmetro - Urban population of 5,000 to 20,000, adjacent to a metro area",10,0,0,41.4079,0,11.3418,2415,5661,13473.46,2620.93,2563.16,0.194525,0.190238,686.96,0.1670,NULL,NULL,NULL,NULL,NULL,NULL,NULL,NULL,NULL,NULL,NULL,NULL,NULL,NULL,NULL
47099,2023,TN,Lawrence,6,Nonmetro,"Nonmetro - Urban population of 5,000 to 20,000, adjacent to a metro area",14,0,0,24.1713,1,5.5972,5792,10870,12206.83,2786.80,2133.09,0.228298,0.174746,595.82,0.1669,NULL,NULL,NULL,NULL,NULL,NULL,NULL,NULL,NULL,NULL,NULL,NULL,NULL,NULL,NULL
47101,2023,TN,Lewis,8,Nonmetro,"Nonmetro - Urban population of fewer than 5,000, adjacent to a metro area",4,0,0,27.3224,0,6.1247,1464,3335,11216.09,2886.81,2123.36,0.257381,0.189314,479.51,0.1636,NULL,NULL,NULL,NULL,NULL,NULL,NULL,NULL,NULL,NULL,NULL,NULL,NULL,NULL,NULL
47103,2023,TN,Lincoln,6,Nonmetro,"Nonmetro - Urban population of 5,000 to 20,000, adjacent to a metro area",7,0,0,18.3631,0,3.3802,3812,9269,12162.37,2832.00,2023.01,0.232849,0.166334,637.20,0.1505,NULL,NULL,NULL,NULL,NULL,NULL,NULL,NULL,NULL,NULL,NULL,NULL,NULL,NULL,NULL
47105,2023,TN,Loudon,2,Metro,"Metro - Counties in metro areas of 250,000 to 1 million population",20,1,0,22.1951,2,2.1215,9011,20017,10740.57,2089.74,2181.23,0.194565,0.203083,484.08,0.1634,NULL,NULL,NULL,NULL,NULL,NULL,NULL,NULL,NULL,NULL,NULL,NULL,NULL,NULL,NULL
47107,2023,TN,McMinn,4,Nonmetro,"Nonmetro - Urban population of 20,000 or more, adjacent to a metro area",16,0,0,25.6739,1,5.9215,6232,14548,11099.10,2329.14,1748.51,0.209849,0.157536,596.12,0.1724,NULL,NULL,NULL,NULL,NULL,NULL,NULL,NULL,NULL,NULL,NULL,NULL,NULL,NULL,NULL
47109,2023,TN,McNairy,8,Nonmetro,"Nonmetro - Urban population of fewer than 5,000, adjacent to a metro area",14,0,0,35.9990,0,7.5437,3889,7344,12463.21,3207.26,2293.25,0.257338,0.184002,570.07,0.1881,NULL,NULL,NULL,NULL,NULL,NULL,NULL,NULL,NULL,NULL,NULL,NULL,NULL,NULL,NULL
47111,2023,TN,Macon,1,Metro,Metro - Counties in metro areas of 1 million population or more,7,0,0,29.1181,1,9.1314,2404,5530,12553.83,3186.52,1947.71,0.253829,0.155149,663.06,0.1936,NULL,NULL,NULL,NULL,NULL,NULL,NULL,NULL,NULL,NULL,NULL,NULL,NULL,NULL,NULL
47113,2023,TN,Madison,3,Metro,"Metro - Counties in metro areas of fewer than 250,000 population",39,1,0,34.4797,6,9.9243,11311,23178,11137.61,2357.38,2068.14,0.211659,0.185690,528.95,0.1813,NULL,NULL,NULL,NULL,NULL,NULL,NULL,NULL,NULL,NULL,NULL,NULL,NULL,NULL,NULL
47115,2023,TN,Marion,2,Metro,"Metro - Counties in metro areas of 250,000 to 1 million population",9,1,0,30.9066,2,11.8900,2912,7955,12407.91,2931.96,1950.96,0.236298,0.157235,651.79,0.1171,NULL,NULL,NULL,NULL,NULL,NULL,NULL,NULL,NULL,NULL,NULL,NULL,NULL,NULL,NULL
47117,2023,TN,Marshall,6,Nonmetro,"Nonmetro - Urban population of 5,000 to 20,000, adjacent to a metro area",11,0,0,35.3812,0,5.3512,3109,7783,11534.38,2528.25,2180.25,0.219193,0.189022,560.95,0.1386,NULL,NULL,NULL,NULL,NULL,NULL,NULL,NULL,NULL,NULL,NULL,NULL,NULL,NULL,NULL
47119,2023,TN,Maury,1,Metro,Metro - Counties in metro areas of 1 million population or more,29,1,0,27.0094,2,2.4572,10737,23937,11026.34,2291.71,2360.54,0.207840,0.214082,518.95,0.1609,NULL,NULL,NULL,NULL,NULL,NULL,NULL,NULL,NULL,NULL,NULL,NULL,NULL,NULL,NULL
47121,2023,TN,Meigs,8,Nonmetro,"Nonmetro - Urban population of fewer than 5,000, adjacent to a metro area",4,0,0,26.1780,2,15.4771,1528,3897,11256.80,2732.07,1606.00,0.242704,0.142669,544.50,0.1926,NULL,NULL,NULL,NULL,NULL,NULL,NULL,NULL,NULL,NULL,NULL,NULL,NULL,NULL,NULL
47123,2023,TN,Monroe,6,Nonmetro,"Nonmetro - Urban population of 5,000 to 20,000, adjacent to a metro area",17,2,0,34.4688,4,12.7260,4932,13750,11272.92,2702.91,2381.04,0.239770,0.211218,529.81,0.1857,NULL,NULL,NULL,NULL,NULL,NULL,NULL,NULL,NULL,NULL,NULL,NULL,NULL,NULL,NULL
47125,2023,TN,Montgomery,2,Metro,"Metro - Counties in metro areas of 250,000 to 1 million population",48,1,0,28.8410,7,5.6523,16643,32203,10633.40,2624.38,1624.65,0.246805,0.152787,513.85,0.1884,NULL,NULL,NULL,NULL,NULL,NULL,NULL,NULL,NULL,NULL,NULL,NULL,NULL,NULL,NULL
47127,2023,TN,Moore,9,Nonmetro,"Nonmetro - Urban population of fewer than 5,000, not adjacent to a metro area",1,0,0,10.8342,0,1.2465,923,1684,11152.84,2710.00,1888.59,0.242987,0.169337,575.30,0.1832,NULL,NULL,NULL,NULL,NULL,NULL,NULL,NULL,NULL,NULL,NULL,NULL,NULL,NULL,NULL
47129,2023,TN,Morgan,2,Metro,"Metro - Counties in metro areas of 250,000 to 1 million population",5,0,0,31.0366,1,11.7036,1611,5308,10517.23,2430.76,1575.66,0.231122,0.149817,470.52,0.1615,NULL,NULL,NULL,NULL,NULL,NULL,NULL,NULL,NULL,NULL,NULL,NULL,NULL,NULL,NULL
47131,2023,TN,Obion,7,Nonmetro,"Nonmetro - Urban population of 5,000 to 20,000, not adjacent to a metro area",7,0,0,17.6723,0,3.4936,3961,8346,13612.37,2869.00,2835.24,0.210764,0.208284,695.53,0.1607,NULL,NULL,NULL,NULL,NULL,NULL,NULL,NULL,NULL,NULL,NULL,NULL,NULL,NULL,NULL
47133,2023,TN,Overton,9,Nonmetro,"Nonmetro - Urban population of fewer than 5,000, not adjacent to a metro area",8,0,0,25.4858,0,5.0568,3139,6238,11196.94,2855.77,1990.70,0.255049,0.177790,528.19,0.1752,NULL,NULL,NULL,NULL,NULL,NULL,NULL,NULL,NULL,NULL,NULL,NULL,NULL,NULL,NULL
47135,2023,TN,Perry,9,Nonmetro,"Nonmetro - Urban population of fewer than 5,000, not adjacent to a metro area",2,0,0,20.3046,1,12.4057,985,2351,10757.42,2695.02,1572.15,0.250527,0.146146,535.03,0.1534,NULL,NULL,NULL,NULL,NULL,NULL,NULL,NULL,NULL,NULL,NULL,NULL,NULL,NULL,NULL
47137,2023,TN,Pickett,9,Nonmetro,"Nonmetro - Urban population of fewer than 5,000, not adjacent to a metro area",2,0,0,21.5983,0,4.8479,926,1680,11798.35,2775.79,2104.49,0.235269,0.178372,520.52,0.1921,NULL,NULL,NULL,NULL,NULL,NULL,NULL,NULL,NULL,NULL,NULL,NULL,NULL,NULL,NULL
47139,2023,TN,Polk,3,Metro,"Metro - Counties in metro areas of fewer than 250,000 population",7,1,0,31.3339,1,10.4061,2234,5202,10655.27,2278.21,2095.70,0.213811,0.196682,538.50,0.1687,NULL,NULL,NULL,NULL,NULL,NULL,NULL,NULL,NULL,NULL,NULL,NULL,NULL,NULL,NULL
47141,2023,TN,Putnam,4,Nonmetro,"Nonmetro - Urban population of 20,000 or more, adjacent to a metro area",44,1,0,47.0387,9,15.3473,9354,18795,11966.49,2961.17,2356.45,0.247455,0.196921,544.26,0.1853,NULL,NULL,NULL,NULL,NULL,NULL,NULL,NULL,NULL,NULL,NULL,NULL,NULL,NULL,NULL
47143,2023,TN,Rhea,6,Nonmetro,"Nonmetro - Urban population of 5,000 to 20,000, adjacent to a metro area",12,1,0,32.7600,1,8.2775,3663,8718,11871.92,2762.23,2095.02,0.232669,0.176469,563.20,0.1672,NULL,NULL,NULL,NULL,NULL,NULL,NULL,NULL,NULL,NULL,NULL,NULL,NULL,NULL,NULL
47145,2023,TN,Roane,2,Metro,"Metro - Counties in metro areas of 250,000 to 1 million population",19,0,0,29.9401,3,8.5612,6346,15857,11159.02,2477.48,2186.58,0.222016,0.195947,525.84,0.1881,NULL,NULL,NULL,NULL,NULL,NULL,NULL,NULL,NULL,NULL,NULL,NULL,NULL,NULL,NULL
47147,2023,TN,Robertson,1,Metro,Metro - Counties in metro areas of 1 million population or more,24,1,0,44.4033,4,12.7176,5405,15265,11679.16,2908.43,1810.71,0.249027,0.155038,601.11,0.1810,NULL,NULL,NULL,NULL,NULL,NULL,NULL,NULL,NULL,NULL,NULL,NULL,NULL,NULL,NULL
47149,2023,TN,Rutherford,1,Metro,Metro - Counties in metro areas of 1 million population or more,92,3,0,46.8981,12,10.0147,19617,50684,11782.64,2803.19,1571.76,0.237908,0.133396,517.31,0.1640,NULL,NULL,NULL,NULL,NULL,NULL,NULL,NULL,NULL,NULL,NULL,NULL,NULL,NULL,NULL
47151,2023,TN,Scott,8,Nonmetro,"Nonmetro - Urban population of fewer than 5,000, adjacent to a metro area",10,0,0,56.4016,2,23.8150,1773,5449,11882.79,2732.52,1560.02,0.229956,0.131284,550.48,0.2158,NULL,NULL,NULL,NULL,NULL,NULL,NULL,NULL,NULL,NULL,NULL,NULL,NULL,NULL,NULL
47153,2023,TN,Sequatchie,2,Metro,"Metro - Counties in metro areas of 250,000 to 1 million population",4,0,0,19.8511,0,3.2948,2015,5276,12250.16,3110.70,1703.13,0.253931,0.139029,535.98,0.1818,NULL,NULL,NULL,NULL,NULL,NULL,NULL,NULL,NULL,NULL,NULL,NULL,NULL,NULL,NULL
47155,2023,TN,Sevier,4,Nonmetro,"Nonmetro - Urban population of 20,000 or more, adjacent to a metro area",34,0,0,36.3054,5,10.7322,9365,25538,10304.84,2280.16,2352.67,0.221271,0.228307,477.52,0.1678,NULL,NULL,NULL,NULL,NULL,NULL,NULL,NULL,NULL,NULL,NULL,NULL,NULL,NULL,NULL
47157,2023,TN,Shelby,1,Metro,Metro - Counties in metro areas of 1 million population or more,282,8,0,39.6179,25,9.8215,71180,168464,12335.79,3047.40,1675.76,0.247037,0.135845,524.46,0.1784,NULL,NULL,NULL,NULL,NULL,NULL,NULL,NULL,NULL,NULL,NULL,NULL,NULL,NULL,NULL
47159,2023,TN,Smith,1,Metro,Metro - Counties in metro areas of 1 million population or more,5,0,0,23.5849,0,3.5528,2120,4614,11025.10,2720.71,1774.72,0.246774,0.160971,431.13,0.1547,NULL,NULL,NULL,NULL,NULL,NULL,NULL,NULL,NULL,NULL,NULL,NULL,NULL,NULL,NULL
47161,2023,TN,Stewart,2,Metro,"Metro - Counties in metro areas of 250,000 to 1 million population",3,1,0,15.0981,1,6.5983,1987,3683,12556.22,2704.11,1997.70,0.215360,0.159100,547.56,0.2122,NULL,NULL,NULL,NULL,NULL,NULL,NULL,NULL,NULL,NULL,NULL,NULL,NULL,NULL,NULL
47163,2023,TN,Sullivan,2,Metro,"Metro - Counties in metro areas of 250,000 to 1 million population",67,3,0,53.4717,11,16.2005,12530,46161,11628.09,2774.37,2048.99,0.238592,0.176210,498.96,0.1798,NULL,NULL,NULL,NULL,NULL,NULL,NULL,NULL,NULL,NULL,NULL,NULL,NULL,NULL,NULL
47165,2023,TN,Sumner,1,Metro,Metro - Counties in metro areas of 1 million population or more,53,1,0,34.8386,7,7.3890,15213,40840,12197.69,3070.53,1838.23,0.251730,0.150703,580.10,0.1785,NULL,NULL,NULL,NULL,NULL,NULL,NULL,NULL,NULL,NULL,NULL,NULL,NULL,NULL,NULL
47167,2023,TN,Tipton,1,Metro,Metro - Counties in metro areas of 1 million population or more,17,1,0,25.7654,2,6.0052,6598,12945,12358.48,3301.74,1718.36,0.267164,0.139043,601.39,0.1843,NULL,NULL,NULL,NULL,NULL,NULL,NULL,NULL,NULL,NULL,NULL,NULL,NULL,NULL,NULL
47169,2023,TN,Trousdale,1,Metro,Metro - Counties in metro areas of 1 million population or more,3,0,0,37.0828,1,16.6746,809,2031,13461.45,3492.19,2047.48,0.259422,0.152100,646.48,0.2442,NULL,NULL,NULL,NULL,NULL,NULL,NULL,NULL,NULL,NULL,NULL,NULL,NULL,NULL,NULL
47171,2023,TN,Unicoi,3,Metro,"Metro - Counties in metro areas of fewer than 250,000 population",8,0,0,48.1348,0,12.0825,1662,5681,11788.68,2782.49,1681.02,0.236031,0.142596,658.84,0.1691,NULL,NULL,NULL,NULL,NULL,NULL,NULL,NULL,NULL,NULL,NULL,NULL,NULL,NULL,NULL
47173,2023,TN,Union,2,Metro,"Metro - Counties in metro areas of 250,000 to 1 million population",5,0,0,36.3901,0,6.5572,1374,5093,9151.10,2281.27,1254.92,0.249289,0.137133,409.75,0.1870,NULL,NULL,NULL,NULL,NULL,NULL,NULL,NULL,NULL,NULL,NULL,NULL,NULL,NULL,NULL
47175,2023,TN,Van Buren,9,Nonmetro,"Nonmetro - Urban population of fewer than 5,000, not adjacent to a metro area",1,0,0,10.5374,0,1.9093,949,1867,12445.39,2576.03,1850.94,0.206987,0.148725,557.43,0.1675,NULL,NULL,NULL,NULL,NULL,NULL,NULL,NULL,NULL,NULL,NULL,NULL,NULL,NULL,NULL
47177,2023,TN,Warren,6,Nonmetro,"Nonmetro - Urban population of 5,000 to 20,000, adjacent to a metro area",16,1,0,33.2779,4,12.8419,4808,10374,12793.55,2788.56,1588.31,0.217966,0.124149,643.51,0.1848,NULL,NULL,NULL,NULL,NULL,NULL,NULL,NULL,NULL,NULL,NULL,NULL,NULL,NULL,NULL
47179,2023,TN,Washington,3,Metro,"Metro - Counties in metro areas of fewer than 250,000 population",64,0,0,57.3015,10,14.5191,11169,33784,11205.74,2520.46,1726.94,0.224926,0.154112,468.80,0.1737,NULL,NULL,NULL,NULL,NULL,NULL,NULL,NULL,NULL,NULL,NULL,NULL,NULL,NULL,NULL
47181,2023,TN,Wayne,8,Nonmetro,"Nonmetro - Urban population of fewer than 5,000, adjacent to a metro area",9,0,0,47.8469,0,11.8757,1881,4064,12998.12,2781.73,2513.41,0.214010,0.193367,570.97,0.1693,NULL,NULL,NULL,NULL,NULL,NULL,NULL,NULL,NULL,NULL,NULL,NULL,NULL,NULL,NULL
47183,2023,TN,Weakley,6,Nonmetro,"Nonmetro - Urban population of 5,000 to 20,000, adjacent to a metro area",11,1,0,25.9679,3,10.1075,4236,7791,11917.33,2303.58,2236.40,0.193297,0.187659,589.94,0.1380,NULL,NULL,NULL,NULL,NULL,NULL,NULL,NULL,NULL,NULL,NULL,NULL,NULL,NULL,NULL
47185,2023,TN,White,7,Nonmetro,"Nonmetro - Urban population of 5,000 to 20,000, not adjacent to a metro area",7,0,0,19.5149,0,3.5950,3587,7867,11834.42,2630.23,2522.57,0.222253,0.213155,569.56,0.1466,NULL,NULL,NULL,NULL,NULL,NULL,NULL,NULL,NULL,NULL,NULL,NULL,NULL,NULL,NULL
47187,2023,TN,Williamson,1,Metro,Metro - Counties in metro areas of 1 million population or more,87,0,0,42.5949,5,-0.6700,20425,43690,11058.09,2180.19,2273.57,0.197158,0.205602,419.53,0.1374,NULL,NULL,NULL,NULL,NULL,NULL,NULL,NULL,NULL,NULL,NULL,NULL,NULL,NULL,NULL
47189,2023,TN,Wilson,1,Metro,Metro - Counties in metro areas of 1 million population or more,33,1,0,26.5529,5,6.2424,12428,30947,12003.13,2769.07,1890.16,0.230696,0.157472,545.70,0.1529,NULL,NULL,NULL,NULL,NULL,NULL,NULL,NULL,NULL,NULL,NULL,NULL,NULL,NULL,NULL
48000,2023,TX,UNKNOWN,NULL,NULL,NULL,NULL,NULL,NULL,NULL,NULL,NULL,NULL,NULL,NULL,NULL,NULL,NULL,NULL,NULL,NULL,NULL,NULL,NULL,NULL,NULL,NULL,NULL,NULL,NULL,NULL,NULL,NULL,NULL,NULL,NULL
48001,2023,TX,Anderson,7,Nonmetro,"Nonmetro - Urban population of 5,000 to 20,000, not adjacent to a metro area",11,1,0,22.5641,1,6.4610,4875,11657,13201.55,2669.02,1924.67,0.202175,0.145791,665.23,0.1650,NULL,NULL,NULL,NULL,NULL,NULL,NULL,NULL,NULL,NULL,NULL,NULL,NULL,NULL,NULL
48003,2023,TX,Andrews,6,Nonmetro,"Nonmetro - Urban population of 5,000 to 20,000, adjacent to a metro area",9,0,0,87.4636,3,42.7542,1029,2479,12005.70,2634.54,1623.47,0.219441,0.135225,835.76,0.1889,NULL,NULL,NULL,NULL,NULL,NULL,NULL,NULL,NULL,NULL,NULL,NULL,NULL,NULL,NULL
48005,2023,TX,Angelina,5,Nonmetro,"Nonmetro - Urban population of 20,000 or more, not adjacent to a metro area",25,1,0,28.9251,2,7.1076,8643,19314,14324.10,3602.02,1972.50,0.251466,0.137705,632.19,0.1876,NULL,NULL,NULL,NULL,NULL,NULL,NULL,NULL,NULL,NULL,NULL,NULL,NULL,NULL,NULL
48007,2023,TX,Aransas,2,Metro,"Metro - Counties in metro areas of 250,000 to 1 million population",3,0,0,9.3867,0,1.1967,3196,8452,11926.42,2523.64,1698.80,0.211601,0.142440,645.18,0.1354,NULL,NULL,NULL,NULL,NULL,NULL,NULL,NULL,NULL,NULL,NULL,NULL,NULL,NULL,NULL
48009,2023,TX,Archer,3,Metro,"Metro - Counties in metro areas of fewer than 250,000 population",1,0,0,7.3746,0,0.3816,1356,2113,14773.24,2940.50,1681.24,0.199042,0.113803,509.59,0.1396,NULL,NULL,NULL,NULL,NULL,NULL,NULL,NULL,NULL,NULL,NULL,NULL,NULL,NULL,NULL
48011,2023,TX,Armstrong,2,Metro,"Metro - Counties in metro areas of 250,000 to 1 million population",2,1,0,69.4444,1,38.8634,288,521,13424.83,3082.61,1471.95,0.229620,0.109644,468.75,0.1884,NULL,NULL,NULL,NULL,NULL,NULL,NULL,NULL,NULL,NULL,NULL,NULL,NULL,NULL,NULL
48013,2023,TX,Atascosa,1,Metro,Metro - Counties in metro areas of 1 million population or more,10,0,0,33.5458,1,10.1813,2981,10102,14248.93,2987.51,1052.76,0.209666,0.073883,627.31,0.1929,NULL,NULL,NULL,NULL,NULL,NULL,NULL,NULL,NULL,NULL,NULL,NULL,NULL,NULL,NULL
48015,2023,TX,Austin,1,Metro,Metro - Counties in metro areas of 1 million population or more,12,0,0,31.0720,2,6.6102,3862,7815,11910.93,2590.43,1955.23,0.217483,0.164154,453.91,0.1288,NULL,NULL,NULL,NULL,NULL,NULL,NULL,NULL,NULL,NULL,NULL,NULL,NULL,NULL,NULL
48017,2023,TX,Bailey,6,Nonmetro,"Nonmetro - Urban population of 5,000 to 20,000, adjacent to a metro area",5,0,0,73.4214,1,24.9952,681,1150,14752.76,2957.46,3085.90,0.200468,0.209174,671.07,0.1214,NULL,NULL,NULL,NULL,NULL,NULL,NULL,NULL,NULL,NULL,NULL,NULL,NULL,NULL,NULL
48019,2023,TX,Bandera,1,Metro,Metro - Counties in metro areas of 1 million population or more,5,0,0,13.3654,0,1.0501,3741,8037,10226.29,2087.33,1394.92,0.204114,0.136405,468.59,0.1440,NULL,NULL,NULL,NULL,NULL,NULL,NULL,NULL,NULL,NULL,NULL,NULL,NULL,NULL,NULL
48021,2023,TX,Bastrop,1,Metro,Metro - Counties in metro areas of 1 million population or more,15,0,0,20.1640,3,6.6353,7439,18561,12654.19,2814.11,1460.43,0.222386,0.115411,591.21,0.1885,NULL,NULL,NULL,NULL,NULL,NULL,NULL,NULL,NULL,NULL,NULL,NULL,NULL,NULL,NULL
48023,2023,TX,Baylor,9,Nonmetro,"Nonmetro - Urban population of fewer than 5,000, not adjacent to a metro area",2,0,0,33.0033,0,6.3010,606,1006,17208.52,3192.39,2867.03,0.185512,0.166605,745.87,0.2036,NULL,NULL,NULL,NULL,NULL,NULL,NULL,NULL,NULL,NULL,NULL,NULL,NULL,NULL,NULL
48025,2023,TX,Bee,6,Nonmetro,"Nonmetro - Urban population of 5,000 to 20,000, adjacent to a metro area",6,0,0,35.1288,0,9.5097,1708,5346,15529.74,3336.22,1666.35,0.214828,0.107301,758.78,0.1682,NULL,NULL,NULL,NULL,NULL,NULL,NULL,NULL,NULL,NULL,NULL,NULL,NULL,NULL,NULL
48027,2023,TX,Bell,2,Metro,"Metro - Counties in metro areas of 250,000 to 1 million population",50,1,0,19.7208,2,3.4529,25354,62310,10855.79,2450.90,2777.04,0.225769,0.255812,506.90,0.1894,NULL,NULL,NULL,NULL,NULL,NULL,NULL,NULL,NULL,NULL,NULL,NULL,NULL,NULL,NULL
48029,2023,TX,Bexar,1,Metro,Metro - Counties in metro areas of 1 million population or more,461,7,0,40.6838,54,9.6677,113313,335144,12411.81,2559.76,1003.25,0.206236,0.080830,509.22,0.1823,NULL,NULL,NULL,NULL,NULL,NULL,NULL,NULL,NULL,NULL,NULL,NULL,NULL,NULL,NULL
48031,2023,TX,Blanco,8,Nonmetro,"Nonmetro - Urban population of fewer than 5,000, adjacent to a metro area",2,0,0,8.8028,0,-0.4308,2272,4228,11026.09,2311.58,1684.55,0.209646,0.152779,431.78,0.1333,NULL,NULL,NULL,NULL,NULL,NULL,NULL,NULL,NULL,NULL,NULL,NULL,NULL,NULL,NULL
48033,2023,TX,Borden,9,Nonmetro,"Nonmetro - Urban population of fewer than 5,000, not adjacent to a metro area",NULL,NULL,NULL,NULL,NULL,NULL,82,121,13984.29,2457.31,3061.32,0.175719,0.218911,646.34,NULL,NULL,NULL,NULL,NULL,NULL,NULL,NULL,NULL,NULL,NULL,NULL,NULL,NULL,NULL,NULL
48035,2023,TX,Bosque,2,Metro,"Metro - Counties in metro areas of 250,000 to 1 million population",5,0,0,20.3335,0,3.2512,2459,5711,12248.09,2693.64,1957.52,0.219923,0.159822,560.39,0.1777,NULL,NULL,NULL,NULL,NULL,NULL,NULL,NULL,NULL,NULL,NULL,NULL,NULL,NULL,NULL
48037,2023,TX,Bowie,3,Metro,"Metro - Counties in metro areas of fewer than 250,000 population",39,3,0,37.3635,8,13.1750,10438,20979,13460.94,2752.47,2111.21,0.204478,0.156840,605.67,0.1585,NULL,NULL,NULL,NULL,NULL,NULL,NULL,NULL,NULL,NULL,NULL,NULL,NULL,NULL,NULL
48039,2023,TX,Brazoria,1,Metro,Metro - Counties in metro areas of 1 million population or more,129,9,0,63.5907,32,23.7337,20286,60635,13948.50,3391.70,2501.49,0.243159,0.179338,628.27,0.1870,NULL,NULL,NULL,NULL,NULL,NULL,NULL,NULL,NULL,NULL,NULL,NULL,NULL,NULL,NULL
48041,2023,TX,Brazos,2,Metro,"Metro - Counties in metro areas of 250,000 to 1 million population",46,1,0,30.9535,7,5.3864,14861,29202,12281.07,2781.48,2298.22,0.226485,0.187135,583.14,0.1841,NULL,NULL,NULL,NULL,NULL,NULL,NULL,NULL,NULL,NULL,NULL,NULL,NULL,NULL,NULL
48043,2023,TX,Brewster,7,Nonmetro,"Nonmetro - Urban population of 5,000 to 20,000, not adjacent to a metro area",3,0,0,23.9425,0,1.6542,1253,2423,8264.57,1756.18,1440.99,0.212495,0.174358,514.76,0.1184,NULL,NULL,NULL,NULL,NULL,NULL,NULL,NULL,NULL,NULL,NULL,NULL,NULL,NULL,NULL
48045,2023,TX,Briscoe,8,Nonmetro,"Nonmetro - Urban population of fewer than 5,000, adjacent to a metro area",2,0,0,80.9717,1,44.7398,247,441,14240.60,2461.62,3540.14,0.172859,0.248595,566.80,0.2264,NULL,NULL,NULL,NULL,NULL,NULL,NULL,NULL,NULL,NULL,NULL,NULL,NULL,NULL,NULL
48047,2023,TX,Brooks,9,Nonmetro,"Nonmetro - Urban population of fewer than 5,000, not adjacent to a metro area",5,0,0,106.1571,1,57.9062,471,1602,15912.93,4173.85,1170.42,0.262293,0.073552,819.53,0.2362,NULL,NULL,NULL,NULL,NULL,NULL,NULL,NULL,NULL,NULL,NULL,NULL,NULL,NULL,NULL
48049,2023,TX,Brown,5,Nonmetro,"Nonmetro - Urban population of 20,000 or more, not adjacent to a metro area",14,0,0,26.2911,1,6.3371,5325,9987,12899.10,2870.59,2435.28,0.222542,0.188795,614.46,0.1586,NULL,NULL,NULL,NULL,NULL,NULL,NULL,NULL,NULL,NULL,NULL,NULL,NULL,NULL,NULL
48051,2023,TX,Burleson,2,Metro,"Metro - Counties in metro areas of 250,000 to 1 million population",4,1,0,17.1086,1,6.0670,2338,5222,13607.25,3537.41,2664.06,0.259965,0.195782,700.17,0.2061,NULL,NULL,NULL,NULL,NULL,NULL,NULL,NULL,NULL,NULL,NULL,NULL,NULL,NULL,NULL
48053,2023,TX,Burnet,6,Nonmetro,"Nonmetro - Urban population of 5,000 to 20,000, adjacent to a metro area",10,0,0,14.0766,1,2.8881,7104,14753,12197.49,2555.63,2274.05,0.209521,0.186436,443.41,0.1595,NULL,NULL,NULL,NULL,NULL,NULL,NULL,NULL,NULL,NULL,NULL,NULL,NULL,NULL,NULL
48055,2023,TX,Caldwell,1,Metro,Metro - Counties in metro areas of 1 million population or more,11,0,0,32.4771,2,11.7732,3387,8657,15567.93,3285.77,1658.12,0.211060,0.106509,611.75,0.1555,NULL,NULL,NULL,NULL,NULL,NULL,NULL,NULL,NULL,NULL,NULL,NULL,NULL,NULL,NULL
48057,2023,TX,Calhoun,6,Nonmetro,"Nonmetro - Urban population of 5,000 to 20,000, adjacent to a metro area",6,0,0,27.7264,0,7.4971,2164,4740,14595.63,2854.34,2767.47,0.195561,0.189609,716.73,0.1667,NULL,NULL,NULL,NULL,NULL,NULL,NULL,NULL,NULL,NULL,NULL,NULL,NULL,NULL,NULL
48059,2023,TX,Callahan,3,Metro,"Metro - Counties in metro areas of fewer than 250,000 population",2,0,0,10.7933,0,1.4910,1853,3745,12773.44,2659.50,2035.21,0.208205,0.159331,544.52,0.1392,NULL,NULL,NULL,NULL,NULL,NULL,NULL,NULL,NULL,NULL,NULL,NULL,NULL,NULL,NULL
48061,2023,TX,Cameron,2,Metro,"Metro - Counties in metro areas of 250,000 to 1 million population",112,0,0,67.7925,6,27.9084,16521,72058,13468.60,3198.65,1093.30,0.237489,0.081174,594.70,0.1927,NULL,NULL,NULL,NULL,NULL,NULL,NULL,NULL,NULL,NULL,NULL,NULL,NULL,NULL,NULL
48063,2023,TX,Camp,8,Nonmetro,"Nonmetro - Urban population of fewer than 5,000, adjacent to a metro area",3,0,0,20.4918,0,3.0904,1464,3116,12656.66,3066.91,2146.88,0.242316,0.169625,337.43,0.1149,NULL,NULL,NULL,NULL,NULL,NULL,NULL,NULL,NULL,NULL,NULL,NULL,NULL,NULL,NULL
48065,2023,TX,Carson,2,Metro,"Metro - Counties in metro areas of 250,000 to 1 million population",1,0,0,14.4718,0,1.5686,691,1320,13891.72,2683.22,2021.03,0.193152,0.145485,500.72,0.1701,NULL,NULL,NULL,NULL,NULL,NULL,NULL,NULL,NULL,NULL,NULL,NULL,NULL,NULL,NULL
48067,2023,TX,Cass,6,Nonmetro,"Nonmetro - Urban population of 5,000 to 20,000, adjacent to a metro area",9,0,0,22.3881,0,4.1177,4020,8676,12864.57,2785.65,2023.27,0.216537,0.157275,601.49,0.1449,NULL,NULL,NULL,NULL,NULL,NULL,NULL,NULL,NULL,NULL,NULL,NULL,NULL,NULL,NULL
48069,2023,TX,Castro,9,Nonmetro,"Nonmetro - Urban population of fewer than 5,000, not adjacent to a metro area",2,0,0,30.1659,0,6.6365,663,1287,16982.14,3559.45,2795.74,0.209600,0.164628,698.34,0.1842,NULL,NULL,NULL,NULL,NULL,NULL,NULL,NULL,NULL,NULL,NULL,NULL,NULL,NULL,NULL
48071,2023,TX,Chambers,1,Metro,Metro - Counties in metro areas of 1 million population or more,6,0,0,20.6256,0,3.8471,2909,7726,13946.89,3355.87,2677.94,0.240618,0.192010,603.64,0.1703,NULL,NULL,NULL,NULL,NULL,NULL,NULL,NULL,NULL,NULL,NULL,NULL,NULL,NULL,NULL
48073,2023,TX,Cherokee,6,Nonmetro,"Nonmetro - Urban population of 5,000 to 20,000, adjacent to a metro area",19,1,0,40.4600,5,17.8026,4696,11707,13830.33,2946.38,2859.61,0.213038,0.206764,596.68,0.1545,NULL,NULL,NULL,NULL,NULL,NULL,NULL,NULL,NULL,NULL,NULL,NULL,NULL,NULL,NULL
48075,2023,TX,Childress,9,Nonmetro,"Nonmetro - Urban population of fewer than 5,000, not adjacent to a metro area",4,0,0,56.9801,0,11.3701,702,1412,13435.41,2943.87,2968.40,0.219113,0.220939,839.03,0.1233,NULL,NULL,NULL,NULL,NULL,NULL,NULL,NULL,NULL,NULL,NULL,NULL,NULL,NULL,NULL
48077,2023,TX,Clay,3,Metro,"Metro - Counties in metro areas of fewer than 250,000 population",1,0,0,5.9382,0,0.7190,1684,2801,15673.21,3277.85,1990.05,0.209137,0.126971,666.86,0.2240,NULL,NULL,NULL,NULL,NULL,NULL,NULL,NULL,NULL,NULL,NULL,NULL,NULL,NULL,NULL
48079,2023,TX,Cochran,2,Metro,"Metro - Counties in metro areas of 250,000 to 1 million population",1,0,0,45.6621,0,14.6062,219,565,10955.33,2002.09,2968.71,0.182750,0.270983,584.47,NULL,NULL,NULL,NULL,NULL,NULL,NULL,NULL,NULL,NULL,NULL,NULL,NULL,NULL,NULL,NULL
48081,2023,TX,Coke,8,Nonmetro,"Nonmetro - Urban population of fewer than 5,000, adjacent to a metro area",NULL,NULL,NULL,NULL,NULL,NULL,526,1050,14602.56,3314.26,2841.98,0.226964,0.194622,547.53,0.2013,NULL,NULL,NULL,NULL,NULL,NULL,NULL,NULL,NULL,NULL,NULL,NULL,NULL,NULL,NULL
48083,2023,TX,Coleman,8,Nonmetro,"Nonmetro - Urban population of fewer than 5,000, adjacent to a metro area",2,0,0,11.9332,1,6.5102,1676,2716,13498.61,2925.97,2418.23,0.216761,0.179147,702.86,0.1774,NULL,NULL,NULL,NULL,NULL,NULL,NULL,NULL,NULL,NULL,NULL,NULL,NULL,NULL,NULL
48085,2023,TX,Collin,1,Metro,Metro - Counties in metro areas of 1 million population or more,402,21,0,58.5051,80,11.9046,68712,148912,13496.35,2850.70,1591.02,0.211220,0.117885,523.40,0.1739,NULL,NULL,NULL,NULL,NULL,NULL,NULL,NULL,NULL,NULL,NULL,NULL,NULL,NULL,NULL
48087,2023,TX,Collingsworth,9,Nonmetro,"Nonmetro - Urban population of fewer than 5,000, not adjacent to a metro area",1,0,0,21.3675,0,2.2104,468,700,16406.27,3341.67,3226.59,0.203682,0.196668,846.15,0.2222,NULL,NULL,NULL,NULL,NULL,NULL,NULL,NULL,NULL,NULL,NULL,NULL,NULL,NULL,NULL
48089,2023,TX,Colorado,8,Nonmetro,"Nonmetro - Urban population of fewer than 5,000, adjacent to a metro area",11,0,0,33.7320,2,9.6614,3261,5987,13436.58,3059.34,2815.06,0.227687,0.209507,557.19,0.1706,NULL,NULL,NULL,NULL,NULL,NULL,NULL,NULL,NULL,NULL,NULL,NULL,NULL,NULL,NULL
48091,2023,TX,Comal,1,Metro,Metro - Counties in metro areas of 1 million population or more,42,2,0,19.5740,3,0.2412,21457,43658,11404.34,2087.52,1360.02,0.183046,0.119255,479.75,0.1633,NULL,NULL,NULL,NULL,NULL,NULL,NULL,NULL,NULL,NULL,NULL,NULL,NULL,NULL,NULL
48093,2023,TX,Comanche,9,Nonmetro,"Nonmetro - Urban population of fewer than 5,000, not adjacent to a metro area",7,2,0,33.0657,2,13.3341,2117,3832,13323.55,2538.39,3230.21,0.190519,0.242444,594.24,0.1585,NULL,NULL,NULL,NULL,NULL,NULL,NULL,NULL,NULL,NULL,NULL,NULL,NULL,NULL,NULL
48095,2023,TX,Concho,8,Nonmetro,"Nonmetro - Urban population of fewer than 5,000, adjacent to a metro area",NULL,NULL,NULL,NULL,NULL,NULL,417,785,14866.53,2926.34,4128.93,0.196841,0.277733,736.21,0.1919,NULL,NULL,NULL,NULL,NULL,NULL,NULL,NULL,NULL,NULL,NULL,NULL,NULL,NULL,NULL
48097,2023,TX,Cooke,6,Nonmetro,"Nonmetro - Urban population of 5,000 to 20,000, adjacent to a metro area",11,0,0,22.7226,1,3.9538,4841,9588,14185.71,3290.03,1856.49,0.231926,0.130870,620.95,0.1780,NULL,NULL,NULL,NULL,NULL,NULL,NULL,NULL,NULL,NULL,NULL,NULL,NULL,NULL,NULL
48099,2023,TX,Coryell,2,Metro,"Metro - Counties in metro areas of 250,000 to 1 million population",8,0,0,14.6628,0,2.4285,5456,12212,11152.29,2315.57,2858.20,0.207632,0.256288,560.48,0.1732,NULL,NULL,NULL,NULL,NULL,NULL,NULL,NULL,NULL,NULL,NULL,NULL,NULL,NULL,NULL
48101,2023,TX,Cottle,9,Nonmetro,"Nonmetro - Urban population of fewer than 5,000, not adjacent to a metro area",NULL,NULL,NULL,NULL,NULL,NULL,217,420,10842.97,2228.97,2058.89,0.205568,0.189882,857.14,NULL,NULL,NULL,NULL,NULL,NULL,NULL,NULL,NULL,NULL,NULL,NULL,NULL,NULL,NULL,NULL
48103,2023,TX,Crane,8,Nonmetro,"Nonmetro - Urban population of fewer than 5,000, adjacent to a metro area",1,0,0,31.1526,0,5.9001,321,707,15521.77,2177.86,2448.98,0.140310,0.157777,619.94,NULL,NULL,NULL,NULL,NULL,NULL,NULL,NULL,NULL,NULL,NULL,NULL,NULL,NULL,NULL,NULL
48105,2023,TX,Crockett,8,Nonmetro,"Nonmetro - Urban population of fewer than 5,000, adjacent to a metro area",2,0,0,47.6190,0,7.6988,420,793,11409.22,2176.29,2375.79,0.190748,0.208234,485.71,0.2222,NULL,NULL,NULL,NULL,NULL,NULL,NULL,NULL,NULL,NULL,NULL,NULL,NULL,NULL,NULL
48107,2023,TX,Crosby,2,Metro,"Metro - Counties in metro areas of 250,000 to 1 million population",2,0,0,40.3226,0,12.2721,496,1323,13754.32,2572.46,3140.27,0.187029,0.228312,645.16,0.1685,NULL,NULL,NULL,NULL,NULL,NULL,NULL,NULL,NULL,NULL,NULL,NULL,NULL,NULL,NULL
48109,2023,TX,Culberson,9,Nonmetro,"Nonmetro - Urban population of fewer than 5,000, not adjacent to a metro area",1,0,0,33.2226,0,6.4129,301,559,14989.61,2247.60,2831.40,0.149944,0.188891,797.34,0.2500,NULL,NULL,NULL,NULL,NULL,NULL,NULL,NULL,NULL,NULL,NULL,NULL,NULL,NULL,NULL
48111,2023,TX,Dallam,7,Nonmetro,"Nonmetro - Urban population of 5,000 to 20,000, not adjacent to a metro area",3,0,0,57.4713,0,11.4590,522,984,11464.95,2720.10,2018.09,0.237254,0.176023,572.80,0.1684,NULL,NULL,NULL,NULL,NULL,NULL,NULL,NULL,NULL,NULL,NULL,NULL,NULL,NULL,NULL
48113,2023,TX,Dallas,1,Metro,Metro - Counties in metro areas of 1 million population or more,856,18,0,69.1538,90,20.2796,123782,359395,13839.13,3062.42,1637.26,0.221287,0.118307,569.17,0.1763,NULL,NULL,NULL,NULL,NULL,NULL,NULL,NULL,NULL,NULL,NULL,NULL,NULL,NULL,NULL
48115,2023,TX,Dawson,6,Nonmetro,"Nonmetro - Urban population of 5,000 to 20,000, adjacent to a metro area",2,0,0,17.0794,0,4.0839,1171,2328,14962.23,3004.47,2359.72,0.200804,0.157712,809.56,0.1907,NULL,NULL,NULL,NULL,NULL,NULL,NULL,NULL,NULL,NULL,NULL,NULL,NULL,NULL,NULL
48117,2023,TX,Deaf Smith,6,Nonmetro,"Nonmetro - Urban population of 5,000 to 20,000, adjacent to a metro area",5,1,0,38.3436,1,16.5926,1304,2837,13098.05,2870.19,1974.39,0.219131,0.150739,684.05,0.1736,NULL,NULL,NULL,NULL,NULL,NULL,NULL,NULL,NULL,NULL,NULL,NULL,NULL,NULL,NULL
48119,2023,TX,Delta,8,Nonmetro,"Nonmetro - Urban population of fewer than 5,000, adjacent to a metro area",2,0,0,26.8456,0,5.5236,745,1452,12732.67,2875.13,1908.90,0.225807,0.149921,632.21,0.1627,NULL,NULL,NULL,NULL,NULL,NULL,NULL,NULL,NULL,NULL,NULL,NULL,NULL,NULL,NULL
48121,2023,TX,Denton,1,Metro,Metro - Counties in metro areas of 1 million population or more,203,2,0,36.6750,32,5.8381,55351,126130,13422.72,2942.90,1699.00,0.219248,0.126576,569.15,0.1779,NULL,NULL,NULL,NULL,NULL,NULL,NULL,NULL,NULL,NULL,NULL,NULL,NULL,NULL,NULL
48123,2023,TX,DeWitt,6,Nonmetro,"Nonmetro - Urban population of 5,000 to 20,000, adjacent to a metro area",9,0,0,36.2903,2,14.5038,2480,4905,13597.92,2572.33,2582.59,0.189171,0.189925,777.02,0.1570,NULL,NULL,NULL,NULL,NULL,NULL,NULL,NULL,NULL,NULL,NULL,NULL,NULL,NULL,NULL
48125,2023,TX,Dickens,8,Nonmetro,"Nonmetro - Urban population of fewer than 5,000, adjacent to a metro area",2,0,0,66.8896,0,11.7932,299,582,16258.65,2799.21,3678.73,0.172167,0.226263,525.08,NULL,NULL,NULL,NULL,NULL,NULL,NULL,NULL,NULL,NULL,NULL,NULL,NULL,NULL,NULL,NULL
48127,2023,TX,Dimmit,7,Nonmetro,"Nonmetro - Urban population of 5,000 to 20,000, not adjacent to a metro area",4,0,0,68.9655,1,39.3212,580,1968,14722.17,4036.93,1816.01,0.274208,0.123352,806.90,0.2712,NULL,NULL,NULL,NULL,NULL,NULL,NULL,NULL,NULL,NULL,NULL,NULL,NULL,NULL,NULL
48129,2023,TX,Donley,8,Nonmetro,"Nonmetro - Urban population of fewer than 5,000, adjacent to a metro area",4,0,0,73.1261,0,9.3302,547,981,12119.26,2625.04,1450.65,0.216601,0.119698,451.55,0.1524,NULL,NULL,NULL,NULL,NULL,NULL,NULL,NULL,NULL,NULL,NULL,NULL,NULL,NULL,NULL
48131,2023,TX,Duval,9,Nonmetro,"Nonmetro - Urban population of fewer than 5,000, not adjacent to a metro area",4,0,0,53.6913,0,21.4072,745,2487,19747.69,4422.50,1455.81,0.223950,0.073721,1012.08,0.1959,NULL,NULL,NULL,NULL,NULL,NULL,NULL,NULL,NULL,NULL,NULL,NULL,NULL,NULL,NULL
48133,2023,TX,Eastland,8,Nonmetro,"Nonmetro - Urban population of fewer than 5,000, adjacent to a metro area",13,1,0,50.8607,2,14.1451,2556,5086,13443.01,2827.02,2160.13,0.210297,0.160688,646.71,0.1855,NULL,NULL,NULL,NULL,NULL,NULL,NULL,NULL,NULL,NULL,NULL,NULL,NULL,NULL,NULL
48135,2023,TX,Ector,3,Metro,"Metro - Counties in metro areas of fewer than 250,000 population",28,1,0,33.6377,3,12.5620,8324,21840,12843.43,2890.70,1382.97,0.225072,0.107679,574.00,0.1796,NULL,NULL,NULL,NULL,NULL,NULL,NULL,NULL,NULL,NULL,NULL,NULL,NULL,NULL,NULL
48137,2023,TX,Edwards,9,Nonmetro,"Nonmetro - Urban population of fewer than 5,000, not adjacent to a metro area",NULL,NULL,NULL,NULL,NULL,NULL,302,593,9302.65,2047.71,1936.87,0.220121,0.208206,463.58,NULL,NULL,NULL,NULL,NULL,NULL,NULL,NULL,NULL,NULL,NULL,NULL,NULL,NULL,NULL,NULL
48139,2023,TX,Ellis,1,Metro,Metro - Counties in metro areas of 1 million population or more,52,4,0,37.5750,9,10.5599,13839,35350,13925.42,3004.19,1907.83,0.215734,0.137003,646.87,0.1756,NULL,NULL,NULL,NULL,NULL,NULL,NULL,NULL,NULL,NULL,NULL,NULL,NULL,NULL,NULL
48141,2023,TX,El Paso,2,Metro,"Metro - Counties in metro areas of 250,000 to 1 million population",167,9,0,55.7577,25,20.0954,29951,149330,10726.79,2426.34,1054.17,0.226194,0.098275,536.01,0.1793,NULL,NULL,NULL,NULL,NULL,NULL,NULL,NULL,NULL,NULL,NULL,NULL,NULL,NULL,NULL
48143,2023,TX,Erath,5,Nonmetro,"Nonmetro - Urban population of 20,000 or more, not adjacent to a metro area",8,0,0,19.6947,2,6.5828,4062,7787,11061.17,2427.90,1797.84,0.219498,0.162536,587.64,0.1373,NULL,NULL,NULL,NULL,NULL,NULL,NULL,NULL,NULL,NULL,NULL,NULL,NULL,NULL,NULL
48145,2023,TX,Falls,2,Metro,"Metro - Counties in metro areas of 250,000 to 1 million population",4,0,0,31.3480,0,9.3941,1276,4011,12586.30,2640.96,2776.41,0.209828,0.220590,611.29,0.1880,NULL,NULL,NULL,NULL,NULL,NULL,NULL,NULL,NULL,NULL,NULL,NULL,NULL,NULL,NULL
48147,2023,TX,Fannin,6,Nonmetro,"Nonmetro - Urban population of 5,000 to 20,000, adjacent to a metro area",11,1,0,27.0669,3,11.2002,4064,8409,14306.85,3404.59,1509.46,0.237969,0.105506,652.81,0.1703,NULL,NULL,NULL,NULL,NULL,NULL,NULL,NULL,NULL,NULL,NULL,NULL,NULL,NULL,NULL
48149,2023,TX,Fayette,6,Nonmetro,"Nonmetro - Urban population of 5,000 to 20,000, adjacent to a metro area",9,0,0,19.3009,1,3.5280,4663,7877,12986.13,2700.15,2091.30,0.207926,0.161041,482.74,0.1540,NULL,NULL,NULL,NULL,NULL,NULL,NULL,NULL,NULL,NULL,NULL,NULL,NULL,NULL,NULL
48151,2023,TX,Fisher,8,Nonmetro,"Nonmetro - Urban population of fewer than 5,000, adjacent to a metro area",2,0,0,35.5240,0,5.1750,563,995,14473.45,3172.16,3695.21,0.219171,0.255310,920.07,0.1805,NULL,NULL,NULL,NULL,NULL,NULL,NULL,NULL,NULL,NULL,NULL,NULL,NULL,NULL,NULL
48153,2023,TX,Floyd,8,Nonmetro,"Nonmetro - Urban population of fewer than 5,000, adjacent to a metro area",4,0,0,66.1157,2,38.8677,605,1271,14515.91,3296.22,2783.33,0.227076,0.191743,733.88,0.2215,NULL,NULL,NULL,NULL,NULL,NULL,NULL,NULL,NULL,NULL,NULL,NULL,NULL,NULL,NULL
48155,2023,TX,Foard,9,Nonmetro,"Nonmetro - Urban population of fewer than 5,000, not adjacent to a metro area",1,0,0,46.9484,0,9.4952,213,368,16186.80,2962.94,2388.86,0.183047,0.147581,737.09,NULL,NULL,NULL,NULL,NULL,NULL,NULL,NULL,NULL,NULL,NULL,NULL,NULL,NULL,NULL,NULL
48157,2023,TX,Fort Bend,1,Metro,Metro - Counties in metro areas of 1 million population or more,422,29,0,97.0070,145,33.7361,43502,126543,13484.58,3075.85,2274.01,0.228101,0.168638,534.67,0.1897,NULL,NULL,NULL,NULL,NULL,NULL,NULL,NULL,NULL,NULL,NULL,NULL,NULL,NULL,NULL
48159,2023,TX,Franklin,9,Nonmetro,"Nonmetro - Urban population of fewer than 5,000, not adjacent to a metro area",4,1,0,28.3286,2,15.5654,1412,2694,12666.33,2891.49,2004.17,0.228282,0.158228,508.50,0.1485,NULL,NULL,NULL,NULL,NULL,NULL,NULL,NULL,NULL,NULL,NULL,NULL,NULL,NULL,NULL
48161,2023,TX,Freestone,9,Nonmetro,"Nonmetro - Urban population of fewer than 5,000, not adjacent to a metro area",4,0,0,16.9062,0,2.2488,2366,4865,12190.66,2627.67,1719.71,0.215548,0.141068,736.69,0.1580,NULL,NULL,NULL,NULL,NULL,NULL,NULL,NULL,NULL,NULL,NULL,NULL,NULL,NULL,NULL
48163,2023,TX,Frio,6,Nonmetro,"Nonmetro - Urban population of 5,000 to 20,000, adjacent to a metro area",4,0,0,43.1499,1,22.6441,927,3060,12957.55,3355.64,1254.04,0.258972,0.096781,661.27,0.2250,NULL,NULL,NULL,NULL,NULL,NULL,NULL,NULL,NULL,NULL,NULL,NULL,NULL,NULL,NULL
48165,2023,TX,Gaines,6,Nonmetro,"Nonmetro - Urban population of 5,000 to 20,000, adjacent to a metro area",3,0,0,25.9965,1,11.8921,1154,2222,15277.15,3054.41,2421.36,0.199933,0.158496,690.64,0.1739,NULL,NULL,NULL,NULL,NULL,NULL,NULL,NULL,NULL,NULL,NULL,NULL,NULL,NULL,NULL
48167,2023,TX,Galveston,1,Metro,Metro - Counties in metro areas of 1 million population or more,103,1,0,43.6959,22,16.7238,23572,67275,14223.48,3403.02,2964.62,0.239254,0.208431,585.36,0.1792,NULL,NULL,NULL,NULL,NULL,NULL,NULL,NULL,NULL,NULL,NULL,NULL,NULL,NULL,NULL
48169,2023,TX,Garza,2,Metro,"Metro - Counties in metro areas of 250,000 to 1 million population",1,0,0,25.2525,0,5.8727,396,910,14207.80,3364.51,2397.23,0.236807,0.168726,487.37,0.1831,NULL,NULL,NULL,NULL,NULL,NULL,NULL,NULL,NULL,NULL,NULL,NULL,NULL,NULL,NULL
48171,2023,TX,Gillespie,7,Nonmetro,"Nonmetro - Urban population of 5,000 to 20,000, not adjacent to a metro area",7,0,0,11.1964,0,0.3150,6252,9641,10383.21,1934.21,1839.20,0.186282,0.177132,465.77,0.1271,NULL,NULL,NULL,NULL,NULL,NULL,NULL,NULL,NULL,NULL,NULL,NULL,NULL,NULL,NULL
48173,2023,TX,Glasscock,8,Nonmetro,"Nonmetro - Urban population of fewer than 5,000, adjacent to a metro area",NULL,NULL,NULL,NULL,NULL,NULL,138,204,12229.16,2525.41,1838.16,0.206507,0.150310,405.80,NULL,NULL,NULL,NULL,NULL,NULL,NULL,NULL,NULL,NULL,NULL,NULL,NULL,NULL,NULL,NULL
48175,2023,TX,Goliad,3,Metro,"Metro - Counties in metro areas of fewer than 250,000 population",1,0,0,10.6045,0,1.9239,943,1988,12222.48,1900.56,2545.81,0.155497,0.208289,587.49,0.1353,NULL,NULL,NULL,NULL,NULL,NULL,NULL,NULL,NULL,NULL,NULL,NULL,NULL,NULL,NULL
48177,2023,TX,Gonzales,6,Nonmetro,"Nonmetro - Urban population of 5,000 to 20,000, adjacent to a metro area",5,0,0,22.7687,0,3.8365,2196,4662,13312.24,2738.90,1805.74,0.205743,0.135645,590.62,0.1935,NULL,NULL,NULL,NULL,NULL,NULL,NULL,NULL,NULL,NULL,NULL,NULL,NULL,NULL,NULL
48179,2023,TX,Gray,6,Nonmetro,"Nonmetro - Urban population of 5,000 to 20,000, adjacent to a metro area",9,0,0,37.3444,0,6.4908,2410,4345,12912.35,2845.21,1544.14,0.220348,0.119586,494.61,0.1767,NULL,NULL,NULL,NULL,NULL,NULL,NULL,NULL,NULL,NULL,NULL,NULL,NULL,NULL,NULL
48181,2023,TX,Grayson,3,Metro,"Metro - Counties in metro areas of fewer than 250,000 population",44,3,0,28.8941,6,7.6769,15228,32990,15072.25,3639.28,1699.64,0.241456,0.112766,665.88,0.2020,NULL,NULL,NULL,NULL,NULL,NULL,NULL,NULL,NULL,NULL,NULL,NULL,NULL,NULL,NULL
48183,2023,TX,Gregg,2,Metro,"Metro - Counties in metro areas of 250,000 to 1 million population",49,5,0,42.2305,8,14.0033,11603,27673,14302.14,3362.26,2199.42,0.235088,0.153783,719.99,0.1849,NULL,NULL,NULL,NULL,NULL,NULL,NULL,NULL,NULL,NULL,NULL,NULL,NULL,NULL,NULL
48185,2023,TX,Grimes,6,Nonmetro,"Nonmetro - Urban population of 5,000 to 20,000, adjacent to a metro area",3,0,0,10.2215,0,1.3928,2935,7139,12686.77,3061.46,2280.62,0.241311,0.179764,607.50,0.1788,NULL,NULL,NULL,NULL,NULL,NULL,NULL,NULL,NULL,NULL,NULL,NULL,NULL,NULL,NULL
48187,2023,TX,Guadalupe,1,Metro,Metro - Counties in metro areas of 1 million population or more,22,0,0,14.3164,4,3.2897,15367,32636,11739.31,2190.76,1408.81,0.186617,0.120008,524.83,0.1801,NULL,NULL,NULL,NULL,NULL,NULL,NULL,NULL,NULL,NULL,NULL,NULL,NULL,NULL,NULL
48189,2023,TX,Hale,4,Nonmetro,"Nonmetro - Urban population of 20,000 or more, adjacent to a metro area",11,1,0,43.7376,1,13.7076,2515,5911,12174.57,2430.35,2420.02,0.199625,0.198777,618.69,0.1373,NULL,NULL,NULL,NULL,NULL,NULL,NULL,NULL,NULL,NULL,NULL,NULL,NULL,NULL,NULL
48191,2023,TX,Hall,9,Nonmetro,"Nonmetro - Urban population of fewer than 5,000, not adjacent to a metro area",1,0,0,22.9358,0,4.8853,436,811,13500.54,2683.83,1700.37,0.198794,0.125948,651.38,0.1200,NULL,NULL,NULL,NULL,NULL,NULL,NULL,NULL,NULL,NULL,NULL,NULL,NULL,NULL,NULL
48193,2023,TX,Hamilton,8,Nonmetro,"Nonmetro - Urban population of fewer than 5,000, adjacent to a metro area",5,0,0,43.5161,1,13.7098,1149,2503,12202.10,1694.36,3658.20,0.138858,0.299801,663.19,0.1190,NULL,NULL,NULL,NULL,NULL,NULL,NULL,NULL,NULL,NULL,NULL,NULL,NULL,NULL,NULL
48195,2023,TX,Hansford,9,Nonmetro,"Nonmetro - Urban population of fewer than 5,000, not adjacent to a metro area",1,0,0,15.6250,0,2.2739,640,959,12819.12,2237.21,2480.68,0.174521,0.193514,687.50,0.2083,NULL,NULL,NULL,NULL,NULL,NULL,NULL,NULL,NULL,NULL,NULL,NULL,NULL,NULL,NULL
48197,2023,TX,Hardeman,9,Nonmetro,"Nonmetro - Urban population of fewer than 5,000, not adjacent to a metro area",1,0,0,17.4520,0,3.1254,573,1012,15496.89,2736.95,2725.59,0.176613,0.175880,677.14,0.2017,NULL,NULL,NULL,NULL,NULL,NULL,NULL,NULL,NULL,NULL,NULL,NULL,NULL,NULL,NULL
48199,2023,TX,Hardin,2,Metro,"Metro - Counties in metro areas of 250,000 to 1 million population",13,0,0,26.0208,1,5.6680,4996,13074,14369.26,2784.78,2486.71,0.193801,0.173058,632.31,0.1821,NULL,NULL,NULL,NULL,NULL,NULL,NULL,NULL,NULL,NULL,NULL,NULL,NULL,NULL,NULL
48201,2023,TX,Harris,1,Metro,Metro - Counties in metro areas of 1 million population or more,1792,55,0,95.9751,248,26.5946,186715,641854,14110.48,3344.64,2218.49,0.237032,0.157223,552.66,0.1862,NULL,NULL,NULL,NULL,NULL,NULL,NULL,NULL,NULL,NULL,NULL,NULL,NULL,NULL,NULL
48203,2023,TX,Harrison,2,Metro,"Metro - Counties in metro areas of 250,000 to 1 million population",12,2,0,19.0416,2,6.0613,6302,14756,12971.78,3166.03,2217.40,0.244071,0.170940,665.19,0.1704,NULL,NULL,NULL,NULL,NULL,NULL,NULL,NULL,NULL,NULL,NULL,NULL,NULL,NULL,NULL
48205,2023,TX,Hartley,9,Nonmetro,"Nonmetro - Urban population of fewer than 5,000, not adjacent to a metro area",NULL,NULL,NULL,NULL,NULL,NULL,404,637,11442.65,1410.50,2281.23,0.123267,0.199362,500.00,NULL,NULL,NULL,NULL,NULL,NULL,NULL,NULL,NULL,NULL,NULL,NULL,NULL,NULL,NULL,NULL
48207,2023,TX,Haskell,8,Nonmetro,"Nonmetro - Urban population of fewer than 5,000, adjacent to a metro area",3,0,0,35.3774,0,3.4625,848,1460,14994.98,2762.72,2040.28,0.184243,0.136064,620.28,0.0890,NULL,NULL,NULL,NULL,NULL,NULL,NULL,NULL,NULL,NULL,NULL,NULL,NULL,NULL,NULL
48209,2023,TX,Hays,1,Metro,Metro - Counties in metro areas of 1 million population or more,47,2,0,27.1143,6,2.9497,17334,39488,12502.12,2383.39,1547.31,0.190639,0.123764,480.10,0.1499,NULL,NULL,NULL,NULL,NULL,NULL,NULL,NULL,NULL,NULL,NULL,NULL,NULL,NULL,NULL
48211,2023,TX,Hemphill,9,Nonmetro,"Nonmetro - Urban population of fewer than 5,000, not adjacent to a metro area",1,0,0,20.5761,0,-0.3007,486,709,11748.77,2466.13,2481.04,0.209905,0.211174,683.13,0.1237,NULL,NULL,NULL,NULL,NULL,NULL,NULL,NULL,NULL,NULL,NULL,NULL,NULL,NULL,NULL
48213,2023,TX,Henderson,4,Nonmetro,"Nonmetro - Urban population of 20,000 or more, adjacent to a metro area",32,4,0,33.3820,8,13.4766,9586,23155,13322.03,2919.14,2644.01,0.219121,0.198469,694.76,0.1625,NULL,NULL,NULL,NULL,NULL,NULL,NULL,NULL,NULL,NULL,NULL,NULL,NULL,NULL,NULL
48215,2023,TX,Hidalgo,2,Metro,"Metro - Counties in metro areas of 250,000 to 1 million population",263,1,0,113.4795,16,49.2953,23176,121012,13402.60,3203.35,1651.61,0.239010,0.123231,615.16,0.1984,NULL,NULL,NULL,NULL,NULL,NULL,NULL,NULL,NULL,NULL,NULL,NULL,NULL,NULL,NULL
48217,2023,TX,Hill,6,Nonmetro,"Nonmetro - Urban population of 5,000 to 20,000, adjacent to a metro area",14,2,0,37.0175,4,17.1051,3782,9741,12626.57,2763.23,1628.59,0.218842,0.128981,569.01,0.1581,NULL,NULL,NULL,NULL,NULL,NULL,NULL,NULL,NULL,NULL,NULL,NULL,NULL,NULL,NULL
48219,2023,TX,Hockley,2,Metro,"Metro - Counties in metro areas of 250,000 to 1 million population",3,0,0,17.0551,0,3.4187,1759,4290,12928.28,2622.03,2325.30,0.202814,0.179862,617.96,0.1382,NULL,NULL,NULL,NULL,NULL,NULL,NULL,NULL,NULL,NULL,NULL,NULL,NULL,NULL,NULL
48221,2023,TX,Hood,4,Nonmetro,"Nonmetro - Urban population of 20,000 or more, adjacent to a metro area",13,1,0,14.0358,2,3.3810,9262,20085,11644.69,2422.08,1848.25,0.207999,0.158720,529.69,0.1473,NULL,NULL,NULL,NULL,NULL,NULL,NULL,NULL,NULL,NULL,NULL,NULL,NULL,NULL,NULL
48223,2023,TX,Hopkins,6,Nonmetro,"Nonmetro - Urban population of 5,000 to 20,000, adjacent to a metro area",20,1,0,44.6229,1,10.3702,4482,8701,13153.74,2833.94,2311.75,0.215447,0.175748,720.88,0.1454,NULL,NULL,NULL,NULL,NULL,NULL,NULL,NULL,NULL,NULL,NULL,NULL,NULL,NULL,NULL
48225,2023,TX,Houston,7,Nonmetro,"Nonmetro - Urban population of 5,000 to 20,000, not adjacent to a metro area",6,0,0,22.0022,1,7.3866,2727,5958,12980.84,3105.99,1847.98,0.239275,0.142362,600.66,0.1911,NULL,NULL,NULL,NULL,NULL,NULL,NULL,NULL,NULL,NULL,NULL,NULL,NULL,NULL,NULL
48227,2023,TX,Howard,4,Nonmetro,"Nonmetro - Urban population of 20,000 or more, adjacent to a metro area",10,0,0,37.2717,0,9.4321,2683,5532,11871.57,2221.04,2003.91,0.187089,0.168799,674.99,0.1925,NULL,NULL,NULL,NULL,NULL,NULL,NULL,NULL,NULL,NULL,NULL,NULL,NULL,NULL,NULL
48229,2023,TX,Hudspeth,2,Metro,"Metro - Counties in metro areas of 250,000 to 1 million population",NULL,NULL,NULL,NULL,NULL,NULL,224,788,9266.07,1858.68,1289.05,0.200590,0.139115,308.04,NULL,NULL,NULL,NULL,NULL,NULL,NULL,NULL,NULL,NULL,NULL,NULL,NULL,NULL,NULL,NULL
48231,2023,TX,Hunt,1,Metro,Metro - Counties in metro areas of 1 million population or more,30,5,0,29.9491,9,12.7796,10017,21032,13793.65,3337.00,1852.47,0.241923,0.134299,718.98,0.1890,NULL,NULL,NULL,NULL,NULL,NULL,NULL,NULL,NULL,NULL,NULL,NULL,NULL,NULL,NULL
48233,2023,TX,Hutchinson,6,Nonmetro,"Nonmetro - Urban population of 5,000 to 20,000, adjacent to a metro area",9,0,0,37.9747,0,7.7328,2370,4446,13440.49,2908.99,2314.28,0.216435,0.172187,591.56,0.1575,NULL,NULL,NULL,NULL,NULL,NULL,NULL,NULL,NULL,NULL,NULL,NULL,NULL,NULL,NULL
48235,2023,TX,Irion,3,Metro,"Metro - Counties in metro areas of fewer than 250,000 population",NULL,NULL,NULL,NULL,NULL,NULL,207,394,13563.65,2970.61,3967.02,0.219013,0.292474,473.43,NULL,NULL,NULL,NULL,NULL,NULL,NULL,NULL,NULL,NULL,NULL,NULL,NULL,NULL,NULL,NULL
48237,2023,TX,Jack,8,Nonmetro,"Nonmetro - Urban population of fewer than 5,000, adjacent to a metro area",2,0,0,18.9753,0,1.4160,1054,1809,13679.02,3059.95,2266.76,0.223697,0.165711,656.55,0.2042,NULL,NULL,NULL,NULL,NULL,NULL,NULL,NULL,NULL,NULL,NULL,NULL,NULL,NULL,NULL
48239,2023,TX,Jackson,6,Nonmetro,"Nonmetro - Urban population of 5,000 to 20,000, adjacent to a metro area",6,0,0,36.1664,0,7.4720,1659,3497,14607.21,2653.96,2516.34,0.181688,0.172267,652.80,0.2258,NULL,NULL,NULL,NULL,NULL,NULL,NULL,NULL,NULL,NULL,NULL,NULL,NULL,NULL,NULL
48241,2023,TX,Jasper,6,Nonmetro,"Nonmetro - Urban population of 5,000 to 20,000, adjacent to a metro area",10,0,0,24.0790,1,6.3764,4153,9239,13798.68,3087.35,2065.60,0.223742,0.149695,704.31,0.1837,NULL,NULL,NULL,NULL,NULL,NULL,NULL,NULL,NULL,NULL,NULL,NULL,NULL,NULL,NULL
48243,2023,TX,Jeff Davis,9,Nonmetro,"Nonmetro - Urban population of fewer than 5,000, not adjacent to a metro area",NULL,NULL,NULL,NULL,NULL,NULL,398,755,9667.55,1902.97,1912.03,0.196841,0.197778,500.00,NULL,NULL,NULL,NULL,NULL,NULL,NULL,NULL,NULL,NULL,NULL,NULL,NULL,NULL,NULL,NULL
48245,2023,TX,Jefferson,2,Metro,"Metro - Counties in metro areas of 250,000 to 1 million population",69,2,0,44.1092,4,12.9162,15643,46869,14500.98,2838.52,2284.49,0.195747,0.157540,639.90,0.1712,NULL,NULL,NULL,NULL,NULL,NULL,NULL,NULL,NULL,NULL,NULL,NULL,NULL,NULL,NULL
48247,2023,TX,Jim Hogg,8,Nonmetro,"Nonmetro - Urban population of fewer than 5,000, adjacent to a metro area",2,0,0,61.7284,0,25.4308,324,1021,18045.82,4364.85,1087.51,0.241876,0.060264,956.79,0.2752,NULL,NULL,NULL,NULL,NULL,NULL,NULL,NULL,NULL,NULL,NULL,NULL,NULL,NULL,NULL
48249,2023,TX,Jim Wells,6,Nonmetro,"Nonmetro - Urban population of 5,000 to 20,000, adjacent to a metro area",7,0,0,29.2642,1,11.9432,2392,8774,16926.75,3307.72,1385.84,0.195414,0.081873,844.90,0.1713,NULL,NULL,NULL,NULL,NULL,NULL,NULL,NULL,NULL,NULL,NULL,NULL,NULL,NULL,NULL
48251,2023,TX,Johnson,1,Metro,Metro - Counties in metro areas of 1 million population or more,39,1,0,32.7566,5,7.4947,11906,36030,14256.17,3345.21,1535.11,0.234650,0.107680,748.36,0.1863,NULL,NULL,NULL,NULL,NULL,NULL,NULL,NULL,NULL,NULL,NULL,NULL,NULL,NULL,NULL
48253,2023,TX,Jones,3,Metro,"Metro - Counties in metro areas of fewer than 250,000 population",4,0,0,21.4823,0,3.8066,1862,3686,12243.98,2728.59,2292.24,0.222852,0.187214,673.47,0.1432,NULL,NULL,NULL,NULL,NULL,NULL,NULL,NULL,NULL,NULL,NULL,NULL,NULL,NULL,NULL
48255,2023,TX,Karnes,8,Nonmetro,"Nonmetro - Urban population of fewer than 5,000, adjacent to a metro area",5,0,0,37.9651,0,9.8278,1317,2968,13099.31,2218.57,2336.86,0.169365,0.178396,641.61,0.1614,NULL,NULL,NULL,NULL,NULL,NULL,NULL,NULL,NULL,NULL,NULL,NULL,NULL,NULL,NULL
48257,2023,TX,Kaufman,1,Metro,Metro - Counties in metro areas of 1 million population or more,26,3,0,26.2626,6,9.0093,9900,25437,13256.31,2928.43,1811.39,0.220908,0.136644,679.70,0.1971,NULL,NULL,NULL,NULL,NULL,NULL,NULL,NULL,NULL,NULL,NULL,NULL,NULL,NULL,NULL
48259,2023,TX,Kendall,1,Metro,Metro - Counties in metro areas of 1 million population or more,14,2,0,20.4499,3,3.5346,6846,12976,11969.40,2453.24,1181.59,0.204959,0.098718,458.37,0.1464,NULL,NULL,NULL,NULL,NULL,NULL,NULL,NULL,NULL,NULL,NULL,NULL,NULL,NULL,NULL
48261,2023,TX,Kenedy,9,Nonmetro,"Nonmetro - Urban population of fewer than 5,000, not adjacent to a metro area",NULL,NULL,NULL,NULL,NULL,NULL,22,55,15660.13,NULL,1832.91,NULL,0.117043,818.18,NULL,NULL,NULL,NULL,NULL,NULL,NULL,NULL,NULL,NULL,NULL,NULL,NULL,NULL,NULL,NULL
48263,2023,TX,Kent,9,Nonmetro,"Nonmetro - Urban population of fewer than 5,000, not adjacent to a metro area",NULL,NULL,NULL,NULL,NULL,NULL,109,211,12307.69,2177.28,3523.38,0.176904,0.286275,321.10,0.0000,NULL,NULL,NULL,NULL,NULL,NULL,NULL,NULL,NULL,NULL,NULL,NULL,NULL,NULL,NULL
48265,2023,TX,Kerr,4,Nonmetro,"Nonmetro - Urban population of 20,000 or more, adjacent to a metro area",17,2,0,15.8612,2,2.9967,10718,18075,11262.75,2181.19,1946.94,0.193664,0.172865,547.68,0.1381,NULL,NULL,NULL,NULL,NULL,NULL,NULL,NULL,NULL,NULL,NULL,NULL,NULL,NULL,NULL
48267,2023,TX,Kimble,9,Nonmetro,"Nonmetro - Urban population of fewer than 5,000, not adjacent to a metro area",5,1,0,57.4053,3,35.6188,871,1354,12403.31,2415.55,2531.66,0.194750,0.204112,586.68,0.1297,NULL,NULL,NULL,NULL,NULL,NULL,NULL,NULL,NULL,NULL,NULL,NULL,NULL,NULL,NULL
48269,2023,TX,King,9,Nonmetro,"Nonmetro - Urban population of fewer than 5,000, not adjacent to a metro area",NULL,NULL,NULL,NULL,NULL,NULL,14,38,7539.50,NULL,NULL,NULL,NULL,NULL,NULL,NULL,NULL,NULL,NULL,NULL,NULL,NULL,NULL,NULL,NULL,NULL,NULL,NULL,NULL,NULL
48271,2023,TX,Kinney,9,Nonmetro,"Nonmetro - Urban population of fewer than 5,000, not adjacent to a metro area",1,0,0,20.0000,0,2.5175,500,974,11326.57,3065.18,1889.98,0.270619,0.166863,666.00,0.1238,NULL,NULL,NULL,NULL,NULL,NULL,NULL,NULL,NULL,NULL,NULL,NULL,NULL,NULL,NULL
48273,2023,TX,Kleberg,4,Nonmetro,"Nonmetro - Urban population of 20,000 or more, adjacent to a metro area",6,0,0,38.8098,0,10.7199,1546,5464,12578.17,2356.16,1262.95,0.187321,0.100408,688.23,0.1636,NULL,NULL,NULL,NULL,NULL,NULL,NULL,NULL,NULL,NULL,NULL,NULL,NULL,NULL,NULL
48275,2023,TX,Knox,9,Nonmetro,"Nonmetro - Urban population of fewer than 5,000, not adjacent to a metro area",3,0,0,56.4972,0,7.0738,531,915,14004.72,3176.17,2255.50,0.226793,0.161053,725.05,0.1260,NULL,NULL,NULL,NULL,NULL,NULL,NULL,NULL,NULL,NULL,NULL,NULL,NULL,NULL,NULL
48277,2023,TX,Lamar,5,Nonmetro,"Nonmetro - Urban population of 20,000 or more, not adjacent to a metro area",15,1,0,21.2014,1,5.3266,7075,12214,15164.13,3262.29,1359.60,0.215132,0.089659,655.69,0.1884,NULL,NULL,NULL,NULL,NULL,NULL,NULL,NULL,NULL,NULL,NULL,NULL,NULL,NULL,NULL
48279,2023,TX,Lamb,6,Nonmetro,"Nonmetro - Urban population of 5,000 to 20,000, adjacent to a metro area",6,0,0,46.9851,0,10.3997,1277,2806,12632.69,2771.49,2141.09,0.219390,0.169488,595.93,0.1514,NULL,NULL,NULL,NULL,NULL,NULL,NULL,NULL,NULL,NULL,NULL,NULL,NULL,NULL,NULL
48281,2023,TX,Lampasas,2,Metro,"Metro - Counties in metro areas of 250,000 to 1 million population",4,0,0,12.9618,0,0.7481,3086,6184,12199.17,2784.54,2497.04,0.228257,0.204689,617.63,0.1794,NULL,NULL,NULL,NULL,NULL,NULL,NULL,NULL,NULL,NULL,NULL,NULL,NULL,NULL,NULL
48283,2023,TX,La Salle,8,Nonmetro,"Nonmetro - Urban population of fewer than 5,000, adjacent to a metro area",1,0,0,23.3645,0,6.9171,428,1206,13913.09,3108.85,1256.88,0.223448,0.090338,735.98,0.1321,NULL,NULL,NULL,NULL,NULL,NULL,NULL,NULL,NULL,NULL,NULL,NULL,NULL,NULL,NULL
48285,2023,TX,Lavaca,8,Nonmetro,"Nonmetro - Urban population of fewer than 5,000, adjacent to a metro area",6,0,0,16.8350,0,1.7102,3564,5920,14395.43,2635.49,3351.60,0.183078,0.232824,626.82,0.1373,NULL,NULL,NULL,NULL,NULL,NULL,NULL,NULL,NULL,NULL,NULL,NULL,NULL,NULL,NULL
48287,2023,TX,Lee,8,Nonmetro,"Nonmetro - Urban population of fewer than 5,000, adjacent to a metro area",3,0,0,15.8311,0,2.4740,1895,4151,12110.03,2924.83,1739.32,0.241521,0.143626,507.65,0.1518,NULL,NULL,NULL,NULL,NULL,NULL,NULL,NULL,NULL,NULL,NULL,NULL,NULL,NULL,NULL
48289,2023,TX,Leon,8,Nonmetro,"Nonmetro - Urban population of fewer than 5,000, adjacent to a metro area",4,0,0,15.6067,0,2.6197,2563,5648,12580.43,2927.41,2140.60,0.232696,0.170153,570.82,0.1710,NULL,NULL,NULL,NULL,NULL,NULL,NULL,NULL,NULL,NULL,NULL,NULL,NULL,NULL,NULL
48291,2023,TX,Liberty,1,Metro,Metro - Counties in metro areas of 1 million population or more,24,0,0,49.6278,3,15.9524,4836,16013,15527.82,3854.37,2258.35,0.248224,0.145439,699.96,0.2130,NULL,NULL,NULL,NULL,NULL,NULL,NULL,NULL,NULL,NULL,NULL,NULL,NULL,NULL,NULL
48293,2023,TX,Limestone,6,Nonmetro,"Nonmetro - Urban population of 5,000 to 20,000, adjacent to a metro area",9,0,0,37.2055,0,7.7070,2419,5609,13112.10,2585.37,2166.60,0.197174,0.165237,645.31,0.1655,NULL,NULL,NULL,NULL,NULL,NULL,NULL,NULL,NULL,NULL,NULL,NULL,NULL,NULL,NULL
48295,2023,TX,Lipscomb,9,Nonmetro,"Nonmetro - Urban population of fewer than 5,000, not adjacent to a metro area",NULL,NULL,NULL,NULL,NULL,NULL,413,675,11737.38,2507.39,2801.49,0.213624,0.238681,704.60,NULL,NULL,NULL,NULL,NULL,NULL,NULL,NULL,NULL,NULL,NULL,NULL,NULL,NULL,NULL,NULL
48297,2023,TX,Live Oak,8,Nonmetro,"Nonmetro - Urban population of fewer than 5,000, adjacent to a metro area",1,0,0,8.5470,0,1.5047,1170,2774,11167.43,2422.40,1210.99,0.216917,0.108439,515.38,0.1810,NULL,NULL,NULL,NULL,NULL,NULL,NULL,NULL,NULL,NULL,NULL,NULL,NULL,NULL,NULL
48299,2023,TX,Llano,7,Nonmetro,"Nonmetro - Urban population of 5,000 to 20,000, not adjacent to a metro area",7,0,0,15.4594,1,2.7097,4528,8771,12840.74,2445.97,2486.08,0.190485,0.193609,534.23,0.1572,NULL,NULL,NULL,NULL,NULL,NULL,NULL,NULL,NULL,NULL,NULL,NULL,NULL,NULL,NULL
48301,2023,TX,Loving,9,Nonmetro,"Nonmetro - Urban population of fewer than 5,000, not adjacent to a metro area",NULL,NULL,NULL,NULL,NULL,NULL,11,15,21062.61,NULL,NULL,NULL,NULL,NULL,0.0000,NULL,NULL,NULL,NULL,NULL,NULL,NULL,NULL,NULL,NULL,NULL,NULL,NULL,NULL,NULL
48303,2023,TX,Lubbock,2,Metro,"Metro - Counties in metro areas of 250,000 to 1 million population",92,3,0,42.7648,14,11.6320,21513,53306,13539.12,2609.74,2648.42,0.192756,0.195612,536.14,0.1682,NULL,NULL,NULL,NULL,NULL,NULL,NULL,NULL,NULL,NULL,NULL,NULL,NULL,NULL,NULL
48305,2023,TX,Lynn,2,Metro,"Metro - Counties in metro areas of 250,000 to 1 million population",1,0,0,19.8807,0,4.4008,503,1146,15569.25,2413.94,4431.91,0.155045,0.284658,570.58,0.1471,NULL,NULL,NULL,NULL,NULL,NULL,NULL,NULL,NULL,NULL,NULL,NULL,NULL,NULL,NULL
48307,2023,TX,McCulloch,9,Nonmetro,"Nonmetro - Urban population of fewer than 5,000, not adjacent to a metro area",2,0,0,15.8983,0,2.9281,1258,2365,12754.21,2593.14,2933.26,0.203316,0.229984,773.45,0.1564,NULL,NULL,NULL,NULL,NULL,NULL,NULL,NULL,NULL,NULL,NULL,NULL,NULL,NULL,NULL
48309,2023,TX,McLennan,2,Metro,"Metro - Counties in metro areas of 250,000 to 1 million population",55,1,0,29.2507,4,7.2338,18803,49997,12893.87,2694.19,2071.58,0.208951,0.160664,518.48,0.1651,NULL,NULL,NULL,NULL,NULL,NULL,NULL,NULL,NULL,NULL,NULL,NULL,NULL,NULL,NULL
48311,2023,TX,McMullen,8,Nonmetro,"Nonmetro - Urban population of fewer than 5,000, adjacent to a metro area",NULL,NULL,NULL,NULL,NULL,NULL,89,181,14260.67,2714.87,1121.37,0.190375,0.078634,707.87,NULL,NULL,NULL,NULL,NULL,NULL,NULL,NULL,NULL,NULL,NULL,NULL,NULL,NULL,NULL,NULL
48313,2023,TX,Madison,8,Nonmetro,"Nonmetro - Urban population of fewer than 5,000, adjacent to a metro area",4,0,0,35.1494,0,7.6391,1138,2681,14851.20,3546.90,2229.37,0.238829,0.150114,748.68,0.1527,NULL,NULL,NULL,NULL,NULL,NULL,NULL,NULL,NULL,NULL,NULL,NULL,NULL,NULL,NULL
48315,2023,TX,Marion,8,Nonmetro,"Nonmetro - Urban population of fewer than 5,000, adjacent to a metro area",2,0,0,14.4196,0,3.3270,1387,3242,14326.75,3139.74,2266.03,0.219152,0.158168,648.88,0.1966,NULL,NULL,NULL,NULL,NULL,NULL,NULL,NULL,NULL,NULL,NULL,NULL,NULL,NULL,NULL
48317,2023,TX,Martin,3,Metro,"Metro - Counties in metro areas of fewer than 250,000 population",1,0,0,22.5734,0,4.1910,443,812,14293.17,1824.96,3050.25,0.127681,0.213406,742.66,0.1667,NULL,NULL,NULL,NULL,NULL,NULL,NULL,NULL,NULL,NULL,NULL,NULL,NULL,NULL,NULL
48319,2023,TX,Mason,9,Nonmetro,"Nonmetro - Urban population of fewer than 5,000, not adjacent to a metro area",1,0,0,11.2233,0,0.3773,891,1460,11636.70,2193.83,2141.40,0.188527,0.184021,612.79,0.1180,NULL,NULL,NULL,NULL,NULL,NULL,NULL,NULL,NULL,NULL,NULL,NULL,NULL,NULL,NULL
48321,2023,TX,Matagorda,6,Nonmetro,"Nonmetro - Urban population of 5,000 to 20,000, adjacent to a metro area",9,0,0,28.3733,2,11.7541,3172,8065,15480.76,3526.97,2743.45,0.227829,0.177217,642.50,0.1904,NULL,NULL,NULL,NULL,NULL,NULL,NULL,NULL,NULL,NULL,NULL,NULL,NULL,NULL,NULL
48323,2023,TX,Maverick,3,Metro,"Metro - Counties in metro areas of fewer than 250,000 population",9,0,0,35.4750,1,19.4429,2537,11288,13656.47,3334.56,779.03,0.244174,0.057045,656.68,0.2055,NULL,NULL,NULL,NULL,NULL,NULL,NULL,NULL,NULL,NULL,NULL,NULL,NULL,NULL,NULL
48325,2023,TX,Medina,1,Metro,Metro - Counties in metro areas of 1 million population or more,10,0,0,22.8624,1,5.0934,4374,11395,12489.55,2578.57,1276.97,0.206458,0.102243,487.43,0.1597,NULL,NULL,NULL,NULL,NULL,NULL,NULL,NULL,NULL,NULL,NULL,NULL,NULL,NULL,NULL
48327,2023,TX,Menard,9,Nonmetro,"Nonmetro - Urban population of fewer than 5,000, not adjacent to a metro area",1,0,0,25.2525,0,4.1999,396,735,11266.64,1919.85,2470.33,0.170401,0.219261,537.88,NULL,NULL,NULL,NULL,NULL,NULL,NULL,NULL,NULL,NULL,NULL,NULL,NULL,NULL,NULL,NULL
48329,2023,TX,Midland,3,Metro,"Metro - Counties in metro areas of fewer than 250,000 population",43,2,0,41.3939,9,13.3388,10388,21933,11968.36,2361.92,1462.48,0.197347,0.122196,524.36,0.1573,NULL,NULL,NULL,NULL,NULL,NULL,NULL,NULL,NULL,NULL,NULL,NULL,NULL,NULL,NULL
48331,2023,TX,Milam,6,Nonmetro,"Nonmetro - Urban population of 5,000 to 20,000, adjacent to a metro area",6,0,0,26.1666,0,7.5907,2293,6636,13667.70,2744.46,2404.28,0.200799,0.175910,549.93,0.1368,NULL,NULL,NULL,NULL,NULL,NULL,NULL,NULL,NULL,NULL,NULL,NULL,NULL,NULL,NULL
48333,2023,TX,Mills,9,Nonmetro,"Nonmetro - Urban population of fewer than 5,000, not adjacent to a metro area",3,0,0,35.9712,0,2.1493,834,1535,12601.22,1940.65,2981.03,0.154005,0.236567,500.00,0.1318,NULL,NULL,NULL,NULL,NULL,NULL,NULL,NULL,NULL,NULL,NULL,NULL,NULL,NULL,NULL
48335,2023,TX,Mitchell,7,Nonmetro,"Nonmetro - Urban population of 5,000 to 20,000, not adjacent to a metro area",5,0,0,68.1199,0,13.7721,734,1548,11758.44,1559.97,3320.52,0.132668,0.282395,825.61,0.1154,NULL,NULL,NULL,NULL,NULL,NULL,NULL,NULL,NULL,NULL,NULL,NULL,NULL,NULL,NULL
48337,2023,TX,Montague,6,Nonmetro,"Nonmetro - Urban population of 5,000 to 20,000, adjacent to a metro area",6,0,0,17.5747,1,4.4548,3414,5857,14473.16,3049.88,2254.09,0.210727,0.155743,667.25,0.1860,NULL,NULL,NULL,NULL,NULL,NULL,NULL,NULL,NULL,NULL,NULL,NULL,NULL,NULL,NULL
48339,2023,TX,Montgomery,1,Metro,Metro - Counties in metro areas of 1 million population or more,177,8,0,39.7057,39,8.4755,44578,113440,14166.70,3093.57,2210.88,0.218369,0.156062,557.32,0.1830,NULL,NULL,NULL,NULL,NULL,NULL,NULL,NULL,NULL,NULL,NULL,NULL,NULL,NULL,NULL
48341,2023,TX,Moore,7,Nonmetro,"Nonmetro - Urban population of 5,000 to 20,000, not adjacent to a metro area",6,0,0,41.3223,0,7.9890,1452,2754,10535.21,2159.72,2112.24,0.205000,0.200493,557.16,0.1423,NULL,NULL,NULL,NULL,NULL,NULL,NULL,NULL,NULL,NULL,NULL,NULL,NULL,NULL,NULL
48343,2023,TX,Morris,8,Nonmetro,"Nonmetro - Urban population of fewer than 5,000, adjacent to a metro area",7,1,0,46.6356,3,25.5163,1501,3630,12606.95,2559.17,1975.76,0.202997,0.156720,520.32,0.1656,NULL,NULL,NULL,NULL,NULL,NULL,NULL,NULL,NULL,NULL,NULL,NULL,NULL,NULL,NULL
48345,2023,TX,Motley,8,Nonmetro,"Nonmetro - Urban population of fewer than 5,000, adjacent to a metro area",1,0,0,45.4545,1,45.4545,220,376,14750.43,3260.60,2249.03,0.221051,0.152472,636.36,NULL,NULL,NULL,NULL,NULL,NULL,NULL,NULL,NULL,NULL,NULL,NULL,NULL,NULL,NULL,NULL
48347,2023,TX,Nacogdoches,5,Nonmetro,"Nonmetro - Urban population of 20,000 or more, not adjacent to a metro area",16,1,0,27.9183,1,7.6645,5731,12928,13297.57,3499.00,1956.19,0.263131,0.147109,622.75,0.1731,NULL,NULL,NULL,NULL,NULL,NULL,NULL,NULL,NULL,NULL,NULL,NULL,NULL,NULL,NULL
48349,2023,TX,Navarro,4,Nonmetro,"Nonmetro - Urban population of 20,000 or more, adjacent to a metro area",14,1,0,28.1124,1,8.1829,4980,11530,13580.91,3049.33,1687.00,0.224531,0.124218,702.61,0.1771,NULL,NULL,NULL,NULL,NULL,NULL,NULL,NULL,NULL,NULL,NULL,NULL,NULL,NULL,NULL
48351,2023,TX,Newton,8,Nonmetro,"Nonmetro - Urban population of fewer than 5,000, adjacent to a metro area",2,0,0,14.1143,0,3.3558,1417,3157,14828.82,3181.13,2513.20,0.214523,0.169481,751.59,0.2377,NULL,NULL,NULL,NULL,NULL,NULL,NULL,NULL,NULL,NULL,NULL,NULL,NULL,NULL,NULL
48353,2023,TX,Nolan,6,Nonmetro,"Nonmetro - Urban population of 5,000 to 20,000, adjacent to a metro area",6,1,0,38.4369,1,15.4272,1561,3374,12639.53,3281.47,2178.82,0.259620,0.172381,737.35,0.1885,NULL,NULL,NULL,NULL,NULL,NULL,NULL,NULL,NULL,NULL,NULL,NULL,NULL,NULL,NULL
48355,2023,TX,Nueces,2,Metro,"Metro - Counties in metro areas of 250,000 to 1 million population",73,1,0,38.0525,7,9.1533,19184,67225,13112.65,2668.37,1356.23,0.203496,0.103429,578.76,0.1808,NULL,NULL,NULL,NULL,NULL,NULL,NULL,NULL,NULL,NULL,NULL,NULL,NULL,NULL,NULL
48357,2023,TX,Ochiltree,7,Nonmetro,"Nonmetro - Urban population of 5,000 to 20,000, not adjacent to a metro area",5,0,0,53.4188,0,3.8648,936,1426,12483.85,2295.58,3109.52,0.183884,0.249083,722.22,0.1088,NULL,NULL,NULL,NULL,NULL,NULL,NULL,NULL,NULL,NULL,NULL,NULL,NULL,NULL,NULL
48359,2023,TX,Oldham,2,Metro,"Metro - Counties in metro areas of 250,000 to 1 million population",NULL,NULL,NULL,NULL,NULL,NULL,249,470,10531.77,1957.59,1791.25,0.185875,0.170081,369.48,NULL,NULL,NULL,NULL,NULL,NULL,NULL,NULL,NULL,NULL,NULL,NULL,NULL,NULL,NULL,NULL
48361,2023,TX,Orange,2,Metro,"Metro - Counties in metro areas of 250,000 to 1 million population",21,0,0,30.9142,2,9.0248,6793,17569,13504.34,2547.85,2511.42,0.188669,0.185971,568.82,0.1629,NULL,NULL,NULL,NULL,NULL,NULL,NULL,NULL,NULL,NULL,NULL,NULL,NULL,NULL,NULL
48363,2023,TX,Palo Pinto,6,Nonmetro,"Nonmetro - Urban population of 5,000 to 20,000, adjacent to a metro area",7,1,0,19.1571,2,8.1098,3654,7207,13796.47,3408.64,1778.56,0.247066,0.128914,788.72,0.1822,NULL,NULL,NULL,NULL,NULL,NULL,NULL,NULL,NULL,NULL,NULL,NULL,NULL,NULL,NULL
48365,2023,TX,Panola,6,Nonmetro,"Nonmetro - Urban population of 5,000 to 20,000, adjacent to a metro area",4,0,0,15.4381,0,2.7719,2591,5682,13599.39,3165.94,2247.14,0.232800,0.165238,661.13,0.1720,NULL,NULL,NULL,NULL,NULL,NULL,NULL,NULL,NULL,NULL,NULL,NULL,NULL,NULL,NULL
48367,2023,TX,Parker,1,Metro,Metro - Counties in metro areas of 1 million population or more,32,3,0,21.0263,6,4.7804,15219,32530,12988.58,2968.37,1652.48,0.228537,0.127226,658.12,0.1757,NULL,NULL,NULL,NULL,NULL,NULL,NULL,NULL,NULL,NULL,NULL,NULL,NULL,NULL,NULL
48369,2023,TX,Parmer,9,Nonmetro,"Nonmetro - Urban population of fewer than 5,000, not adjacent to a metro area",1,0,0,10.1420,0,1.4840,986,1545,14276.67,2890.42,2434.00,0.202458,0.170488,621.70,0.1268,NULL,NULL,NULL,NULL,NULL,NULL,NULL,NULL,NULL,NULL,NULL,NULL,NULL,NULL,NULL
48371,2023,TX,Pecos,7,Nonmetro,"Nonmetro - Urban population of 5,000 to 20,000, not adjacent to a metro area",3,0,0,27.2480,0,6.8398,1101,2476,12548.28,2694.75,2032.77,0.214751,0.161996,701.18,0.1881,NULL,NULL,NULL,NULL,NULL,NULL,NULL,NULL,NULL,NULL,NULL,NULL,NULL,NULL,NULL
48373,2023,TX,Polk,6,Nonmetro,"Nonmetro - Urban population of 5,000 to 20,000, adjacent to a metro area",13,2,0,14.2450,4,6.3523,9126,20025,11302.10,2758.82,1880.62,0.244098,0.166396,516.33,0.1657,NULL,NULL,NULL,NULL,NULL,NULL,NULL,NULL,NULL,NULL,NULL,NULL,NULL,NULL,NULL
48375,2023,TX,Potter,2,Metro,"Metro - Counties in metro areas of 250,000 to 1 million population",52,2,0,59.1581,4,18.6689,8790,20629,13059.22,2901.33,1513.78,0.222167,0.115917,578.73,0.1895,NULL,NULL,NULL,NULL,NULL,NULL,NULL,NULL,NULL,NULL,NULL,NULL,NULL,NULL,NULL
48377,2023,TX,Presidio,9,Nonmetro,"Nonmetro - Urban population of fewer than 5,000, not adjacent to a metro area",4,0,0,46.8384,1,20.5226,854,1880,8197.14,2090.71,995.74,0.255054,0.121474,414.52,0.1417,NULL,NULL,NULL,NULL,NULL,NULL,NULL,NULL,NULL,NULL,NULL,NULL,NULL,NULL,NULL
48379,2023,TX,Rains,8,Nonmetro,"Nonmetro - Urban population of fewer than 5,000, adjacent to a metro area",4,1,0,23.5156,3,18.4753,1701,3589,13122.67,3118.10,2136.01,0.237612,0.162773,621.40,0.1229,NULL,NULL,NULL,NULL,NULL,NULL,NULL,NULL,NULL,NULL,NULL,NULL,NULL,NULL,NULL
48381,2023,TX,Randall,2,Metro,"Metro - Counties in metro areas of 250,000 to 1 million population",27,0,0,19.1517,1,2.0262,14098,26681,12289.48,2372.05,1517.29,0.193015,0.123463,497.87,0.1489,NULL,NULL,NULL,NULL,NULL,NULL,NULL,NULL,NULL,NULL,NULL,NULL,NULL,NULL,NULL
48383,2023,TX,Reagan,8,Nonmetro,"Nonmetro - Urban population of fewer than 5,000, adjacent to a metro area",2,0,0,82.6446,0,14.8480,242,496,15152.90,2438.72,4363.48,0.160941,0.287963,731.41,NULL,NULL,NULL,NULL,NULL,NULL,NULL,NULL,NULL,NULL,NULL,NULL,NULL,NULL,NULL,NULL
48385,2023,TX,Real,9,Nonmetro,"Nonmetro - Urban population of fewer than 5,000, not adjacent to a metro area",NULL,NULL,NULL,NULL,NULL,NULL,773,1431,13492.20,2892.41,2261.71,0.214376,0.167631,591.20,0.1611,NULL,NULL,NULL,NULL,NULL,NULL,NULL,NULL,NULL,NULL,NULL,NULL,NULL,NULL,NULL
48387,2023,TX,Red River,8,Nonmetro,"Nonmetro - Urban population of fewer than 5,000, adjacent to a metro area",3,0,0,15.5844,0,3.3345,1925,3763,14652.29,3297.02,1603.72,0.225017,0.109452,523.12,0.1448,NULL,NULL,NULL,NULL,NULL,NULL,NULL,NULL,NULL,NULL,NULL,NULL,NULL,NULL,NULL
48389,2023,TX,Reeves,7,Nonmetro,"Nonmetro - Urban population of 5,000 to 20,000, not adjacent to a metro area",8,0,0,71.2378,2,31.3442,1123,2202,13524.27,2812.41,2212.74,0.207953,0.163613,984.86,0.1863,NULL,NULL,NULL,NULL,NULL,NULL,NULL,NULL,NULL,NULL,NULL,NULL,NULL,NULL,NULL
48391,2023,TX,Refugio,8,Nonmetro,"Nonmetro - Urban population of fewer than 5,000, adjacent to a metro area",1,0,0,13.1752,0,4.0677,759,1855,18603.25,3566.74,3184.73,0.191727,0.171192,985.51,0.1835,NULL,NULL,NULL,NULL,NULL,NULL,NULL,NULL,NULL,NULL,NULL,NULL,NULL,NULL,NULL
48393,2023,TX,Roberts,9,Nonmetro,"Nonmetro - Urban population of fewer than 5,000, not adjacent to a metro area",NULL,NULL,NULL,NULL,NULL,NULL,125,195,9674.81,1500.89,1597.15,0.155134,0.165083,304.00,NULL,NULL,NULL,NULL,NULL,NULL,NULL,NULL,NULL,NULL,NULL,NULL,NULL,NULL,NULL,NULL
48395,2023,TX,Robertson,2,Metro,"Metro - Counties in metro areas of 250,000 to 1 million population",4,0,0,20.2224,0,3.6318,1978,4358,13266.46,3093.65,2210.84,0.233193,0.166649,614.76,0.1709,NULL,NULL,NULL,NULL,NULL,NULL,NULL,NULL,NULL,NULL,NULL,NULL,NULL,NULL,NULL
48397,2023,TX,Rockwall,1,Metro,Metro - Counties in metro areas of 1 million population or more,27,2,0,28.4420,3,1.3723,9493,19715,13164.04,2560.18,1779.00,0.194483,0.135141,544.61,0.1570,NULL,NULL,NULL,NULL,NULL,NULL,NULL,NULL,NULL,NULL,NULL,NULL,NULL,NULL,NULL
48399,2023,TX,Runnels,8,Nonmetro,"Nonmetro - Urban population of fewer than 5,000, adjacent to a metro area",5,0,0,29.1715,0,4.3576,1714,2715,17482.01,3123.88,3266.21,0.178691,0.186833,686.11,0.1277,NULL,NULL,NULL,NULL,NULL,NULL,NULL,NULL,NULL,NULL,NULL,NULL,NULL,NULL,NULL
48401,2023,TX,Rusk,2,Metro,"Metro - Counties in metro areas of 250,000 to 1 million population",11,0,0,24.0437,1,7.0456,4575,11179,13626.08,3055.92,2403.61,0.224270,0.176398,702.95,0.1748,NULL,NULL,NULL,NULL,NULL,NULL,NULL,NULL,NULL,NULL,NULL,NULL,NULL,NULL,NULL
48403,2023,TX,Sabine,9,Nonmetro,"Nonmetro - Urban population of fewer than 5,000, not adjacent to a metro area",3,0,0,14.2857,0,1.9502,2100,3673,14260.29,3389.26,2449.12,0.237671,0.171744,650.00,0.1818,NULL,NULL,NULL,NULL,NULL,NULL,NULL,NULL,NULL,NULL,NULL,NULL,NULL,NULL,NULL
48405,2023,TX,San Augustine,9,Nonmetro,"Nonmetro - Urban population of fewer than 5,000, not adjacent to a metro area",3,0,0,24.4300,0,6.2372,1228,2622,14256.42,3495.92,1990.16,0.245217,0.139597,739.41,0.1353,NULL,NULL,NULL,NULL,NULL,NULL,NULL,NULL,NULL,NULL,NULL,NULL,NULL,NULL,NULL
48407,2023,TX,San Jacinto,1,Metro,Metro - Counties in metro areas of 1 million population or more,4,1,0,16.7856,1,7.0358,2383,7331,14709.78,3524.89,1808.08,0.239629,0.122917,633.66,0.1981,NULL,NULL,NULL,NULL,NULL,NULL,NULL,NULL,NULL,NULL,NULL,NULL,NULL,NULL,NULL
48409,2023,TX,San Patricio,2,Metro,"Metro - Counties in metro areas of 250,000 to 1 million population",24,1,0,62.4675,3,19.6191,3842,14433,13070.62,2545.52,1744.62,0.194751,0.133476,576.78,0.1655,NULL,NULL,NULL,NULL,NULL,NULL,NULL,NULL,NULL,NULL,NULL,NULL,NULL,NULL,NULL
48411,2023,TX,San Saba,9,Nonmetro,"Nonmetro - Urban population of fewer than 5,000, not adjacent to a metro area",1,0,0,11.3250,0,1.2035,883,1637,12000.51,2346.91,2866.38,0.195568,0.238855,510.76,0.1299,NULL,NULL,NULL,NULL,NULL,NULL,NULL,NULL,NULL,NULL,NULL,NULL,NULL,NULL,NULL
48413,2023,TX,Schleicher,8,Nonmetro,"Nonmetro - Urban population of fewer than 5,000, adjacent to a metro area",NULL,NULL,NULL,NULL,NULL,NULL,379,628,15933.29,2775.57,3434.56,0.174199,0.215559,664.91,0.2179,NULL,NULL,NULL,NULL,NULL,NULL,NULL,NULL,NULL,NULL,NULL,NULL,NULL,NULL,NULL
48415,2023,TX,Scurry,7,Nonmetro,"Nonmetro - Urban population of 5,000 to 20,000, not adjacent to a metro area",6,0,0,37.2439,0,5.8467,1611,3210,13419.32,2519.52,3435.75,0.187753,0.256030,771.57,0.1572,NULL,NULL,NULL,NULL,NULL,NULL,NULL,NULL,NULL,NULL,NULL,NULL,NULL,NULL,NULL
48417,2023,TX,Shackelford,8,Nonmetro,"Nonmetro - Urban population of fewer than 5,000, adjacent to a metro area",4,0,0,82.9876,0,7.2300,482,847,14545.28,3549.63,2078.54,0.244040,0.142901,556.02,0.1522,NULL,NULL,NULL,NULL,NULL,NULL,NULL,NULL,NULL,NULL,NULL,NULL,NULL,NULL,NULL
48419,2023,TX,Shelby,7,Nonmetro,"Nonmetro - Urban population of 5,000 to 20,000, not adjacent to a metro area",8,1,0,33.1263,1,11.4343,2415,5540,14194.78,3843.82,2062.96,0.270791,0.145332,700.21,0.1938,NULL,NULL,NULL,NULL,NULL,NULL,NULL,NULL,NULL,NULL,NULL,NULL,NULL,NULL,NULL
48421,2023,TX,Sherman,9,Nonmetro,"Nonmetro - Urban population of fewer than 5,000, not adjacent to a metro area",1,0,0,38.9105,0,5.1267,257,413,10741.67,2581.28,2032.57,0.240305,0.189223,459.14,NULL,NULL,NULL,NULL,NULL,NULL,NULL,NULL,NULL,NULL,NULL,NULL,NULL,NULL,NULL,NULL
48423,2023,TX,Smith,3,Metro,"Metro - Counties in metro areas of fewer than 250,000 population",106,14,0,45.3301,26,16.8370,23384,51866,13703.92,2803.82,2869.19,0.204600,0.209370,745.17,0.1828,NULL,NULL,NULL,NULL,NULL,NULL,NULL,NULL,NULL,NULL,NULL,NULL,NULL,NULL,NULL
48425,2023,TX,Somervell,8,Nonmetro,"Nonmetro - Urban population of fewer than 5,000, adjacent to a metro area",2,0,0,18.8679,0,1.7152,1060,2322,11419.81,2719.34,1940.67,0.238125,0.169939,665.09,0.1728,NULL,NULL,NULL,NULL,NULL,NULL,NULL,NULL,NULL,NULL,NULL,NULL,NULL,NULL,NULL
48427,2023,TX,Starr,4,Nonmetro,"Nonmetro - Urban population of 20,000 or more, adjacent to a metro area",19,1,0,102.3156,3,67.4951,1857,10350,17395.38,4187.88,1710.20,0.240747,0.098313,803.45,0.2260,NULL,NULL,NULL,NULL,NULL,NULL,NULL,NULL,NULL,NULL,NULL,NULL,NULL,NULL,NULL
48429,2023,TX,Stephens,7,Nonmetro,"Nonmetro - Urban population of 5,000 to 20,000, not adjacent to a metro area",3,0,0,24.0770,1,10.4900,1246,2205,12760.92,2855.29,1815.49,0.223753,0.142270,695.83,0.1585,NULL,NULL,NULL,NULL,NULL,NULL,NULL,NULL,NULL,NULL,NULL,NULL,NULL,NULL,NULL
48431,2023,TX,Sterling,8,Nonmetro,"Nonmetro - Urban population of fewer than 5,000, adjacent to a metro area",1,0,0,64.5161,0,7.0448,155,247,17008.81,3514.09,3850.82,0.206604,0.226401,587.10,NULL,NULL,NULL,NULL,NULL,NULL,NULL,NULL,NULL,NULL,NULL,NULL,NULL,NULL,NULL,NULL
48433,2023,TX,Stonewall,9,Nonmetro,"Nonmetro - Urban population of fewer than 5,000, not adjacent to a metro area",1,0,0,35.9712,0,-0.2607,278,406,15419.43,2864.47,3859.86,0.185770,0.250324,643.88,NULL,NULL,NULL,NULL,NULL,NULL,NULL,NULL,NULL,NULL,NULL,NULL,NULL,NULL,NULL,NULL
48435,2023,TX,Sutton,9,Nonmetro,"Nonmetro - Urban population of fewer than 5,000, not adjacent to a metro area",4,0,0,73.6648,1,25.4333,543,873,11716.63,1911.32,2772.29,0.163129,0.236612,570.90,NULL,NULL,NULL,NULL,NULL,NULL,NULL,NULL,NULL,NULL,NULL,NULL,NULL,NULL,NULL,NULL
48437,2023,TX,Swisher,8,Nonmetro,"Nonmetro - Urban population of fewer than 5,000, adjacent to a metro area",2,0,0,23.8663,0,5.1922,838,1470,13362.37,2144.59,2356.02,0.160495,0.176318,569.21,0.1409,NULL,NULL,NULL,NULL,NULL,NULL,NULL,NULL,NULL,NULL,NULL,NULL,NULL,NULL,NULL
48439,2023,TX,Tarrant,1,Metro,Metro - Counties in metro areas of 1 million population or more,632,12,0,60.1263,67,13.6415,105112,315893,13673.12,3077.94,1477.65,0.225109,0.108070,647.63,0.1900,NULL,NULL,NULL,NULL,NULL,NULL,NULL,NULL,NULL,NULL,NULL,NULL,NULL,NULL,NULL
48441,2023,TX,Taylor,3,Metro,"Metro - Counties in metro areas of fewer than 250,000 population",42,0,0,29.9209,6,7.8972,14037,28056,13940.22,3243.16,2084.86,0.232648,0.149557,696.80,0.1813,NULL,NULL,NULL,NULL,NULL,NULL,NULL,NULL,NULL,NULL,NULL,NULL,NULL,NULL,NULL
48443,2023,TX,Terrell,9,Nonmetro,"Nonmetro - Urban population of fewer than 5,000, not adjacent to a metro area",NULL,NULL,NULL,NULL,NULL,NULL,121,256,9754.00,2759.80,1636.43,0.282940,0.167770,537.19,NULL,NULL,NULL,NULL,NULL,NULL,NULL,NULL,NULL,NULL,NULL,NULL,NULL,NULL,NULL,NULL
48445,2023,TX,Terry,6,Nonmetro,"Nonmetro - Urban population of 5,000 to 20,000, adjacent to a metro area",2,0,0,25.1256,0,7.9287,796,2105,14947.68,3151.13,2039.49,0.210811,0.136442,489.95,0.2353,NULL,NULL,NULL,NULL,NULL,NULL,NULL,NULL,NULL,NULL,NULL,NULL,NULL,NULL,NULL
48447,2023,TX,Throckmorton,9,Nonmetro,"Nonmetro - Urban population of fewer than 5,000, not adjacent to a metro area",0,0,0,0.0000,0,0.0000,269,412,16215.01,3434.57,4141.10,0.211814,0.255387,724.91,NULL,NULL,NULL,NULL,NULL,NULL,NULL,NULL,NULL,NULL,NULL,NULL,NULL,NULL,NULL,NULL
48449,2023,TX,Titus,7,Nonmetro,"Nonmetro - Urban population of 5,000 to 20,000, not adjacent to a metro area",11,1,0,39.5826,1,10.1102,2779,6012,12548.23,2920.88,2179.50,0.232772,0.173690,585.46,0.1604,NULL,NULL,NULL,NULL,NULL,NULL,NULL,NULL,NULL,NULL,NULL,NULL,NULL,NULL,NULL
48451,2023,TX,Tom Green,3,Metro,"Metro - Counties in metro areas of fewer than 250,000 population",33,3,0,28.5368,6,9.3661,11564,24729,12915.86,2810.73,3084.47,0.217618,0.238813,589.33,0.1612,NULL,NULL,NULL,NULL,NULL,NULL,NULL,NULL,NULL,NULL,NULL,NULL,NULL,NULL,NULL
48453,2023,TX,Travis,1,Metro,Metro - Counties in metro areas of 1 million population or more,289,3,0,43.4861,46,12.1207,66458,156605,12392.22,2579.30,1381.54,0.208139,0.111484,507.27,0.1624,NULL,NULL,NULL,NULL,NULL,NULL,NULL,NULL,NULL,NULL,NULL,NULL,NULL,NULL,NULL
48455,2023,TX,Trinity,8,Nonmetro,"Nonmetro - Urban population of fewer than 5,000, adjacent to a metro area",5,1,0,28.1215,1,11.5584,1778,4727,13816.73,2917.17,1730.49,0.211133,0.125246,555.12,0.2091,NULL,NULL,NULL,NULL,NULL,NULL,NULL,NULL,NULL,NULL,NULL,NULL,NULL,NULL,NULL
48457,2023,TX,Tyler,8,Nonmetro,"Nonmetro - Urban population of fewer than 5,000, adjacent to a metro area",5,0,0,20.9205,1,8.0712,2390,5449,13770.91,2885.16,2168.25,0.209511,0.157451,624.69,0.1792,NULL,NULL,NULL,NULL,NULL,NULL,NULL,NULL,NULL,NULL,NULL,NULL,NULL,NULL,NULL
48459,2023,TX,Upshur,2,Metro,"Metro - Counties in metro areas of 250,000 to 1 million population",5,0,0,12.1065,0,2.4763,4130,9845,13222.34,3135.93,2248.06,0.237169,0.170020,586.68,0.1765,NULL,NULL,NULL,NULL,NULL,NULL,NULL,NULL,NULL,NULL,NULL,NULL,NULL,NULL,NULL
48461,2023,TX,Upton,8,Nonmetro,"Nonmetro - Urban population of fewer than 5,000, adjacent to a metro area",4,0,0,132.0132,1,46.0533,303,680,20974.96,1948.42,2573.82,0.092893,0.122709,679.87,NULL,NULL,NULL,NULL,NULL,NULL,NULL,NULL,NULL,NULL,NULL,NULL,NULL,NULL,NULL,NULL
48463,2023,TX,Uvalde,6,Nonmetro,"Nonmetro - Urban population of 5,000 to 20,000, adjacent to a metro area",8,0,0,34.7675,0,9.9690,2301,5851,11278.25,2794.54,1731.40,0.247781,0.153517,739.24,0.1577,NULL,NULL,NULL,NULL,NULL,NULL,NULL,NULL,NULL,NULL,NULL,NULL,NULL,NULL,NULL
48465,2023,TX,Val Verde,5,Nonmetro,"Nonmetro - Urban population of 20,000 or more, not adjacent to a metro area",6,0,0,17.3913,1,7.1538,3450,9084,11499.74,2836.35,1753.74,0.246645,0.152503,724.93,0.2015,NULL,NULL,NULL,NULL,NULL,NULL,NULL,NULL,NULL,NULL,NULL,NULL,NULL,NULL,NULL
48467,2023,TX,Van Zandt,8,Nonmetro,"Nonmetro - Urban population of fewer than 5,000, adjacent to a metro area",17,4,0,27.3049,5,11.9636,6226,14484,13128.79,3048.87,2270.18,0.232228,0.172916,689.21,0.1644,NULL,NULL,NULL,NULL,NULL,NULL,NULL,NULL,NULL,NULL,NULL,NULL,NULL,NULL,NULL
48469,2023,TX,Victoria,3,Metro,"Metro - Counties in metro areas of fewer than 250,000 population",27,0,0,34.2075,1,9.1303,7893,19651,14051.20,2901.57,2324.36,0.206500,0.165421,665.40,0.1811,NULL,NULL,NULL,NULL,NULL,NULL,NULL,NULL,NULL,NULL,NULL,NULL,NULL,NULL,NULL
48471,2023,TX,Walker,4,Nonmetro,"Nonmetro - Urban population of 20,000 or more, adjacent to a metro area",13,0,0,29.7960,0,4.1347,4363,12158,13804.00,3014.97,2100.94,0.218413,0.152198,667.66,0.1781,NULL,NULL,NULL,NULL,NULL,NULL,NULL,NULL,NULL,NULL,NULL,NULL,NULL,NULL,NULL
48473,2023,TX,Waller,1,Metro,Metro - Counties in metro areas of 1 million population or more,6,1,0,17.0020,2,6.6151,3529,9077,13506.68,3222.94,2028.86,0.238618,0.150212,565.03,0.2229,NULL,NULL,NULL,NULL,NULL,NULL,NULL,NULL,NULL,NULL,NULL,NULL,NULL,NULL,NULL
48475,2023,TX,Ward,6,Nonmetro,"Nonmetro - Urban population of 5,000 to 20,000, adjacent to a metro area",2,0,0,20.7684,0,4.3210,963,1988,12051.56,2254.31,1959.04,0.187055,0.162555,679.13,0.1675,NULL,NULL,NULL,NULL,NULL,NULL,NULL,NULL,NULL,NULL,NULL,NULL,NULL,NULL,NULL
48477,2023,TX,Washington,6,Nonmetro,"Nonmetro - Urban population of 5,000 to 20,000, adjacent to a metro area",11,0,0,20.9364,1,3.6652,5254,9952,11234.57,2449.27,2283.96,0.218012,0.203298,231.82,0.1323,NULL,NULL,NULL,NULL,NULL,NULL,NULL,NULL,NULL,NULL,NULL,NULL,NULL,NULL,NULL
48479,2023,TX,Webb,2,Metro,"Metro - Counties in metro areas of 250,000 to 1 million population",52,1,0,43.2900,6,18.5042,12012,38092,12935.99,2968.41,1378.25,0.229469,0.106544,627.29,0.2031,NULL,NULL,NULL,NULL,NULL,NULL,NULL,NULL,NULL,NULL,NULL,NULL,NULL,NULL,NULL
48481,2023,TX,Wharton,4,Nonmetro,"Nonmetro - Urban population of 20,000 or more, adjacent to a metro area",17,3,0,38.8216,5,16.3875,4379,9379,16104.81,3680.33,2589.18,0.228524,0.160771,691.48,0.2037,NULL,NULL,NULL,NULL,NULL,NULL,NULL,NULL,NULL,NULL,NULL,NULL,NULL,NULL,NULL
48483,2023,TX,Wheeler,9,Nonmetro,"Nonmetro - Urban population of fewer than 5,000, not adjacent to a metro area",4,0,0,51.4139,0,3.9080,778,1206,16829.48,4071.76,2617.20,0.241942,0.155513,674.81,0.1412,NULL,NULL,NULL,NULL,NULL,NULL,NULL,NULL,NULL,NULL,NULL,NULL,NULL,NULL,NULL
48485,2023,TX,Wichita,3,Metro,"Metro - Counties in metro areas of fewer than 250,000 population",40,2,0,25.8766,5,6.6985,15458,27213,15559.90,2989.81,1615.82,0.192148,0.103845,625.76,0.1869,NULL,NULL,NULL,NULL,NULL,NULL,NULL,NULL,NULL,NULL,NULL,NULL,NULL,NULL,NULL
48487,2023,TX,Wilbarger,6,Nonmetro,"Nonmetro - Urban population of 5,000 to 20,000, adjacent to a metro area",9,0,0,59.8404,1,14.9722,1504,2956,17093.07,3704.44,1776.72,0.216722,0.103944,876.33,0.2000,NULL,NULL,NULL,NULL,NULL,NULL,NULL,NULL,NULL,NULL,NULL,NULL,NULL,NULL,NULL
48489,2023,TX,Willacy,6,Nonmetro,"Nonmetro - Urban population of 5,000 to 20,000, adjacent to a metro area",8,0,0,99.8752,0,48.4283,801,3791,14296.38,3604.53,1027.64,0.252129,0.071881,604.24,0.1626,NULL,NULL,NULL,NULL,NULL,NULL,NULL,NULL,NULL,NULL,NULL,NULL,NULL,NULL,NULL
48491,2023,TX,Williamson,1,Metro,Metro - Counties in metro areas of 1 million population or more,136,6,0,31.1370,19,5.3973,43678,98286,12497.37,2489.50,1950.59,0.199202,0.156080,526.99,0.1584,NULL,NULL,NULL,NULL,NULL,NULL,NULL,NULL,NULL,NULL,NULL,NULL,NULL,NULL,NULL
48493,2023,TX,Wilson,1,Metro,Metro - Counties in metro areas of 1 million population or more,8,0,0,16.5153,0,0.2220,4844,11104,11330.24,2017.94,1472.17,0.178102,0.129933,560.69,0.1645,NULL,NULL,NULL,NULL,NULL,NULL,NULL,NULL,NULL,NULL,NULL,NULL,NULL,NULL,NULL
48495,2023,TX,Winkler,6,Nonmetro,"Nonmetro - Urban population of 5,000 to 20,000, adjacent to a metro area",6,0,0,103.9861,3,64.4604,577,1153,17140.19,2834.37,2734.10,0.165364,0.159514,720.97,0.1638,NULL,NULL,NULL,NULL,NULL,NULL,NULL,NULL,NULL,NULL,NULL,NULL,NULL,NULL,NULL
48497,2023,TX,Wise,1,Metro,Metro - Counties in metro areas of 1 million population or more,19,3,0,30.3224,6,11.9244,6266,14687,14922.25,3302.29,2136.13,0.221300,0.143151,613.31,0.1922,NULL,NULL,NULL,NULL,NULL,NULL,NULL,NULL,NULL,NULL,NULL,NULL,NULL,NULL,NULL
48499,2023,TX,Wood,6,Nonmetro,"Nonmetro - Urban population of 5,000 to 20,000, adjacent to a metro area",16,3,0,20.4839,5,8.4079,7811,16542,12642.24,2740.62,2615.54,0.216783,0.206889,482.27,0.1717,NULL,NULL,NULL,NULL,NULL,NULL,NULL,NULL,NULL,NULL,NULL,NULL,NULL,NULL,NULL
48501,2023,TX,Yoakum,9,Nonmetro,"Nonmetro - Urban population of fewer than 5,000, not adjacent to a metro area",4,0,0,56.6572,0,6.2158,706,1344,14083.60,2420.47,2786.60,0.171864,0.197861,658.64,0.1667,NULL,NULL,NULL,NULL,NULL,NULL,NULL,NULL,NULL,NULL,NULL,NULL,NULL,NULL,NULL
48503,2023,TX,Young,7,Nonmetro,"Nonmetro - Urban population of 5,000 to 20,000, not adjacent to a metro area",7,0,0,22.5080,0,2.3176,3110,4751,15263.87,2624.54,2299.92,0.171945,0.150677,677.49,0.1689,NULL,NULL,NULL,NULL,NULL,NULL,NULL,NULL,NULL,NULL,NULL,NULL,NULL,NULL,NULL
48505,2023,TX,Zapata,6,Nonmetro,"Nonmetro - Urban population of 5,000 to 20,000, adjacent to a metro area",3,0,0,47.7707,0,24.3698,628,2158,13095.32,3529.70,1449.82,0.269539,0.110713,622.61,0.1813,NULL,NULL,NULL,NULL,NULL,NULL,NULL,NULL,NULL,NULL,NULL,NULL,NULL,NULL,NULL
48507,2023,TX,Zavala,7,Nonmetro,"Nonmetro - Urban population of 5,000 to 20,000, not adjacent to a metro area",3,0,0,52.7241,0,20.3616,569,2188,13472.84,3543.67,1494.98,0.263023,0.110962,887.52,0.2114,NULL,NULL,NULL,NULL,NULL,NULL,NULL,NULL,NULL,NULL,NULL,NULL,NULL,NULL,NULL
49000,2023,UT,UNKNOWN,NULL,NULL,NULL,NULL,NULL,NULL,NULL,NULL,NULL,NULL,NULL,NULL,NULL,NULL,NULL,NULL,NULL,NULL,NULL,NULL,NULL,NULL,NULL,NULL,NULL,NULL,NULL,NULL,NULL,NULL,NULL,NULL,NULL
49001,2023,UT,Beaver,9,Nonmetro,"Nonmetro - Urban population of fewer than 5,000, not adjacent to a metro area",3,0,0,26.6430,1,7.6857,1126,1486,9628.76,1790.06,2923.55,0.185908,0.303627,452.93,0.1026,NULL,NULL,NULL,NULL,NULL,NULL,NULL,NULL,NULL,NULL,NULL,NULL,NULL,NULL,NULL
49003,2023,UT,Box Elder,4,Nonmetro,"Nonmetro - Urban population of 20,000 or more, adjacent to a metro area",8,0,0,21.3106,1,5.8546,3754,9808,10461.90,2106.47,2551.89,0.201347,0.243922,573.26,0.1334,NULL,NULL,NULL,NULL,NULL,NULL,NULL,NULL,NULL,NULL,NULL,NULL,NULL,NULL,NULL
49005,2023,UT,Cache,3,Metro,"Metro - Counties in metro areas of fewer than 250,000 population",30,0,0,53.8406,5,13.8853,5572,16944,12301.53,2559.17,2869.88,0.208037,0.233295,593.68,0.1522,NULL,NULL,NULL,NULL,NULL,NULL,NULL,NULL,NULL,NULL,NULL,NULL,NULL,NULL,NULL
49007,2023,UT,Carbon,7,Nonmetro,"Nonmetro - Urban population of 5,000 to 20,000, not adjacent to a metro area",11,0,0,39.3560,2,16.1601,2795,4966,11854.01,2410.94,2026.99,0.203386,0.170996,577.82,0.1299,NULL,NULL,NULL,NULL,NULL,NULL,NULL,NULL,NULL,NULL,NULL,NULL,NULL,NULL,NULL
49009,2023,UT,Daggett,9,Nonmetro,"Nonmetro - Urban population of fewer than 5,000, not adjacent to a metro area",NULL,NULL,NULL,NULL,NULL,NULL,165,281,8750.86,1450.86,2342.14,0.165796,0.267647,436.36,NULL,NULL,NULL,NULL,NULL,NULL,NULL,NULL,NULL,NULL,NULL,NULL,NULL,NULL,NULL,NULL
49011,2023,UT,Davis,2,Metro,"Metro - Counties in metro areas of 250,000 to 1 million population",74,0,0,40.4947,6,8.8432,18274,48007,11774.73,2289.62,2652.32,0.194452,0.225255,498.58,0.1368,NULL,NULL,NULL,NULL,NULL,NULL,NULL,NULL,NULL,NULL,NULL,NULL,NULL,NULL,NULL
49013,2023,UT,Duchesne,7,Nonmetro,"Nonmetro - Urban population of 5,000 to 20,000, not adjacent to a metro area",8,0,0,45.4545,0,7.3048,1760,3701,9312.40,1970.19,2514.85,0.211566,0.270054,605.68,0.0767,NULL,NULL,NULL,NULL,NULL,NULL,NULL,NULL,NULL,NULL,NULL,NULL,NULL,NULL,NULL
49015,2023,UT,Emery,9,Nonmetro,"Nonmetro - Urban population of fewer than 5,000, not adjacent to a metro area",4,0,0,25.0784,0,0.9092,1595,2283,9738.38,1917.08,1786.29,0.196858,0.183428,422.57,0.1235,NULL,NULL,NULL,NULL,NULL,NULL,NULL,NULL,NULL,NULL,NULL,NULL,NULL,NULL,NULL
49017,2023,UT,Garfield,9,Nonmetro,"Nonmetro - Urban population of fewer than 5,000, not adjacent to a metro area",3,0,0,33.2226,0,3.9257,903,1314,9833.46,2124.29,2462.86,0.216027,0.250457,512.74,0.0778,NULL,NULL,NULL,NULL,NULL,NULL,NULL,NULL,NULL,NULL,NULL,NULL,NULL,NULL,NULL
49019,2023,UT,Grand,7,Nonmetro,"Nonmetro - Urban population of 5,000 to 20,000, not adjacent to a metro area",5,1,0,27.1297,2,10.1422,1843,2216,8448.41,1634.31,3255.98,0.193446,0.385396,487.79,0.1357,NULL,NULL,NULL,NULL,NULL,NULL,NULL,NULL,NULL,NULL,NULL,NULL,NULL,NULL,NULL
49021,2023,UT,Iron,4,Nonmetro,"Nonmetro - Urban population of 20,000 or more, adjacent to a metro area",13,0,0,24.5329,3,7.5780,5299,10450,9982.69,1641.04,2807.23,0.164389,0.281210,551.80,0.1069,NULL,NULL,NULL,NULL,NULL,NULL,NULL,NULL,NULL,NULL,NULL,NULL,NULL,NULL,NULL
49023,2023,UT,Juab,2,Metro,"Metro - Counties in metro areas of 250,000 to 1 million population",3,0,0,27.8552,0,7.7345,1077,1909,11375.21,1974.18,3101.27,0.173551,0.272634,571.03,0.1602,NULL,NULL,NULL,NULL,NULL,NULL,NULL,NULL,NULL,NULL,NULL,NULL,NULL,NULL,NULL
49025,2023,UT,Kane,8,Nonmetro,"Nonmetro - Urban population of fewer than 5,000, adjacent to a metro area",2,0,0,10.8460,0,-0.7348,1844,2306,10142.69,1720.26,2652.62,0.169606,0.261530,567.79,0.1111,NULL,NULL,NULL,NULL,NULL,NULL,NULL,NULL,NULL,NULL,NULL,NULL,NULL,NULL,NULL
49027,2023,UT,Millard,9,Nonmetro,"Nonmetro - Urban population of fewer than 5,000, not adjacent to a metro area",9,1,0,50.2793,1,14.1129,1790,2726,10054.66,2017.47,2476.53,0.200650,0.246307,436.87,0.0977,NULL,NULL,NULL,NULL,NULL,NULL,NULL,NULL,NULL,NULL,NULL,NULL,NULL,NULL,NULL
49029,2023,UT,Morgan,2,Metro,"Metro - Counties in metro areas of 250,000 to 1 million population",3,0,0,36.8550,0,4.5622,814,1901,11123.34,2383.48,2105.61,0.214277,0.189297,402.95,0.1239,NULL,NULL,NULL,NULL,NULL,NULL,NULL,NULL,NULL,NULL,NULL,NULL,NULL,NULL,NULL
49031,2023,UT,Piute,9,Nonmetro,"Nonmetro - Urban population of fewer than 5,000, not adjacent to a metro area",NULL,NULL,NULL,NULL,NULL,NULL,311,460,9716.35,1947.71,2450.26,0.200457,0.252179,569.13,NULL,NULL,NULL,NULL,NULL,NULL,NULL,NULL,NULL,NULL,NULL,NULL,NULL,NULL,NULL,NULL
49033,2023,UT,Rich,8,Nonmetro,"Nonmetro - Urban population of fewer than 5,000, adjacent to a metro area",1,0,0,34.2466,0,2.6010,292,515,7085.48,746.75,1726.56,0.105392,0.243676,397.26,0.0000,NULL,NULL,NULL,NULL,NULL,NULL,NULL,NULL,NULL,NULL,NULL,NULL,NULL,NULL,NULL
49035,2023,UT,Salt Lake,1,Metro,Metro - Counties in metro areas of 1 million population or more,347,7,0,64.4442,45,16.0739,53845,163270,12065.66,2337.17,2654.96,0.193704,0.220043,527.33,0.1357,NULL,NULL,NULL,NULL,NULL,NULL,NULL,NULL,NULL,NULL,NULL,NULL,NULL,NULL,NULL
49037,2023,UT,San Juan,9,Nonmetro,"Nonmetro - Urban population of fewer than 5,000, not adjacent to a metro area",8,0,0,40.5063,2,9.7055,1975,2480,10761.34,2219.01,3094.23,0.206202,0.287532,565.57,0.1640,NULL,NULL,NULL,NULL,NULL,NULL,NULL,NULL,NULL,NULL,NULL,NULL,NULL,NULL,NULL
49039,2023,UT,Sanpete,6,Nonmetro,"Nonmetro - Urban population of 5,000 to 20,000, adjacent to a metro area",13,0,0,46.5616,1,14.5360,2792,5546,11211.19,2299.35,2664.04,0.205094,0.237623,543.70,0.1206,NULL,NULL,NULL,NULL,NULL,NULL,NULL,NULL,NULL,NULL,NULL,NULL,NULL,NULL,NULL
49041,2023,UT,Sevier,7,Nonmetro,"Nonmetro - Urban population of 5,000 to 20,000, not adjacent to a metro area",11,1,0,41.4938,3,18.4855,2651,4728,10905.21,2119.43,2911.39,0.194350,0.266972,524.71,0.1073,NULL,NULL,NULL,NULL,NULL,NULL,NULL,NULL,NULL,NULL,NULL,NULL,NULL,NULL,NULL
49043,2023,UT,Summit,4,Nonmetro,"Nonmetro - Urban population of 20,000 or more, adjacent to a metro area",17,0,0,43.9731,2,0.6831,3866,7754,9733.34,1823.44,2962.32,0.187340,0.304348,413.09,0.1080,NULL,NULL,NULL,NULL,NULL,NULL,NULL,NULL,NULL,NULL,NULL,NULL,NULL,NULL,NULL
49045,2023,UT,Tooele,1,Metro,Metro - Counties in metro areas of 1 million population or more,14,2,0,35.7416,2,9.8962,3917,9702,12231.15,2362.22,2511.15,0.193131,0.205308,547.61,0.1317,NULL,NULL,NULL,NULL,NULL,NULL,NULL,NULL,NULL,NULL,NULL,NULL,NULL,NULL,NULL
49047,2023,UT,Uintah,7,Nonmetro,"Nonmetro - Urban population of 5,000 to 20,000, not adjacent to a metro area",7,0,0,23.4663,1,3.6316,2983,5491,8910.86,2028.83,2288.51,0.227681,0.256823,621.86,0.1043,NULL,NULL,NULL,NULL,NULL,NULL,NULL,NULL,NULL,NULL,NULL,NULL,NULL,NULL,NULL
49049,2023,UT,Utah,2,Metro,"Metro - Counties in metro areas of 250,000 to 1 million population",134,3,0,55.0738,10,8.4695,24331,68223,11584.28,2177.66,2054.45,0.187984,0.177348,520.24,0.1350,NULL,NULL,NULL,NULL,NULL,NULL,NULL,NULL,NULL,NULL,NULL,NULL,NULL,NULL,NULL
49051,2023,UT,Wasatch,4,Nonmetro,"Nonmetro - Urban population of 20,000 or more, adjacent to a metro area",8,0,0,34.5274,1,3.3053,2317,5593,10058.76,1830.37,2820.37,0.181968,0.280389,407.86,0.1370,NULL,NULL,NULL,NULL,NULL,NULL,NULL,NULL,NULL,NULL,NULL,NULL,NULL,NULL,NULL
49053,2023,UT,Washington,3,Metro,"Metro - Counties in metro areas of fewer than 250,000 population",54,3,0,24.3254,8,6.0591,22199,46466,11351.01,1992.42,2399.93,0.175528,0.211429,494.62,0.1235,NULL,NULL,NULL,NULL,NULL,NULL,NULL,NULL,NULL,NULL,NULL,NULL,NULL,NULL,NULL
49055,2023,UT,Wayne,9,Nonmetro,"Nonmetro - Urban population of fewer than 5,000, not adjacent to a metro area",1,0,0,18.4843,0,1.0323,541,744,9170.62,1485.88,2687.82,0.162026,0.293090,303.14,NULL,NULL,NULL,NULL,NULL,NULL,NULL,NULL,NULL,NULL,NULL,NULL,NULL,NULL,NULL,NULL
49057,2023,UT,Weber,2,Metro,"Metro - Counties in metro areas of 250,000 to 1 million population",60,1,0,37.9099,2,7.4637,15827,41575,11342.30,2135.77,2184.81,0.188301,0.192625,539.71,0.1264,NULL,NULL,NULL,NULL,NULL,NULL,NULL,NULL,NULL,NULL,NULL,NULL,NULL,NULL,NULL
50000,2023,VT,UNKNOWN,NULL,NULL,NULL,NULL,NULL,NULL,NULL,NULL,NULL,NULL,NULL,NULL,NULL,NULL,NULL,NULL,NULL,NULL,NULL,NULL,NULL,NULL,NULL,NULL,NULL,NULL,NULL,NULL,NULL,NULL,NULL,NULL,NULL
50001,2023,VT,Addison,6,Nonmetro,"Nonmetro - Urban population of 5,000 to 20,000, adjacent to a metro area",13,0,0,23.3142,0,3.5273,5576,10040,8959.49,2362.91,2437.22,0.263733,0.272027,793.22,0.1683,NULL,NULL,NULL,NULL,NULL,NULL,NULL,NULL,NULL,NULL,NULL,NULL,NULL,NULL,NULL
50003,2023,VT,Bennington,6,Nonmetro,"Nonmetro - Urban population of 5,000 to 20,000, adjacent to a metro area",14,0,0,19.9743,0,2.6647,7009,11093,9427.68,2395.89,2275.98,0.254134,0.241415,668.28,0.1776,NULL,NULL,NULL,NULL,NULL,NULL,NULL,NULL,NULL,NULL,NULL,NULL,NULL,NULL,NULL
50005,2023,VT,Caledonia,9,Nonmetro,"Nonmetro - Urban population of fewer than 5,000, not adjacent to a metro area",9,0,0,17.2712,1,4.7044,5211,8525,9742.07,2436.37,3284.61,0.250088,0.337157,615.62,0.1423,NULL,NULL,NULL,NULL,NULL,NULL,NULL,NULL,NULL,NULL,NULL,NULL,NULL,NULL,NULL
50007,2023,VT,Chittenden,3,Metro,"Metro - Counties in metro areas of fewer than 250,000 population",55,0,0,29.0513,4,7.2750,18932,34978,9155.76,2504.00,2221.00,0.273489,0.242580,591.54,0.1685,NULL,NULL,NULL,NULL,NULL,NULL,NULL,NULL,NULL,NULL,NULL,NULL,NULL,NULL,NULL
50009,2023,VT,Essex,9,Nonmetro,"Nonmetro - Urban population of fewer than 5,000, not adjacent to a metro area",2,0,0,15.9363,0,3.1404,1255,2045,8313.91,1801.80,3194.54,0.216721,0.384240,633.47,0.0732,NULL,NULL,NULL,NULL,NULL,NULL,NULL,NULL,NULL,NULL,NULL,NULL,NULL,NULL,NULL
50011,2023,VT,Franklin,3,Metro,"Metro - Counties in metro areas of fewer than 250,000 population",15,0,0,21.8531,1,4.9938,6864,11673,8709.79,2427.34,2002.74,0.278691,0.229941,787.15,0.1405,NULL,NULL,NULL,NULL,NULL,NULL,NULL,NULL,NULL,NULL,NULL,NULL,NULL,NULL,NULL
50013,2023,VT,Grand Isle,3,Metro,"Metro - Counties in metro areas of fewer than 250,000 population",2,0,0,15.6986,0,2.7536,1274,2408,8270.55,3001.82,1744.12,0.362953,0.210883,498.43,0.1949,NULL,NULL,NULL,NULL,NULL,NULL,NULL,NULL,NULL,NULL,NULL,NULL,NULL,NULL,NULL
50015,2023,VT,Lamoille,8,Nonmetro,"Nonmetro - Urban population of fewer than 5,000, adjacent to a metro area",8,0,0,21.1249,2,7.5379,3787,6208,9671.52,1955.20,3241.75,0.202161,0.335185,635.33,0.1772,NULL,NULL,NULL,NULL,NULL,NULL,NULL,NULL,NULL,NULL,NULL,NULL,NULL,NULL,NULL
50017,2023,VT,Orange,9,Nonmetro,"Nonmetro - Urban population of fewer than 5,000, not adjacent to a metro area",6,0,0,11.3165,0,1.3663,5302,8474,9213.15,2194.87,3375.41,0.238232,0.366369,602.98,0.1489,NULL,NULL,NULL,NULL,NULL,NULL,NULL,NULL,NULL,NULL,NULL,NULL,NULL,NULL,NULL
50019,2023,VT,Orleans,9,Nonmetro,"Nonmetro - Urban population of fewer than 5,000, not adjacent to a metro area",7,0,0,14.0337,1,4.3812,4988,8322,9658.72,2325.04,3416.01,0.240719,0.353671,754.41,0.1658,NULL,NULL,NULL,NULL,NULL,NULL,NULL,NULL,NULL,NULL,NULL,NULL,NULL,NULL,NULL
50021,2023,VT,Rutland,7,Nonmetro,"Nonmetro - Urban population of 5,000 to 20,000, not adjacent to a metro area",27,0,0,24.0235,1,4.9297,11239,18583,9751.59,2688.70,2609.85,0.275719,0.267633,690.81,0.1715,NULL,NULL,NULL,NULL,NULL,NULL,NULL,NULL,NULL,NULL,NULL,NULL,NULL,NULL,NULL
50023,2023,VT,Washington,4,Nonmetro,"Nonmetro - Urban population of 20,000 or more, adjacent to a metro area",19,0,0,18.1714,0,1.8132,10456,15718,8976.36,2703.34,2306.06,0.301162,0.256904,631.79,0.1646,NULL,NULL,NULL,NULL,NULL,NULL,NULL,NULL,NULL,NULL,NULL,NULL,NULL,NULL,NULL
50025,2023,VT,Windham,7,Nonmetro,"Nonmetro - Urban population of 5,000 to 20,000, not adjacent to a metro area",11,0,0,13.1171,0,1.3950,8386,13406,9202.55,2395.64,2586.10,0.260323,0.281020,636.06,0.1621,NULL,NULL,NULL,NULL,NULL,NULL,NULL,NULL,NULL,NULL,NULL,NULL,NULL,NULL,NULL
50027,2023,VT,Windsor,7,Nonmetro,"Nonmetro - Urban population of 5,000 to 20,000, not adjacent to a metro area",13,0,0,12.1894,1,2.3420,10665,17573,9851.36,2317.39,3645.57,0.235236,0.370058,649.13,0.1568,NULL,NULL,NULL,NULL,NULL,NULL,NULL,NULL,NULL,NULL,NULL,NULL,NULL,NULL,NULL
51000,2023,VA,UNKNOWN,NULL,NULL,NULL,NULL,NULL,NULL,NULL,NULL,NULL,NULL,NULL,NULL,NULL,NULL,NULL,NULL,NULL,NULL,NULL,NULL,NULL,NULL,NULL,NULL,NULL,NULL,NULL,NULL,NULL,NULL,NULL,NULL,NULL
51001,2023,VA,Accomack,9,Nonmetro,"Nonmetro - Urban population of fewer than 5,000, not adjacent to a metro area",9,1,0,15.6876,2,5.5647,5737,10320,9943.68,2285.39,2373.89,0.229833,0.238734,655.05,0.1694,NULL,NULL,NULL,NULL,NULL,NULL,NULL,NULL,NULL,NULL,NULL,NULL,NULL,NULL,NULL
51003,2023,VA,Albemarle,3,Metro,"Metro - Counties in metro areas of fewer than 250,000 population",24,1,0,14.1418,4,2.3201,16971,25154,9799.62,1844.59,2856.57,0.188231,0.291498,474.34,0.1418,NULL,NULL,NULL,NULL,NULL,NULL,NULL,NULL,NULL,NULL,NULL,NULL,NULL,NULL,NULL
51005,2023,VA,Alleghany,6,Nonmetro,"Nonmetro - Urban population of 5,000 to 20,000, adjacent to a metro area",4,0,0,14.3988,0,3.3399,2778,4716,10248.57,2328.74,2169.04,0.227226,0.211643,718.86,0.1604,NULL,NULL,NULL,NULL,NULL,NULL,NULL,NULL,NULL,NULL,NULL,NULL,NULL,NULL,NULL
51007,2023,VA,Amelia,1,Metro,Metro - Counties in metro areas of 1 million population or more,3,0,0,16.8919,1,7.4177,1776,3570,11453.53,2999.93,1667.85,0.261922,0.145619,655.97,0.1635,NULL,NULL,NULL,NULL,NULL,NULL,NULL,NULL,NULL,NULL,NULL,NULL,NULL,NULL,NULL
51009,2023,VA,Amherst,2,Metro,"Metro - Counties in metro areas of 250,000 to 1 million population",9,1,0,19.7239,2,7.6487,4563,8655,10795.71,2568.79,2251.40,0.237945,0.208546,443.57,0.1479,NULL,NULL,NULL,NULL,NULL,NULL,NULL,NULL,NULL,NULL,NULL,NULL,NULL,NULL,NULL
51011,2023,VA,Appomattox,2,Metro,"Metro - Counties in metro areas of 250,000 to 1 million population",5,0,0,20.5761,0,3.8257,2430,4493,11419.93,3039.26,2061.12,0.266136,0.180484,464.20,0.1410,NULL,NULL,NULL,NULL,NULL,NULL,NULL,NULL,NULL,NULL,NULL,NULL,NULL,NULL,NULL
51013,2023,VA,Arlington,1,Metro,Metro - Counties in metro areas of 1 million population or more,54,2,0,39.0286,8,9.9772,13836,27766,9776.49,2034.51,1703.62,0.208102,0.174257,473.04,0.1528,NULL,NULL,NULL,NULL,NULL,NULL,NULL,NULL,NULL,NULL,NULL,NULL,NULL,NULL,NULL
51015,2023,VA,Augusta,3,Metro,"Metro - Counties in metro areas of fewer than 250,000 population",14,0,0,10.9290,2,2.7962,12810,20282,9963.14,2296.85,3214.42,0.230535,0.322631,584.78,0.1437,NULL,NULL,NULL,NULL,NULL,NULL,NULL,NULL,NULL,NULL,NULL,NULL,NULL,NULL,NULL
51017,2023,VA,Bath,9,Nonmetro,"Nonmetro - Urban population of fewer than 5,000, not adjacent to a metro area",1,0,0,10.3413,0,1.4445,967,1401,10037.02,2051.14,2601.70,0.204357,0.259210,700.10,0.0987,NULL,NULL,NULL,NULL,NULL,NULL,NULL,NULL,NULL,NULL,NULL,NULL,NULL,NULL,NULL
51019,2023,VA,Bedford,2,Metro,"Metro - Counties in metro areas of 250,000 to 1 million population",19,1,0,14.6413,3,3.9640,12977,22751,9904.98,2291.50,2150.78,0.231348,0.217141,472.53,0.1495,NULL,NULL,NULL,NULL,NULL,NULL,NULL,NULL,NULL,NULL,NULL,NULL,NULL,NULL,NULL
51021,2023,VA,Bland,8,Nonmetro,"Nonmetro - Urban population of fewer than 5,000, adjacent to a metro area",2,0,0,19.9402,1,12.0662,1003,1927,11768.65,2590.05,2198.27,0.220080,0.186790,644.07,0.1800,NULL,NULL,NULL,NULL,NULL,NULL,NULL,NULL,NULL,NULL,NULL,NULL,NULL,NULL,NULL
51023,2023,VA,Botetourt,2,Metro,"Metro - Counties in metro areas of 250,000 to 1 million population",6,0,0,11.0314,0,1.2130,5439,9733,10049.15,2321.71,1907.40,0.231035,0.189807,461.48,0.1592,NULL,NULL,NULL,NULL,NULL,NULL,NULL,NULL,NULL,NULL,NULL,NULL,NULL,NULL,NULL
51025,2023,VA,Brunswick,8,Nonmetro,"Nonmetro - Urban population of fewer than 5,000, adjacent to a metro area",2,0,0,9.5147,0,2.7166,2102,4453,10692.39,2837.34,1977.49,0.265361,0.184944,588.96,0.1458,NULL,NULL,NULL,NULL,NULL,NULL,NULL,NULL,NULL,NULL,NULL,NULL,NULL,NULL,NULL
51027,2023,VA,Buchanan,9,Nonmetro,"Nonmetro - Urban population of fewer than 5,000, not adjacent to a metro area",12,0,0,51.1727,0,19.2068,2345,7037,11434.33,2906.28,2971.30,0.254171,0.259858,790.19,0.1996,NULL,NULL,NULL,NULL,NULL,NULL,NULL,NULL,NULL,NULL,NULL,NULL,NULL,NULL,NULL
51029,2023,VA,Buckingham,8,Nonmetro,"Nonmetro - Urban population of fewer than 5,000, adjacent to a metro area",7,2,0,33.9971,4,23.5076,2059,4024,11192.90,3140.19,2651.86,0.280552,0.236923,604.66,0.1729,NULL,NULL,NULL,NULL,NULL,NULL,NULL,NULL,NULL,NULL,NULL,NULL,NULL,NULL,NULL
51031,2023,VA,Campbell,2,Metro,"Metro - Counties in metro areas of 250,000 to 1 million population",9,0,0,12.3271,2,5.2385,7301,14034,11032.79,2821.06,2144.77,0.255698,0.194400,488.15,0.1748,NULL,NULL,NULL,NULL,NULL,NULL,NULL,NULL,NULL,NULL,NULL,NULL,NULL,NULL,NULL
51033,2023,VA,Caroline,8,Nonmetro,"Nonmetro - Urban population of fewer than 5,000, adjacent to a metro area",4,0,0,11.6720,0,2.3653,3427,6921,11800.74,3383.54,1745.88,0.286723,0.147947,701.49,0.2061,NULL,NULL,NULL,NULL,NULL,NULL,NULL,NULL,NULL,NULL,NULL,NULL,NULL,NULL,NULL
51035,2023,VA,Carroll,6,Nonmetro,"Nonmetro - Urban population of 5,000 to 20,000, adjacent to a metro area",6,0,0,11.2761,0,2.3195,5321,9079,10455.38,2564.34,2182.16,0.245265,0.208712,638.04,0.1813,NULL,NULL,NULL,NULL,NULL,NULL,NULL,NULL,NULL,NULL,NULL,NULL,NULL,NULL,NULL
51036,2023,VA,Charles City,1,Metro,Metro - Counties in metro areas of 1 million population or more,NULL,NULL,NULL,NULL,NULL,NULL,1019,2109,11597.41,3418.07,1910.70,0.294727,0.164752,653.58,0.1394,NULL,NULL,NULL,NULL,NULL,NULL,NULL,NULL,NULL,NULL,NULL,NULL,NULL,NULL,NULL
51037,2023,VA,Charlotte,8,Nonmetro,"Nonmetro - Urban population of fewer than 5,000, adjacent to a metro area",3,1,0,16.0171,1,8.1088,1873,3429,10853.98,2909.13,2314.67,0.268024,0.213255,663.64,0.2263,NULL,NULL,NULL,NULL,NULL,NULL,NULL,NULL,NULL,NULL,NULL,NULL,NULL,NULL,NULL
51041,2023,VA,Chesterfield,1,Metro,Metro - Counties in metro areas of 1 million population or more,78,2,0,20.1634,8,2.9648,38684,73496,11400.81,2850.07,2056.05,0.249988,0.180342,573.52,0.1664,NULL,NULL,NULL,NULL,NULL,NULL,NULL,NULL,NULL,NULL,NULL,NULL,NULL,NULL,NULL
51043,2023,VA,Clarke,1,Metro,Metro - Counties in metro areas of 1 million population or more,4,0,0,15.5400,0,0.2202,2574,4112,10003.65,2406.49,1531.25,0.240561,0.153069,494.17,0.1523,NULL,NULL,NULL,NULL,NULL,NULL,NULL,NULL,NULL,NULL,NULL,NULL,NULL,NULL,NULL
51045,2023,VA,Craig,2,Metro,"Metro - Counties in metro areas of 250,000 to 1 million population",1,0,0,13.3869,0,2.4460,747,1446,10865.66,2719.74,1986.24,0.250306,0.182800,563.59,0.1572,NULL,NULL,NULL,NULL,NULL,NULL,NULL,NULL,NULL,NULL,NULL,NULL,NULL,NULL,NULL
51047,2023,VA,Culpeper,1,Metro,Metro - Counties in metro areas of 1 million population or more,11,0,0,16.5688,1,2.7681,6639,11295,10020.67,2368.52,2457.33,0.236363,0.245226,618.77,0.1709,NULL,NULL,NULL,NULL,NULL,NULL,NULL,NULL,NULL,NULL,NULL,NULL,NULL,NULL,NULL
51049,2023,VA,Cumberland,8,Nonmetro,"Nonmetro - Urban population of fewer than 5,000, adjacent to a metro area",3,0,0,24.6305,1,12.4056,1218,2481,12030.01,3180.30,2422.46,0.264364,0.201368,628.90,0.1915,NULL,NULL,NULL,NULL,NULL,NULL,NULL,NULL,NULL,NULL,NULL,NULL,NULL,NULL,NULL
51051,2023,VA,Dickenson,9,Nonmetro,"Nonmetro - Urban population of fewer than 5,000, not adjacent to a metro area",7,0,0,55.0747,0,25.9808,1271,4914,11210.78,2573.21,2774.16,0.229530,0.247455,903.23,0.1993,NULL,NULL,NULL,NULL,NULL,NULL,NULL,NULL,NULL,NULL,NULL,NULL,NULL,NULL,NULL
51053,2023,VA,Dinwiddie,1,Metro,Metro - Counties in metro areas of 1 million population or more,3,0,0,9.2138,0,2.2565,3256,6570,11356.31,2955.72,1726.76,0.260271,0.152053,667.08,0.1765,NULL,NULL,NULL,NULL,NULL,NULL,NULL,NULL,NULL,NULL,NULL,NULL,NULL,NULL,NULL
51057,2023,VA,Essex,8,Nonmetro,"Nonmetro - Urban population of fewer than 5,000, adjacent to a metro area",3,0,0,16.7879,0,2.8797,1787,3331,12189.76,3092.92,2607.57,0.253731,0.213915,660.32,0.1658,NULL,NULL,NULL,NULL,NULL,NULL,NULL,NULL,NULL,NULL,NULL,NULL,NULL,NULL,NULL
51059,2023,VA,Fairfax,1,Metro,Metro - Counties in metro areas of 1 million population or more,239,7,0,26.9065,24,4.6279,88826,178618,9991.26,2180.63,1683.40,0.218254,0.168487,467.68,0.1567,NULL,NULL,NULL,NULL,NULL,NULL,NULL,NULL,NULL,NULL,NULL,NULL,NULL,NULL,NULL
51061,2023,VA,Fauquier,1,Metro,Metro - Counties in metro areas of 1 million population or more,18,0,0,19.9380,2,4.1011,9028,14940,10735.69,2472.03,1839.04,0.230263,0.171302,608.77,0.1641,NULL,NULL,NULL,NULL,NULL,NULL,NULL,NULL,NULL,NULL,NULL,NULL,NULL,NULL,NULL
51063,2023,VA,Floyd,3,Metro,"Metro - Counties in metro areas of fewer than 250,000 population",3,0,0,11.6868,0,1.8957,2567,4640,9760.86,2401.23,1681.02,0.246006,0.172220,537.98,0.1636,NULL,NULL,NULL,NULL,NULL,NULL,NULL,NULL,NULL,NULL,NULL,NULL,NULL,NULL,NULL
51065,2023,VA,Fluvanna,3,Metro,"Metro - Counties in metro areas of fewer than 250,000 population",4,0,0,8.7835,0,0.4153,4554,7373,10000.52,2148.88,2760.16,0.214877,0.276002,471.67,0.1497,NULL,NULL,NULL,NULL,NULL,NULL,NULL,NULL,NULL,NULL,NULL,NULL,NULL,NULL,NULL
51067,2023,VA,Franklin,2,Metro,"Metro - Counties in metro areas of 250,000 to 1 million population",11,0,0,12.9260,0,1.9073,8510,16646,9456.04,2291.24,1890.95,0.242304,0.199973,507.99,0.1642,NULL,NULL,NULL,NULL,NULL,NULL,NULL,NULL,NULL,NULL,NULL,NULL,NULL,NULL,NULL
51069,2023,VA,Frederick,3,Metro,"Metro - Counties in metro areas of fewer than 250,000 population",16,0,0,13.2166,0,1.0029,12106,20180,10010.29,2369.02,1719.95,0.236658,0.171818,525.69,0.1629,NULL,NULL,NULL,NULL,NULL,NULL,NULL,NULL,NULL,NULL,NULL,NULL,NULL,NULL,NULL
51071,2023,VA,Giles,3,Metro,"Metro - Counties in metro areas of fewer than 250,000 population",5,0,0,19.7707,1,7.8695,2529,4733,11111.05,2994.80,1979.55,0.269533,0.178160,713.33,0.1862,NULL,NULL,NULL,NULL,NULL,NULL,NULL,NULL,NULL,NULL,NULL,NULL,NULL,NULL,NULL
51073,2023,VA,Gloucester,1,Metro,Metro - Counties in metro areas of 1 million population or more,8,0,0,12.7775,0,0.7402,6261,10522,11128.08,2203.11,3250.44,0.197978,0.292094,661.56,0.1320,NULL,NULL,NULL,NULL,NULL,NULL,NULL,NULL,NULL,NULL,NULL,NULL,NULL,NULL,NULL
51075,2023,VA,Goochland,1,Metro,Metro - Counties in metro areas of 1 million population or more,3,0,0,6.6138,0,-0.4734,4536,7497,10432.90,2237.08,2128.45,0.214426,0.204013,462.96,0.1545,NULL,NULL,NULL,NULL,NULL,NULL,NULL,NULL,NULL,NULL,NULL,NULL,NULL,NULL,NULL
51077,2023,VA,Grayson,9,Nonmetro,"Nonmetro - Urban population of fewer than 5,000, not adjacent to a metro area",3,0,0,10.8538,0,2.3068,2764,4857,9799.25,2241.24,1910.73,0.228715,0.194987,589.00,0.1340,NULL,NULL,NULL,NULL,NULL,NULL,NULL,NULL,NULL,NULL,NULL,NULL,NULL,NULL,NULL
51079,2023,VA,Greene,3,Metro,"Metro - Counties in metro areas of fewer than 250,000 population",3,0,0,10.4167,0,0.8595,2880,4766,10094.25,2190.76,2807.48,0.217030,0.278127,639.24,0.1169,NULL,NULL,NULL,NULL,NULL,NULL,NULL,NULL,NULL,NULL,NULL,NULL,NULL,NULL,NULL
51081,2023,VA,Greensville,6,Nonmetro,"Nonmetro - Urban population of 5,000 to 20,000, adjacent to a metro area",NULL,NULL,NULL,NULL,NULL,NULL,988,2400,10390.43,2840.70,1657.67,0.273396,0.159538,670.04,0.2128,NULL,NULL,NULL,NULL,NULL,NULL,NULL,NULL,NULL,NULL,NULL,NULL,NULL,NULL,NULL
51083,2023,VA,Halifax,6,Nonmetro,"Nonmetro - Urban population of 5,000 to 20,000, adjacent to a metro area",11,0,0,19.1604,3,8.6741,5741,10548,9958.41,2473.88,2561.77,0.248421,0.257247,693.96,0.1716,NULL,NULL,NULL,NULL,NULL,NULL,NULL,NULL,NULL,NULL,NULL,NULL,NULL,NULL,NULL
51085,2023,VA,Hanover,1,Metro,Metro - Counties in metro areas of 1 million population or more,39,0,0,27.1323,2,1.7603,14374,25953,11842.65,2862.42,2101.97,0.241704,0.177492,565.40,0.1629,NULL,NULL,NULL,NULL,NULL,NULL,NULL,NULL,NULL,NULL,NULL,NULL,NULL,NULL,NULL
51087,2023,VA,Henrico,1,Metro,Metro - Counties in metro areas of 1 million population or more,110,1,0,33.4184,11,6.3070,32916,66472,11499.06,2661.93,1976.23,0.231491,0.171860,563.68,0.1580,NULL,NULL,NULL,NULL,NULL,NULL,NULL,NULL,NULL,NULL,NULL,NULL,NULL,NULL,NULL
51089,2023,VA,Henry,4,Nonmetro,"Nonmetro - Urban population of 20,000 or more, adjacent to a metro area",6,0,0,8.8718,0,2.7280,6763,15208,10478.50,2462.89,1962.03,0.235042,0.187243,554.19,0.1668,NULL,NULL,NULL,NULL,NULL,NULL,NULL,NULL,NULL,NULL,NULL,NULL,NULL,NULL,NULL
51091,2023,VA,Highland,8,Nonmetro,"Nonmetro - Urban population of fewer than 5,000, adjacent to a metro area",1,0,0,15.3610,0,0.6767,651,947,8278.27,1745.77,2387.19,0.210886,0.288368,482.33,NULL,NULL,NULL,NULL,NULL,NULL,NULL,NULL,NULL,NULL,NULL,NULL,NULL,NULL,NULL,NULL
51093,2023,VA,Isle of Wight,1,Metro,Metro - Counties in metro areas of 1 million population or more,7,0,0,12.4733,0,0.9658,5612,10029,10444.29,2388.97,2230.07,0.228735,0.213520,569.49,0.1788,NULL,NULL,NULL,NULL,NULL,NULL,NULL,NULL,NULL,NULL,NULL,NULL,NULL,NULL,NULL
51095,2023,VA,James City,1,Metro,Metro - Counties in metro areas of 1 million population or more,30,0,0,18.3005,4,2.6388,16393,24927,11024.02,2229.78,2709.34,0.202266,0.245767,558.78,0.1661,NULL,NULL,NULL,NULL,NULL,NULL,NULL,NULL,NULL,NULL,NULL,NULL,NULL,NULL,NULL
51097,2023,VA,King and Queen,1,Metro,Metro - Counties in metro areas of 1 million population or more,NULL,NULL,NULL,NULL,NULL,NULL,1120,2008,10945.39,2504.36,2686.19,0.228805,0.245417,600.89,0.1310,NULL,NULL,NULL,NULL,NULL,NULL,NULL,NULL,NULL,NULL,NULL,NULL,NULL,NULL,NULL
51099,2023,VA,King George,8,Nonmetro,"Nonmetro - Urban population of fewer than 5,000, adjacent to a metro area",2,0,0,7.1023,0,0.7672,2816,4882,11701.86,2904.49,1618.12,0.248208,0.138279,605.47,0.1925,NULL,NULL,NULL,NULL,NULL,NULL,NULL,NULL,NULL,NULL,NULL,NULL,NULL,NULL,NULL
51101,2023,VA,King William,1,Metro,Metro - Counties in metro areas of 1 million population or more,3,0,0,13.1694,1,5.6478,2278,4125,11408.46,2751.89,2130.07,0.241215,0.186710,597.45,0.1444,NULL,NULL,NULL,NULL,NULL,NULL,NULL,NULL,NULL,NULL,NULL,NULL,NULL,NULL,NULL
51103,2023,VA,Lancaster,9,Nonmetro,"Nonmetro - Urban population of fewer than 5,000, not adjacent to a metro area",10,1,0,33.2005,1,8.1029,3012,4776,10732.67,2593.98,2813.18,0.241690,0.262114,590.31,0.1378,NULL,NULL,NULL,NULL,NULL,NULL,NULL,NULL,NULL,NULL,NULL,NULL,NULL,NULL,NULL
51105,2023,VA,Lee,8,Nonmetro,"Nonmetro - Urban population of fewer than 5,000, adjacent to a metro area",7,0,0,38.8457,0,16.5811,1802,6698,10270.63,2578.00,1739.07,0.251007,0.169325,738.07,0.1922,NULL,NULL,NULL,NULL,NULL,NULL,NULL,NULL,NULL,NULL,NULL,NULL,NULL,NULL,NULL
51107,2023,VA,Loudoun,1,Metro,Metro - Counties in metro areas of 1 million population or more,88,4,0,34.2733,10,3.7569,25676,50246,10953.68,2426.84,1493.23,0.221555,0.136322,518.66,0.1440,NULL,NULL,NULL,NULL,NULL,NULL,NULL,NULL,NULL,NULL,NULL,NULL,NULL,NULL,NULL
51109,2023,VA,Louisa,8,Nonmetro,"Nonmetro - Urban population of fewer than 5,000, adjacent to a metro area",3,0,0,5.3571,0,0.4318,5600,10258,10309.63,2328.16,2453.84,0.225824,0.238014,508.04,0.1562,NULL,NULL,NULL,NULL,NULL,NULL,NULL,NULL,NULL,NULL,NULL,NULL,NULL,NULL,NULL
51111,2023,VA,Lunenburg,9,Nonmetro,"Nonmetro - Urban population of fewer than 5,000, not adjacent to a metro area",3,0,0,17.1038,0,4.7683,1754,3372,10408.16,2688.99,1938.77,0.258354,0.186274,674.46,0.1641,NULL,NULL,NULL,NULL,NULL,NULL,NULL,NULL,NULL,NULL,NULL,NULL,NULL,NULL,NULL
51113,2023,VA,Madison,8,Nonmetro,"Nonmetro - Urban population of fewer than 5,000, adjacent to a metro area",1,0,0,4.3346,0,0.4810,2307,3763,8781.37,1972.96,2484.03,0.224676,0.282875,572.17,0.1429,NULL,NULL,NULL,NULL,NULL,NULL,NULL,NULL,NULL,NULL,NULL,NULL,NULL,NULL,NULL
51115,2023,VA,Mathews,1,Metro,Metro - Counties in metro areas of 1 million population or more,4,0,0,19.3143,0,1.8699,2071,3216,10008.14,2110.22,2759.81,0.210850,0.275757,580.40,0.1783,NULL,NULL,NULL,NULL,NULL,NULL,NULL,NULL,NULL,NULL,NULL,NULL,NULL,NULL,NULL
51117,2023,VA,Mecklenburg,7,Nonmetro,"Nonmetro - Urban population of 5,000 to 20,000, not adjacent to a metro area",13,0,0,24.5144,0,5.5002,5303,10163,11046.56,2940.94,2471.58,0.266231,0.223742,634.74,0.1623,NULL,NULL,NULL,NULL,NULL,NULL,NULL,NULL,NULL,NULL,NULL,NULL,NULL,NULL,NULL
51119,2023,VA,Middlesex,8,Nonmetro,"Nonmetro - Urban population of fewer than 5,000, adjacent to a metro area",2,0,0,8.0939,0,1.1519,2471,4033,9833.30,2133.57,2579.45,0.216974,0.262318,561.72,0.1460,NULL,NULL,NULL,NULL,NULL,NULL,NULL,NULL,NULL,NULL,NULL,NULL,NULL,NULL,NULL
51121,2023,VA,Montgomery,3,Metro,"Metro - Counties in metro areas of fewer than 250,000 population",24,0,0,27.2882,4,7.4627,8795,15656,10541.45,2532.30,1924.55,0.240223,0.182570,615.80,0.1813,NULL,NULL,NULL,NULL,NULL,NULL,NULL,NULL,NULL,NULL,NULL,NULL,NULL,NULL,NULL
51125,2023,VA,Nelson,3,Metro,"Metro - Counties in metro areas of fewer than 250,000 population",5,1,0,15.2068,1,4.1754,3288,5328,9038.90,2032.64,2669.62,0.224877,0.295348,421.23,0.1368,NULL,NULL,NULL,NULL,NULL,NULL,NULL,NULL,NULL,NULL,NULL,NULL,NULL,NULL,NULL
51127,2023,VA,New Kent,1,Metro,Metro - Counties in metro areas of 1 million population or more,3,0,0,8.3079,0,-0.3727,3611,6186,11436.36,2887.17,2406.05,0.252455,0.210386,589.31,0.1499,NULL,NULL,NULL,NULL,NULL,NULL,NULL,NULL,NULL,NULL,NULL,NULL,NULL,NULL,NULL
51131,2023,VA,Northampton,8,Nonmetro,"Nonmetro - Urban population of fewer than 5,000, adjacent to a metro area",6,0,0,26.8938,0,5.3575,2231,4285,9770.77,2342.42,2462.32,0.239738,0.252009,644.11,0.1769,NULL,NULL,NULL,NULL,NULL,NULL,NULL,NULL,NULL,NULL,NULL,NULL,NULL,NULL,NULL
51133,2023,VA,Northumberland,9,Nonmetro,"Nonmetro - Urban population of fewer than 5,000, not adjacent to a metro area",3,1,0,9.4727,1,4.1237,3167,5143,10873.41,2745.42,2735.46,0.252489,0.251573,582.89,0.1403,NULL,NULL,NULL,NULL,NULL,NULL,NULL,NULL,NULL,NULL,NULL,NULL,NULL,NULL,NULL
51135,2023,VA,Nottoway,8,Nonmetro,"Nonmetro - Urban population of fewer than 5,000, adjacent to a metro area",4,0,0,19.6947,0,5.2334,2031,3877,10802.71,2671.99,1947.86,0.247344,0.180312,711.96,0.1532,NULL,NULL,NULL,NULL,NULL,NULL,NULL,NULL,NULL,NULL,NULL,NULL,NULL,NULL,NULL
51137,2023,VA,Orange,6,Nonmetro,"Nonmetro - Urban population of 5,000 to 20,000, adjacent to a metro area",7,0,0,11.8785,0,1.7687,5893,10256,10443.38,2475.92,2285.15,0.237080,0.218813,580.52,0.1613,NULL,NULL,NULL,NULL,NULL,NULL,NULL,NULL,NULL,NULL,NULL,NULL,NULL,NULL,NULL
51139,2023,VA,Page,8,Nonmetro,"Nonmetro - Urban population of fewer than 5,000, adjacent to a metro area",6,0,0,14.7601,0,2.7288,4065,6733,12211.57,3083.50,3137.60,0.252506,0.256937,838.87,0.1980,NULL,NULL,NULL,NULL,NULL,NULL,NULL,NULL,NULL,NULL,NULL,NULL,NULL,NULL,NULL
51141,2023,VA,Patrick,8,Nonmetro,"Nonmetro - Urban population of fewer than 5,000, adjacent to a metro area",4,0,0,13.6147,0,3.4236,2938,5798,10285.72,2406.90,2229.73,0.234004,0.216779,515.66,0.1332,NULL,NULL,NULL,NULL,NULL,NULL,NULL,NULL,NULL,NULL,NULL,NULL,NULL,NULL,NULL
51143,2023,VA,Pittsylvania,4,Nonmetro,"Nonmetro - Urban population of 20,000 or more, adjacent to a metro area",6,0,0,7.1284,1,2.5965,8417,17606,10199.61,2378.36,2081.36,0.233181,0.204063,610.55,0.1526,NULL,NULL,NULL,NULL,NULL,NULL,NULL,NULL,NULL,NULL,NULL,NULL,NULL,NULL,NULL
51145,2023,VA,Powhatan,1,Metro,Metro - Counties in metro areas of 1 million population or more,5,0,0,11.3327,0,0.0765,4412,7328,10865.74,2636.47,1871.67,0.242641,0.172254,489.57,0.1407,NULL,NULL,NULL,NULL,NULL,NULL,NULL,NULL,NULL,NULL,NULL,NULL,NULL,NULL,NULL
51147,2023,VA,Prince Edward,6,Nonmetro,"Nonmetro - Urban population of 5,000 to 20,000, adjacent to a metro area",10,0,0,37.0645,0,9.1471,2698,5273,11282.74,2979.37,2298.22,0.264064,0.203693,746.11,0.1793,NULL,NULL,NULL,NULL,NULL,NULL,NULL,NULL,NULL,NULL,NULL,NULL,NULL,NULL,NULL
51149,2023,VA,Prince George,1,Metro,Metro - Counties in metro areas of 1 million population or more,2,0,0,4.6179,0,0.5685,4331,7022,11246.93,2706.35,2044.58,0.240630,0.181790,653.89,0.1618,NULL,NULL,NULL,NULL,NULL,NULL,NULL,NULL,NULL,NULL,NULL,NULL,NULL,NULL,NULL
51153,2023,VA,Prince William,1,Metro,Metro - Counties in metro areas of 1 million population or more,79,3,0,25.6377,11,4.9470,30814,61729,10473.17,2341.06,1535.35,0.223529,0.146598,552.38,0.1776,NULL,NULL,NULL,NULL,NULL,NULL,NULL,NULL,NULL,NULL,NULL,NULL,NULL,NULL,NULL
51155,2023,VA,Pulaski,3,Metro,"Metro - Counties in metro areas of fewer than 250,000 population",9,0,0,18.9354,1,6.9969,4753,9625,11096.81,2674.17,2027.35,0.240985,0.182697,731.33,0.1971,NULL,NULL,NULL,NULL,NULL,NULL,NULL,NULL,NULL,NULL,NULL,NULL,NULL,NULL,NULL
51157,2023,VA,Rappahannock,1,Metro,Metro - Counties in metro areas of 1 million population or more,1,0,0,6.9109,0,0.6726,1447,2226,10218.84,2654.25,2190.94,0.259741,0.214402,595.72,0.2014,NULL,NULL,NULL,NULL,NULL,NULL,NULL,NULL,NULL,NULL,NULL,NULL,NULL,NULL,NULL
51159,2023,VA,Richmond,9,Nonmetro,"Nonmetro - Urban population of fewer than 5,000, not adjacent to a metro area",1,0,0,8.1900,0,1.3219,1221,2159,11877.10,3099.37,2511.63,0.260953,0.211468,646.19,0.1647,NULL,NULL,NULL,NULL,NULL,NULL,NULL,NULL,NULL,NULL,NULL,NULL,NULL,NULL,NULL
51161,2023,VA,Roanoke,2,Metro,"Metro - Counties in metro areas of 250,000 to 1 million population",29,1,0,19.8984,3,4.0011,14574,26102,10451.09,2380.38,1899.84,0.227764,0.181784,515.58,0.1509,NULL,NULL,NULL,NULL,NULL,NULL,NULL,NULL,NULL,NULL,NULL,NULL,NULL,NULL,NULL
51163,2023,VA,Rockbridge,6,Nonmetro,"Nonmetro - Urban population of 5,000 to 20,000, adjacent to a metro area",1,0,0,2.3941,0,0.3595,4177,6858,9394.28,2226.01,2536.17,0.236954,0.269970,545.85,0.1687,NULL,NULL,NULL,NULL,NULL,NULL,NULL,NULL,NULL,NULL,NULL,NULL,NULL,NULL,NULL
51165,2023,VA,Rockingham,3,Metro,"Metro - Counties in metro areas of fewer than 250,000 population",13,1,0,10.2306,2,2.5394,12707,20053,10128.17,2495.95,2901.35,0.246436,0.286463,578.03,0.1688,NULL,NULL,NULL,NULL,NULL,NULL,NULL,NULL,NULL,NULL,NULL,NULL,NULL,NULL,NULL
51167,2023,VA,Russell,8,Nonmetro,"Nonmetro - Urban population of fewer than 5,000, adjacent to a metro area",9,0,0,32.1658,1,14.2165,2798,8346,10367.46,2880.54,2013.84,0.277844,0.194246,681.20,0.2074,NULL,NULL,NULL,NULL,NULL,NULL,NULL,NULL,NULL,NULL,NULL,NULL,NULL,NULL,NULL
51169,2023,VA,Scott,2,Metro,"Metro - Counties in metro areas of 250,000 to 1 million population",11,0,0,57.0539,0,18.8462,1928,7057,10734.14,2850.21,1596.34,0.265528,0.148716,581.43,0.1663,NULL,NULL,NULL,NULL,NULL,NULL,NULL,NULL,NULL,NULL,NULL,NULL,NULL,NULL,NULL
51171,2023,VA,Shenandoah,6,Nonmetro,"Nonmetro - Urban population of 5,000 to 20,000, adjacent to a metro area",12,0,0,16.7411,2,4.9805,7168,11884,10934.81,2581.84,2360.03,0.236112,0.215827,709.40,0.1867,NULL,NULL,NULL,NULL,NULL,NULL,NULL,NULL,NULL,NULL,NULL,NULL,NULL,NULL,NULL
51173,2023,VA,Smyth,7,Nonmetro,"Nonmetro - Urban population of 5,000 to 20,000, not adjacent to a metro area",17,0,0,41.1622,1,13.2292,4130,8968,11849.11,2932.79,2165.27,0.247511,0.182737,737.29,0.1817,NULL,NULL,NULL,NULL,NULL,NULL,NULL,NULL,NULL,NULL,NULL,NULL,NULL,NULL,NULL
51175,2023,VA,Southampton,6,Nonmetro,"Nonmetro - Urban population of 5,000 to 20,000, adjacent to a metro area",1,0,0,4.0816,0,0.7791,2450,4391,11391.98,2834.88,2259.23,0.248849,0.198318,757.55,0.1886,NULL,NULL,NULL,NULL,NULL,NULL,NULL,NULL,NULL,NULL,NULL,NULL,NULL,NULL,NULL
51177,2023,VA,Spotsylvania,1,Metro,Metro - Counties in metro areas of 1 million population or more,22,0,0,15.3814,0,2.0932,14303,26426,12078.10,3161.23,1835.46,0.261732,0.151966,670.84,0.1843,NULL,NULL,NULL,NULL,NULL,NULL,NULL,NULL,NULL,NULL,NULL,NULL,NULL,NULL,NULL
51179,2023,VA,Stafford,1,Metro,Metro - Counties in metro areas of 1 million population or more,21,0,0,16.3069,1,2.0599,12878,22231,11094.33,2733.01,1671.23,0.246343,0.150638,567.56,0.1896,NULL,NULL,NULL,NULL,NULL,NULL,NULL,NULL,NULL,NULL,NULL,NULL,NULL,NULL,NULL
51181,2023,VA,Surry,1,Metro,Metro - Counties in metro areas of 1 million population or more,1,0,0,10.2041,0,1.8638,980,1955,10242.92,2341.09,2204.88,0.228557,0.215259,606.12,0.2011,NULL,NULL,NULL,NULL,NULL,NULL,NULL,NULL,NULL,NULL,NULL,NULL,NULL,NULL,NULL
51183,2023,VA,Sussex,1,Metro,Metro - Counties in metro areas of 1 million population or more,4,0,0,32.2321,1,15.2446,1241,2713,11945.38,2912.76,1918.96,0.243840,0.160645,671.23,0.1993,NULL,NULL,NULL,NULL,NULL,NULL,NULL,NULL,NULL,NULL,NULL,NULL,NULL,NULL,NULL
51185,2023,VA,Tazewell,7,Nonmetro,"Nonmetro - Urban population of 5,000 to 20,000, not adjacent to a metro area",25,0,0,47.4563,1,14.6605,5268,12387,10272.57,2569.00,2066.42,0.250083,0.201159,677.68,0.1795,NULL,NULL,NULL,NULL,NULL,NULL,NULL,NULL,NULL,NULL,NULL,NULL,NULL,NULL,NULL
51187,2023,VA,Warren,1,Metro,Metro - Counties in metro areas of 1 million population or more,9,0,0,16.7598,2,5.4822,5370,9453,10440.31,2551.58,1856.83,0.244397,0.177852,668.34,0.1743,NULL,NULL,NULL,NULL,NULL,NULL,NULL,NULL,NULL,NULL,NULL,NULL,NULL,NULL,NULL
51191,2023,VA,Washington,2,Metro,"Metro - Counties in metro areas of 250,000 to 1 million population",27,0,0,38.9442,2,9.7284,6933,16434,11421.66,2757.94,2455.06,0.241466,0.214948,586.18,0.1805,NULL,NULL,NULL,NULL,NULL,NULL,NULL,NULL,NULL,NULL,NULL,NULL,NULL,NULL,NULL
51193,2023,VA,Westmoreland,8,Nonmetro,"Nonmetro - Urban population of fewer than 5,000, adjacent to a metro area",2,0,0,5.9684,0,1.0007,3351,5848,10838.20,2651.16,2080.07,0.244613,0.191920,565.20,0.1888,NULL,NULL,NULL,NULL,NULL,NULL,NULL,NULL,NULL,NULL,NULL,NULL,NULL,NULL,NULL
51195,2023,VA,Wise,7,Nonmetro,"Nonmetro - Urban population of 5,000 to 20,000, not adjacent to a metro area",24,0,0,77.7202,4,40.0128,3088,11034,10633.00,2753.49,1979.47,0.258957,0.186163,673.90,0.1988,NULL,NULL,NULL,NULL,NULL,NULL,NULL,NULL,NULL,NULL,NULL,NULL,NULL,NULL,NULL
51197,2023,VA,Wythe,6,Nonmetro,"Nonmetro - Urban population of 5,000 to 20,000, adjacent to a metro area",15,1,0,37.9267,2,14.3760,3955,8581,11091.97,2555.48,1995.62,0.230390,0.179916,757.52,0.1518,NULL,NULL,NULL,NULL,NULL,NULL,NULL,NULL,NULL,NULL,NULL,NULL,NULL,NULL,NULL
51199,2023,VA,York,1,Metro,Metro - Counties in metro areas of 1 million population or more,13,0,0,14.2481,1,1.8335,9124,14080,10901.20,2414.09,2273.06,0.221452,0.208515,519.18,0.1597,NULL,NULL,NULL,NULL,NULL,NULL,NULL,NULL,NULL,NULL,NULL,NULL,NULL,NULL,NULL
51510,2023,VA,Alexandria City,1,Metro,Metro - Counties in metro areas of 1 million population or more,39,0,0,36.9844,4,6.8743,10545,20593,10547.87,2346.27,1767.29,0.222440,0.167549,484.02,0.1608,NULL,NULL,NULL,NULL,NULL,NULL,NULL,NULL,NULL,NULL,NULL,NULL,NULL,NULL,NULL
51520,2023,VA,Bristol City,2,Metro,"Metro - Counties in metro areas of 250,000 to 1 million population",11,1,0,73.7265,3,37.9803,1492,4678,12303.96,3236.89,1938.92,0.263077,0.157585,693.03,0.2018,NULL,NULL,NULL,NULL,NULL,NULL,NULL,NULL,NULL,NULL,NULL,NULL,NULL,NULL,NULL
51530,2023,VA,Buena Vista City,6,Nonmetro,"Nonmetro - Urban population of 5,000 to 20,000, adjacent to a metro area",3,0,0,36.0144,0,9.2287,833,1593,12912.70,3963.42,2856.26,0.306940,0.221198,781.51,0.2267,NULL,NULL,NULL,NULL,NULL,NULL,NULL,NULL,NULL,NULL,NULL,NULL,NULL,NULL,NULL
51540,2023,VA,Charlottesville City,3,Metro,"Metro - Counties in metro areas of fewer than 250,000 population",21,0,0,51.0576,1,10.2246,4113,6935,10293.38,2319.57,2527.47,0.225346,0.245543,551.67,0.1752,NULL,NULL,NULL,NULL,NULL,NULL,NULL,NULL,NULL,NULL,NULL,NULL,NULL,NULL,NULL
51550,2023,VA,Chesapeake City,1,Metro,Metro - Counties in metro areas of 1 million population or more,63,1,0,25.4834,5,4.0289,24722,46384,11115.98,2745.83,1991.50,0.247016,0.179156,576.45,0.1777,NULL,NULL,NULL,NULL,NULL,NULL,NULL,NULL,NULL,NULL,NULL,NULL,NULL,NULL,NULL
51570,2023,VA,Colonial Heights City,1,Metro,Metro - Counties in metro areas of 1 million population or more,15,0,0,59.9520,1,15.1090,2502,4436,12744.31,3359.69,1762.58,0.263623,0.138303,697.84,0.1582,NULL,NULL,NULL,NULL,NULL,NULL,NULL,NULL,NULL,NULL,NULL,NULL,NULL,NULL,NULL
51580,2023,VA,Covington City,6,Nonmetro,"Nonmetro - Urban population of 5,000 to 20,000, adjacent to a metro area",3,0,0,32.2581,0,8.0840,930,1798,12513.47,3519.89,2209.09,0.281288,0.176537,915.05,0.1481,NULL,NULL,NULL,NULL,NULL,NULL,NULL,NULL,NULL,NULL,NULL,NULL,NULL,NULL,NULL
51590,2023,VA,Danville City,4,Nonmetro,"Nonmetro - Urban population of 20,000 or more, adjacent to a metro area",32,1,0,66.2115,1,23.5940,4833,11859,11640.17,2628.72,2239.81,0.225832,0.192421,685.91,0.1594,NULL,NULL,NULL,NULL,NULL,NULL,NULL,NULL,NULL,NULL,NULL,NULL,NULL,NULL,NULL
51595,2023,VA,Emporia City,6,Nonmetro,"Nonmetro - Urban population of 5,000 to 20,000, adjacent to a metro area",4,0,0,73.9372,0,27.9602,541,1387,15015.93,3723.59,2535.15,0.247976,0.168831,892.79,0.1963,NULL,NULL,NULL,NULL,NULL,NULL,NULL,NULL,NULL,NULL,NULL,NULL,NULL,NULL,NULL
51600,2023,VA,Fairfax City,1,Metro,Metro - Counties in metro areas of 1 million population or more,21,0,0,83.0696,1,4.5150,2528,5040,11884.91,2554.71,1701.93,0.214954,0.143201,601.27,0.2082,NULL,NULL,NULL,NULL,NULL,NULL,NULL,NULL,NULL,NULL,NULL,NULL,NULL,NULL,NULL
51610,2023,VA,Falls Church City,1,Metro,Metro - Counties in metro areas of 1 million population or more,8,0,0,61.8716,0,-0.4823,1293,2495,9650.58,2005.75,1557.81,0.207837,0.161421,423.05,0.1236,NULL,NULL,NULL,NULL,NULL,NULL,NULL,NULL,NULL,NULL,NULL,NULL,NULL,NULL,NULL
51620,2023,VA,Franklin City,6,Nonmetro,"Nonmetro - Urban population of 5,000 to 20,000, adjacent to a metro area",7,0,0,57.9470,1,21.3839,1208,2410,11114.16,2840.45,1874.00,0.255570,0.168614,798.84,0.1781,NULL,NULL,NULL,NULL,NULL,NULL,NULL,NULL,NULL,NULL,NULL,NULL,NULL,NULL,NULL
51630,2023,VA,Fredericksburg City,1,Metro,Metro - Counties in metro areas of 1 million population or more,15,0,0,59.2183,0,11.7048,2533,4755,11598.50,2992.41,1431.37,0.258000,0.123410,704.70,0.2101,NULL,NULL,NULL,NULL,NULL,NULL,NULL,NULL,NULL,NULL,NULL,NULL,NULL,NULL,NULL
51640,2023,VA,Galax City,6,Nonmetro,"Nonmetro - Urban population of 5,000 to 20,000, adjacent to a metro area",6,0,0,50.4626,0,10.6220,1189,2024,12194.13,3227.21,2143.42,0.264653,0.175775,809.92,0.1993,NULL,NULL,NULL,NULL,NULL,NULL,NULL,NULL,NULL,NULL,NULL,NULL,NULL,NULL,NULL
51650,2023,VA,Hampton City,1,Metro,Metro - Counties in metro areas of 1 million population or more,26,0,0,20.0927,0,4.3035,12940,28505,11129.19,2606.22,2291.62,0.234179,0.205911,642.04,0.1851,NULL,NULL,NULL,NULL,NULL,NULL,NULL,NULL,NULL,NULL,NULL,NULL,NULL,NULL,NULL
51660,2023,VA,Harrisonburg City,3,Metro,"Metro - Counties in metro areas of fewer than 250,000 population",25,1,0,64.9519,4,17.2896,3849,6459,10477.93,2557.64,2756.45,0.244098,0.263072,652.64,0.1869,NULL,NULL,NULL,NULL,NULL,NULL,NULL,NULL,NULL,NULL,NULL,NULL,NULL,NULL,NULL
51670,2023,VA,Hopewell City,1,Metro,Metro - Counties in metro areas of 1 million population or more,10,0,0,43.2152,0,11.9163,2314,5022,13200.70,3647.25,2079.84,0.276292,0.157555,820.66,0.2061,NULL,NULL,NULL,NULL,NULL,NULL,NULL,NULL,NULL,NULL,NULL,NULL,NULL,NULL,NULL
51678,2023,VA,Lexington City,6,Nonmetro,"Nonmetro - Urban population of 5,000 to 20,000, adjacent to a metro area",7,0,0,67.0498,0,5.9144,1044,1679,12703.91,3059.30,2800.38,0.240816,0.220434,648.47,0.1991,NULL,NULL,NULL,NULL,NULL,NULL,NULL,NULL,NULL,NULL,NULL,NULL,NULL,NULL,NULL
51680,2023,VA,Lynchburg City,2,Metro,"Metro - Counties in metro areas of 250,000 to 1 million population",33,1,0,40.6855,2,11.7000,8111,16256,11125.43,2544.59,2116.29,0.228718,0.190221,507.21,0.1503,NULL,NULL,NULL,NULL,NULL,NULL,NULL,NULL,NULL,NULL,NULL,NULL,NULL,NULL,NULL
51683,2023,VA,Manassas City,1,Metro,Metro - Counties in metro areas of 1 million population or more,19,0,0,74.4806,0,11.2526,2551,5562,10517.42,2333.29,1494.80,0.221850,0.142126,557.82,0.1302,NULL,NULL,NULL,NULL,NULL,NULL,NULL,NULL,NULL,NULL,NULL,NULL,NULL,NULL,NULL
51685,2023,VA,Manassas Park City,1,Metro,Metro - Counties in metro areas of 1 million population or more,2,0,0,38.6847,0,13.4322,517,1372,11962.41,2974.72,1777.43,0.248672,0.148585,588.01,0.1705,NULL,NULL,NULL,NULL,NULL,NULL,NULL,NULL,NULL,NULL,NULL,NULL,NULL,NULL,NULL
51690,2023,VA,Martinsville City,4,Nonmetro,"Nonmetro - Urban population of 20,000 or more, adjacent to a metro area",16,0,0,91.4286,0,29.7953,1750,4414,11212.03,2540.72,1762.46,0.226607,0.157194,662.29,0.1821,NULL,NULL,NULL,NULL,NULL,NULL,NULL,NULL,NULL,NULL,NULL,NULL,NULL,NULL,NULL
51700,2023,VA,Newport News City,1,Metro,Metro - Counties in metro areas of 1 million population or more,46,0,0,31.1421,3,7.7497,14771,32709,11294.86,2650.41,2310.37,0.234656,0.204551,659.60,0.1764,NULL,NULL,NULL,NULL,NULL,NULL,NULL,NULL,NULL,NULL,NULL,NULL,NULL,NULL,NULL
51710,2023,VA,Norfolk City,1,Metro,Metro - Counties in metro areas of 1 million population or more,57,4,0,35.7434,7,11.9248,15947,37612,11181.06,2830.46,1855.46,0.253148,0.165947,681.26,0.1856,NULL,NULL,NULL,NULL,NULL,NULL,NULL,NULL,NULL,NULL,NULL,NULL,NULL,NULL,NULL
51720,2023,VA,Norton City,7,Nonmetro,"Nonmetro - Urban population of 5,000 to 20,000, not adjacent to a metro area",9,0,0,248.6188,2,132.3397,362,1174,8495.93,1912.91,1499.80,0.225156,0.176532,707.18,0.1642,NULL,NULL,NULL,NULL,NULL,NULL,NULL,NULL,NULL,NULL,NULL,NULL,NULL,NULL,NULL
51730,2023,VA,Petersburg City,1,Metro,Metro - Counties in metro areas of 1 million population or more,14,1,0,48.3592,2,21.6153,2895,8003,13631.44,3725.12,1403.15,0.273274,0.102935,926.08,0.2177,NULL,NULL,NULL,NULL,NULL,NULL,NULL,NULL,NULL,NULL,NULL,NULL,NULL,NULL,NULL
51735,2023,VA,Poquoson City,1,Metro,Metro - Counties in metro areas of 1 million population or more,3,0,0,15.5280,1,6.1029,1932,2863,11393.12,2128.83,2502.38,0.186852,0.219640,545.55,0.1584,NULL,NULL,NULL,NULL,NULL,NULL,NULL,NULL,NULL,NULL,NULL,NULL,NULL,NULL,NULL
51740,2023,VA,Portsmouth City,1,Metro,Metro - Counties in metro areas of 1 million population or more,26,3,0,31.4123,6,13.9145,8277,19940,11352.38,3104.92,1966.67,0.273504,0.173239,808.51,0.1983,NULL,NULL,NULL,NULL,NULL,NULL,NULL,NULL,NULL,NULL,NULL,NULL,NULL,NULL,NULL
51750,2023,VA,Radford City,3,Metro,"Metro - Counties in metro areas of fewer than 250,000 population",6,0,0,47.6190,1,13.6054,1260,2457,12127.88,3412.43,1952.98,0.281371,0.161032,712.70,0.2333,NULL,NULL,NULL,NULL,NULL,NULL,NULL,NULL,NULL,NULL,NULL,NULL,NULL,NULL,NULL
51760,2023,VA,Richmond City,1,Metro,Metro - Counties in metro areas of 1 million population or more,74,3,0,52.6953,9,18.8517,14043,36550,11360.05,2911.79,2056.33,0.256318,0.181014,645.94,0.1901,NULL,NULL,NULL,NULL,NULL,NULL,NULL,NULL,NULL,NULL,NULL,NULL,NULL,NULL,NULL
51770,2023,VA,Roanoke City,2,Metro,"Metro - Counties in metro areas of 250,000 to 1 million population",41,0,0,42.9995,3,13.5147,9535,22594,10880.33,2741.11,1823.74,0.251933,0.167618,643.94,0.1658,NULL,NULL,NULL,NULL,NULL,NULL,NULL,NULL,NULL,NULL,NULL,NULL,NULL,NULL,NULL
51775,2023,VA,Salem City,2,Metro,"Metro - Counties in metro areas of 250,000 to 1 million population",18,0,0,48.2186,1,9.2188,3733,6806,10938.84,2709.74,1701.87,0.247717,0.155580,592.29,0.1663,NULL,NULL,NULL,NULL,NULL,NULL,NULL,NULL,NULL,NULL,NULL,NULL,NULL,NULL,NULL
51790,2023,VA,Staunton City,3,Metro,"Metro - Counties in metro areas of fewer than 250,000 population",15,0,0,34.8109,2,9.0428,4309,7083,10984.84,2493.87,3043.06,0.227028,0.277024,675.33,0.1216,NULL,NULL,NULL,NULL,NULL,NULL,NULL,NULL,NULL,NULL,NULL,NULL,NULL,NULL,NULL
51800,2023,VA,Suffolk City,1,Metro,Metro - Counties in metro areas of 1 million population or more,21,3,0,20.4918,4,5.9308,10248,19881,10903.50,2615.50,2151.53,0.239877,0.197325,718.48,0.1864,NULL,NULL,NULL,NULL,NULL,NULL,NULL,NULL,NULL,NULL,NULL,NULL,NULL,NULL,NULL
51810,2023,VA,Virginia Beach City,1,Metro,Metro - Counties in metro areas of 1 million population or more,89,4,0,17.9472,7,2.7693,49590,85485,11157.37,2753.69,1861.08,0.246805,0.166803,646.68,0.1783,NULL,NULL,NULL,NULL,NULL,NULL,NULL,NULL,NULL,NULL,NULL,NULL,NULL,NULL,NULL
51820,2023,VA,Waynesboro City,3,Metro,"Metro - Counties in metro areas of fewer than 250,000 population",15,0,0,44.7761,1,8.8787,3350,5751,10084.77,2278.67,2719.72,0.225952,0.269686,605.97,0.1289,NULL,NULL,NULL,NULL,NULL,NULL,NULL,NULL,NULL,NULL,NULL,NULL,NULL,NULL,NULL
51830,2023,VA,Williamsburg City,1,Metro,Metro - Counties in metro areas of 1 million population or more,NULL,NULL,NULL,NULL,NULL,NULL,1809,2968,9407.69,1905.74,2304.92,0.202573,0.245004,543.39,0.1439,NULL,NULL,NULL,NULL,NULL,NULL,NULL,NULL,NULL,NULL,NULL,NULL,NULL,NULL,NULL
51840,2023,VA,Winchester City,3,Metro,"Metro - Counties in metro areas of fewer than 250,000 population",17,0,0,48.1996,1,10.8426,3527,5979,10751.61,2662.70,1603.85,0.247656,0.149173,580.95,0.1758,NULL,NULL,NULL,NULL,NULL,NULL,NULL,NULL,NULL,NULL,NULL,NULL,NULL,NULL,NULL
53000,2023,WA,UNKNOWN,NULL,NULL,NULL,NULL,NULL,NULL,NULL,NULL,NULL,NULL,NULL,NULL,NULL,NULL,NULL,NULL,NULL,NULL,NULL,NULL,NULL,NULL,NULL,NULL,NULL,NULL,NULL,NULL,NULL,NULL,NULL,NULL,NULL
53001,2023,WA,Adams,6,Nonmetro,"Nonmetro - Urban population of 5,000 to 20,000, adjacent to a metro area",3,0,0,17.1625,1,7.4301,1748,2855,9255.27,2253.80,2471.24,0.243515,0.267009,528.03,0.1304,NULL,NULL,NULL,NULL,NULL,NULL,NULL,NULL,NULL,NULL,NULL,NULL,NULL,NULL,NULL
53003,2023,WA,Asotin,3,Metro,"Metro - Counties in metro areas of fewer than 250,000 population",9,0,0,19.2719,0,1.5239,4670,6994,9347.72,1869.34,3268.43,0.199978,0.349650,651.39,0.1037,NULL,NULL,NULL,NULL,NULL,NULL,NULL,NULL,NULL,NULL,NULL,NULL,NULL,NULL,NULL
53005,2023,WA,Benton,2,Metro,"Metro - Counties in metro areas of 250,000 to 1 million population",57,1,0,21.2069,11,6.5786,26878,41265,10197.82,2351.76,2725.25,0.230614,0.267238,609.23,0.1523,NULL,NULL,NULL,NULL,NULL,NULL,NULL,NULL,NULL,NULL,NULL,NULL,NULL,NULL,NULL
53007,2023,WA,Chelan,3,Metro,"Metro - Counties in metro areas of fewer than 250,000 population",21,0,0,18.5414,2,3.2742,11326,19934,10041.53,2217.99,3572.33,0.220882,0.355756,740.33,0.1623,NULL,NULL,NULL,NULL,NULL,NULL,NULL,NULL,NULL,NULL,NULL,NULL,NULL,NULL,NULL
53009,2023,WA,Clallam,5,Nonmetro,"Nonmetro - Urban population of 20,000 or more, not adjacent to a metro area",22,3,0,10.0950,3,2.4371,21793,29857,8405.96,1935.48,2540.97,0.230251,0.302282,486.99,0.1483,NULL,NULL,NULL,NULL,NULL,NULL,NULL,NULL,NULL,NULL,NULL,NULL,NULL,NULL,NULL
53011,2023,WA,Clark,1,Metro,Metro - Counties in metro areas of 1 million population or more,91,2,0,36.5609,9,7.8866,24890,104646,9573.60,2622.80,2080.89,0.273962,0.217357,548.73,0.1582,NULL,NULL,NULL,NULL,NULL,NULL,NULL,NULL,NULL,NULL,NULL,NULL,NULL,NULL,NULL
53013,2023,WA,Columbia,8,Nonmetro,"Nonmetro - Urban population of fewer than 5,000, adjacent to a metro area",2,0,0,19.6657,0,2.7165,1017,1392,11648.74,1889.92,4100.32,0.162242,0.351997,625.37,0.1119,NULL,NULL,NULL,NULL,NULL,NULL,NULL,NULL,NULL,NULL,NULL,NULL,NULL,NULL,NULL
53015,2023,WA,Cowlitz,3,Metro,"Metro - Counties in metro areas of fewer than 250,000 population",25,0,0,29.8116,1,7.9835,8386,29119,9356.66,2471.75,2454.91,0.264170,0.262370,603.03,0.1584,NULL,NULL,NULL,NULL,NULL,NULL,NULL,NULL,NULL,NULL,NULL,NULL,NULL,NULL,NULL
53017,2023,WA,Douglas,3,Metro,"Metro - Counties in metro areas of fewer than 250,000 population",11,2,0,20.4082,2,5.0262,5390,9299,9712.81,2251.04,3485.38,0.231760,0.358844,684.60,0.1609,NULL,NULL,NULL,NULL,NULL,NULL,NULL,NULL,NULL,NULL,NULL,NULL,NULL,NULL,NULL
53019,2023,WA,Ferry,8,Nonmetro,"Nonmetro - Urban population of fewer than 5,000, adjacent to a metro area",1,0,0,5.2274,0,0.5458,1913,2585,8966.17,1840.47,2178.20,0.205268,0.242935,552.01,0.0955,NULL,NULL,NULL,NULL,NULL,NULL,NULL,NULL,NULL,NULL,NULL,NULL,NULL,NULL,NULL
53021,2023,WA,Franklin,2,Metro,"Metro - Counties in metro areas of 250,000 to 1 million population",19,0,0,25.0693,2,6.5991,7579,12454,9878.01,2452.73,2694.62,0.248302,0.272790,577.38,0.1817,NULL,NULL,NULL,NULL,NULL,NULL,NULL,NULL,NULL,NULL,NULL,NULL,NULL,NULL,NULL
53023,2023,WA,Garfield,8,Nonmetro,"Nonmetro - Urban population of fewer than 5,000, adjacent to a metro area",2,0,0,32.3625,1,17.0015,618,760,13736.61,1117.47,4224.68,0.081350,0.307549,639.16,NULL,NULL,NULL,NULL,NULL,NULL,NULL,NULL,NULL,NULL,NULL,NULL,NULL,NULL,NULL,NULL
53025,2023,WA,Grant,5,Nonmetro,"Nonmetro - Urban population of 20,000 or more, not adjacent to a metro area",24,1,0,21.2202,1,2.8525,11310,18395,9456.73,2274.00,2490.32,0.240464,0.263338,640.41,0.1400,NULL,NULL,NULL,NULL,NULL,NULL,NULL,NULL,NULL,NULL,NULL,NULL,NULL,NULL,NULL
53027,2023,WA,Grays Harbor,4,Nonmetro,"Nonmetro - Urban population of 20,000 or more, adjacent to a metro area",22,0,0,13.6459,3,3.1758,16122,22726,9327.21,2633.70,2041.07,0.282367,0.218830,660.15,0.1421,NULL,NULL,NULL,NULL,NULL,NULL,NULL,NULL,NULL,NULL,NULL,NULL,NULL,NULL,NULL
53029,2023,WA,Island,4,Nonmetro,"Nonmetro - Urban population of 20,000 or more, adjacent to a metro area",17,0,0,11.7371,2,2.3855,14484,26854,8370.38,1725.78,2542.23,0.206177,0.303717,492.75,0.1354,NULL,NULL,NULL,NULL,NULL,NULL,NULL,NULL,NULL,NULL,NULL,NULL,NULL,NULL,NULL
53031,2023,WA,Jefferson,6,Nonmetro,"Nonmetro - Urban population of 5,000 to 20,000, adjacent to a metro area",8,0,0,6.7602,2,1.7880,11834,15211,8696.05,1717.72,3314.49,0.197529,0.381149,495.27,0.1339,NULL,NULL,NULL,NULL,NULL,NULL,NULL,NULL,NULL,NULL,NULL,NULL,NULL,NULL,NULL
53033,2023,WA,King,1,Metro,Metro - Counties in metro areas of 1 million population or more,572,15,0,42.3745,43,8.4821,134987,360123,9825.86,2356.82,2387.33,0.239859,0.242964,531.93,0.1597,NULL,NULL,NULL,NULL,NULL,NULL,NULL,NULL,NULL,NULL,NULL,NULL,NULL,NULL,NULL
53035,2023,WA,Kitsap,2,Metro,"Metro - Counties in metro areas of 250,000 to 1 million population",56,0,0,16.5377,5,2.8110,33862,65052,9177.31,2320.77,2342.25,0.252881,0.255222,524.57,0.1534,NULL,NULL,NULL,NULL,NULL,NULL,NULL,NULL,NULL,NULL,NULL,NULL,NULL,NULL,NULL
53037,2023,WA,Kittitas,4,Nonmetro,"Nonmetro - Urban population of 20,000 or more, adjacent to a metro area",17,1,0,23.7729,1,2.7175,7151,10427,8575.29,1662.71,2958.33,0.193895,0.344983,627.46,0.1242,NULL,NULL,NULL,NULL,NULL,NULL,NULL,NULL,NULL,NULL,NULL,NULL,NULL,NULL,NULL
53039,2023,WA,Klickitat,9,Nonmetro,"Nonmetro - Urban population of fewer than 5,000, not adjacent to a metro area",4,0,0,6.9626,1,1.6112,5745,7035,8376.56,1745.39,2771.05,0.208366,0.330810,557.01,0.1391,NULL,NULL,NULL,NULL,NULL,NULL,NULL,NULL,NULL,NULL,NULL,NULL,NULL,NULL,NULL
53041,2023,WA,Lewis,4,Nonmetro,"Nonmetro - Urban population of 20,000 or more, adjacent to a metro area",24,2,0,25.0391,4,8.3697,9585,23346,9324.25,2545.48,2174.97,0.272996,0.233260,565.68,0.1403,NULL,NULL,NULL,NULL,NULL,NULL,NULL,NULL,NULL,NULL,NULL,NULL,NULL,NULL,NULL
53043,2023,WA,Lincoln,8,Nonmetro,"Nonmetro - Urban population of fewer than 5,000, adjacent to a metro area",4,0,0,14.4561,0,0.7528,2767,3670,9845.23,1568.10,2537.41,0.159275,0.257730,576.80,0.1194,NULL,NULL,NULL,NULL,NULL,NULL,NULL,NULL,NULL,NULL,NULL,NULL,NULL,NULL,NULL
53045,2023,WA,Mason,4,Nonmetro,"Nonmetro - Urban population of 20,000 or more, adjacent to a metro area",13,0,0,12.4712,0,1.8788,10424,19988,9426.00,2406.93,2342.33,0.255350,0.248497,701.36,0.1688,NULL,NULL,NULL,NULL,NULL,NULL,NULL,NULL,NULL,NULL,NULL,NULL,NULL,NULL,NULL
53047,2023,WA,Okanogan,6,Nonmetro,"Nonmetro - Urban population of 5,000 to 20,000, adjacent to a metro area",16,1,0,19.3237,2,3.3820,8280,12279,9030.47,1910.32,3092.14,0.211542,0.342412,576.93,0.1317,NULL,NULL,NULL,NULL,NULL,NULL,NULL,NULL,NULL,NULL,NULL,NULL,NULL,NULL,NULL
53049,2023,WA,Pacific,7,Nonmetro,"Nonmetro - Urban population of 5,000 to 20,000, not adjacent to a metro area",11,0,0,15.1265,3,4.4698,7272,9367,9244.00,2146.15,3119.48,0.232167,0.337460,675.74,0.1567,NULL,NULL,NULL,NULL,NULL,NULL,NULL,NULL,NULL,NULL,NULL,NULL,NULL,NULL,NULL
53051,2023,WA,Pend Oreille,8,Nonmetro,"Nonmetro - Urban population of fewer than 5,000, adjacent to a metro area",3,1,0,8.9153,2,6.2242,3365,4667,8213.55,1714.61,1880.96,0.208754,0.229007,564.34,0.0867,NULL,NULL,NULL,NULL,NULL,NULL,NULL,NULL,NULL,NULL,NULL,NULL,NULL,NULL,NULL
53053,2023,WA,Pierce,1,Metro,Metro - Counties in metro areas of 1 million population or more,198,1,0,27.1021,10,5.0602,73057,172698,9536.96,2492.87,1927.02,0.261390,0.202058,571.57,0.1626,NULL,NULL,NULL,NULL,NULL,NULL,NULL,NULL,NULL,NULL,NULL,NULL,NULL,NULL,NULL
53055,2023,WA,San Juan,9,Nonmetro,"Nonmetro - Urban population of fewer than 5,000, not adjacent to a metro area",4,0,0,8.2593,0,-0.7762,4843,6854,8677.89,1663.65,3092.56,0.191711,0.356372,466.45,0.1072,NULL,NULL,NULL,NULL,NULL,NULL,NULL,NULL,NULL,NULL,NULL,NULL,NULL,NULL,NULL
53057,2023,WA,Skagit,3,Metro,"Metro - Counties in metro areas of fewer than 250,000 population",43,2,0,24.4638,2,3.6959,17577,35660,9694.65,2124.82,3055.96,0.219174,0.315221,540.37,0.1476,NULL,NULL,NULL,NULL,NULL,NULL,NULL,NULL,NULL,NULL,NULL,NULL,NULL,NULL,NULL
53059,2023,WA,Skamania,1,Metro,Metro - Counties in metro areas of 1 million population or more,1,0,0,4.5537,0,-0.1767,2196,3109,8615.92,2471.73,2445.20,0.286879,0.283800,443.53,0.1788,NULL,NULL,NULL,NULL,NULL,NULL,NULL,NULL,NULL,NULL,NULL,NULL,NULL,NULL,NULL
53061,2023,WA,Snohomish,1,Metro,Metro - Counties in metro areas of 1 million population or more,184,3,0,38.3381,8,5.8021,47994,148686,9405.95,2347.38,2067.63,0.249563,0.219821,497.17,0.1656,NULL,NULL,NULL,NULL,NULL,NULL,NULL,NULL,NULL,NULL,NULL,NULL,NULL,NULL,NULL
53063,2023,WA,Spokane,2,Metro,"Metro - Counties in metro areas of 250,000 to 1 million population",162,0,0,35.3789,8,7.0258,45790,120347,10122.92,2190.81,1793.16,0.216421,0.177139,579.58,0.1344,NULL,NULL,NULL,NULL,NULL,NULL,NULL,NULL,NULL,NULL,NULL,NULL,NULL,NULL,NULL
53065,2023,WA,Stevens,2,Metro,"Metro - Counties in metro areas of 250,000 to 1 million population",11,0,0,12.8610,0,2.1804,8553,14744,7870.06,1624.73,1914.92,0.206444,0.243317,570.79,0.1234,NULL,NULL,NULL,NULL,NULL,NULL,NULL,NULL,NULL,NULL,NULL,NULL,NULL,NULL,NULL
53067,2023,WA,Thurston,2,Metro,"Metro - Counties in metro areas of 250,000 to 1 million population",63,0,0,21.6049,9,5.2956,29160,69347,8879.95,2310.71,1805.73,0.260217,0.203349,448.59,0.1465,NULL,NULL,NULL,NULL,NULL,NULL,NULL,NULL,NULL,NULL,NULL,NULL,NULL,NULL,NULL
53069,2023,WA,Wahkiakum,8,Nonmetro,"Nonmetro - Urban population of fewer than 5,000, adjacent to a metro area",1,0,0,10.9051,0,1.5330,917,1783,8977.57,2239.59,2991.40,0.249465,0.333208,498.36,0.1438,NULL,NULL,NULL,NULL,NULL,NULL,NULL,NULL,NULL,NULL,NULL,NULL,NULL,NULL,NULL
53071,2023,WA,Walla Walla,3,Metro,"Metro - Counties in metro areas of fewer than 250,000 population",14,0,0,15.0683,0,1.7919,9291,14954,8763.23,1943.60,2413.48,0.221790,0.275410,584.97,0.1413,NULL,NULL,NULL,NULL,NULL,NULL,NULL,NULL,NULL,NULL,NULL,NULL,NULL,NULL,NULL
53073,2023,WA,Whatcom,3,Metro,"Metro - Counties in metro areas of fewer than 250,000 population",51,0,0,22.0579,3,3.2506,23121,53566,9100.21,2067.85,2076.28,0.227231,0.228157,485.32,0.1463,NULL,NULL,NULL,NULL,NULL,NULL,NULL,NULL,NULL,NULL,NULL,NULL,NULL,NULL,NULL
53075,2023,WA,Whitman,4,Nonmetro,"Nonmetro - Urban population of 20,000 or more, adjacent to a metro area",13,0,0,26.6339,0,1.9425,4881,6931,10460.44,1821.08,3852.24,0.174092,0.368267,617.50,0.1165,NULL,NULL,NULL,NULL,NULL,NULL,NULL,NULL,NULL,NULL,NULL,NULL,NULL,NULL,NULL
53077,2023,WA,Yakima,2,Metro,"Metro - Counties in metro areas of 250,000 to 1 million population",64,6,0,27.2805,8,8.8224,23460,46968,8919.76,2274.10,2528.56,0.254951,0.283478,589.56,0.1601,NULL,NULL,NULL,NULL,NULL,NULL,NULL,NULL,NULL,NULL,NULL,NULL,NULL,NULL,NULL
54000,2023,WV,UNKNOWN,NULL,NULL,NULL,NULL,NULL,NULL,NULL,NULL,NULL,NULL,NULL,NULL,NULL,NULL,NULL,NULL,NULL,NULL,NULL,NULL,NULL,NULL,NULL,NULL,NULL,NULL,NULL,NULL,NULL,NULL,NULL,NULL,NULL
54001,2023,WV,Barbour,9,Nonmetro,"Nonmetro - Urban population of fewer than 5,000, not adjacent to a metro area",4,0,0,21.9178,0,6.9421,1825,4297,10937.37,2452.96,3523.39,0.224273,0.322142,785.21,0.1680,NULL,NULL,NULL,NULL,NULL,NULL,NULL,NULL,NULL,NULL,NULL,NULL,NULL,NULL,NULL
54003,2023,WV,Berkeley,2,Metro,"Metro - Counties in metro areas of 250,000 to 1 million population",30,1,0,24.4539,6,7.6106,12268,25647,9837.36,2379.13,2147.99,0.241846,0.218350,615.42,0.1699,NULL,NULL,NULL,NULL,NULL,NULL,NULL,NULL,NULL,NULL,NULL,NULL,NULL,NULL,NULL
54005,2023,WV,Boone,3,Metro,"Metro - Counties in metro areas of fewer than 250,000 population",15,1,0,81.7884,2,39.4017,1834,6139,12588.08,3854.51,2887.45,0.306203,0.229380,802.07,0.2495,NULL,NULL,NULL,NULL,NULL,NULL,NULL,NULL,NULL,NULL,NULL,NULL,NULL,NULL,NULL
54007,2023,WV,Braxton,8,Nonmetro,"Nonmetro - Urban population of fewer than 5,000, adjacent to a metro area",6,1,0,43.1655,1,19.1962,1390,3816,10132.54,2259.18,3537.03,0.222963,0.349076,683.45,0.2008,NULL,NULL,NULL,NULL,NULL,NULL,NULL,NULL,NULL,NULL,NULL,NULL,NULL,NULL,NULL
54009,2023,WV,Brooke,3,Metro,"Metro - Counties in metro areas of fewer than 250,000 population",7,1,0,25.2890,1,7.7605,2768,6382,13670.62,3773.41,2922.67,0.276023,0.213792,733.38,0.2012,NULL,NULL,NULL,NULL,NULL,NULL,NULL,NULL,NULL,NULL,NULL,NULL,NULL,NULL,NULL
54011,2023,WV,Cabell,2,Metro,"Metro - Counties in metro areas of 250,000 to 1 million population",58,0,0,67.4811,4,23.4318,8595,21666,11580.01,2876.63,2896.83,0.248413,0.250158,634.09,0.1918,NULL,NULL,NULL,NULL,NULL,NULL,NULL,NULL,NULL,NULL,NULL,NULL,NULL,NULL,NULL
54013,2023,WV,Calhoun,8,Nonmetro,"Nonmetro - Urban population of fewer than 5,000, adjacent to a metro area",3,0,0,33.8219,0,11.5502,887,2129,10551.27,2561.46,3483.29,0.242763,0.330130,820.74,0.1749,NULL,NULL,NULL,NULL,NULL,NULL,NULL,NULL,NULL,NULL,NULL,NULL,NULL,NULL,NULL
54015,2023,WV,Clay,3,Metro,"Metro - Counties in metro areas of fewer than 250,000 population",4,0,0,48.4262,0,19.1864,826,2636,10454.48,2613.12,2794.01,0.249952,0.267255,596.85,0.2036,NULL,NULL,NULL,NULL,NULL,NULL,NULL,NULL,NULL,NULL,NULL,NULL,NULL,NULL,NULL
54017,2023,WV,Doddridge,9,Nonmetro,"Nonmetro - Urban population of fewer than 5,000, not adjacent to a metro area",1,0,0,14.2450,0,3.7847,702,1774,9403.16,2132.88,2901.41,0.226826,0.308557,468.66,0.2365,NULL,NULL,NULL,NULL,NULL,NULL,NULL,NULL,NULL,NULL,NULL,NULL,NULL,NULL,NULL
54019,2023,WV,Fayette,3,Metro,"Metro - Counties in metro areas of fewer than 250,000 population",23,1,0,51.2821,5,24.3239,4485,11834,10949.29,2901.30,1956.50,0.264976,0.178687,678.04,0.2014,NULL,NULL,NULL,NULL,NULL,NULL,NULL,NULL,NULL,NULL,NULL,NULL,NULL,NULL,NULL
54021,2023,WV,Gilmer,9,Nonmetro,"Nonmetro - Urban population of fewer than 5,000, not adjacent to a metro area",3,0,0,50.8475,1,28.1718,590,1595,11460.84,3437.12,3022.16,0.299901,0.263694,786.44,0.2157,NULL,NULL,NULL,NULL,NULL,NULL,NULL,NULL,NULL,NULL,NULL,NULL,NULL,NULL,NULL
54023,2023,WV,Grant,9,Nonmetro,"Nonmetro - Urban population of fewer than 5,000, not adjacent to a metro area",8,2,0,42.8036,2,17.1297,1869,3407,11184.40,2745.64,3147.31,0.245488,0.281402,857.14,0.1786,NULL,NULL,NULL,NULL,NULL,NULL,NULL,NULL,NULL,NULL,NULL,NULL,NULL,NULL,NULL
54025,2023,WV,Greenbrier,6,Nonmetro,"Nonmetro - Urban population of 5,000 to 20,000, adjacent to a metro area",17,0,0,35.2551,0,9.1214,4822,10174,9964.01,2482.60,1833.58,0.249157,0.184020,592.49,0.1693,NULL,NULL,NULL,NULL,NULL,NULL,NULL,NULL,NULL,NULL,NULL,NULL,NULL,NULL,NULL
54027,2023,WV,Hampshire,3,Metro,"Metro - Counties in metro areas of fewer than 250,000 population",8,1,0,23.4261,2,8.9578,3415,6572,9711.10,2229.03,2060.08,0.229534,0.212137,646.56,0.1565,NULL,NULL,NULL,NULL,NULL,NULL,NULL,NULL,NULL,NULL,NULL,NULL,NULL,NULL,NULL
54029,2023,WV,Hancock,3,Metro,"Metro - Counties in metro areas of fewer than 250,000 population",19,1,0,46.9020,2,12.0873,4051,8318,12857.97,3400.15,2724.41,0.264439,0.211885,678.84,0.1965,NULL,NULL,NULL,NULL,NULL,NULL,NULL,NULL,NULL,NULL,NULL,NULL,NULL,NULL,NULL
54031,2023,WV,Hardy,8,Nonmetro,"Nonmetro - Urban population of fewer than 5,000, adjacent to a metro area",6,0,0,30.0300,0,5.0820,1998,3859,9985.54,2694.68,2035.53,0.269858,0.203848,633.13,0.1748,NULL,NULL,NULL,NULL,NULL,NULL,NULL,NULL,NULL,NULL,NULL,NULL,NULL,NULL,NULL
54033,2023,WV,Harrison,5,Nonmetro,"Nonmetro - Urban population of 20,000 or more, not adjacent to a metro area",35,0,0,50.6219,3,16.7451,6914,16972,11903.10,3155.34,3091.79,0.265086,0.259747,673.56,0.1979,NULL,NULL,NULL,NULL,NULL,NULL,NULL,NULL,NULL,NULL,NULL,NULL,NULL,NULL,NULL
54035,2023,WV,Jackson,8,Nonmetro,"Nonmetro - Urban population of fewer than 5,000, adjacent to a metro area",9,0,0,30.5292,0,11.2820,2948,7842,11201.34,3196.73,3018.89,0.285388,0.269512,716.76,0.1903,NULL,NULL,NULL,NULL,NULL,NULL,NULL,NULL,NULL,NULL,NULL,NULL,NULL,NULL,NULL
54037,2023,WV,Jefferson,1,Metro,Metro - Counties in metro areas of 1 million population or more,14,0,0,22.0925,1,4.1441,6337,12696,10219.09,2256.24,2433.15,0.220787,0.238098,639.89,0.1821,NULL,NULL,NULL,NULL,NULL,NULL,NULL,NULL,NULL,NULL,NULL,NULL,NULL,NULL,NULL
54039,2023,WV,Kanawha,3,Metro,"Metro - Counties in metro areas of fewer than 250,000 population",97,2,0,55.9174,6,20.0582,17347,48867,11899.70,3438.68,2622.44,0.288972,0.220379,624.72,0.2034,NULL,NULL,NULL,NULL,NULL,NULL,NULL,NULL,NULL,NULL,NULL,NULL,NULL,NULL,NULL
54041,2023,WV,Lewis,9,Nonmetro,"Nonmetro - Urban population of fewer than 5,000, not adjacent to a metro area",9,0,0,54.1516,0,15.7884,1662,4437,10908.24,2780.86,3609.88,0.254932,0.330931,768.95,0.1907,NULL,NULL,NULL,NULL,NULL,NULL,NULL,NULL,NULL,NULL,NULL,NULL,NULL,NULL,NULL
54043,2023,WV,Lincoln,8,Nonmetro,"Nonmetro - Urban population of fewer than 5,000, adjacent to a metro area",12,0,0,69.6864,1,32.3223,1722,5580,11421.60,3280.44,2630.23,0.287214,0.230286,653.31,0.2339,NULL,NULL,NULL,NULL,NULL,NULL,NULL,NULL,NULL,NULL,NULL,NULL,NULL,NULL,NULL
54045,2023,WV,Logan,6,Nonmetro,"Nonmetro - Urban population of 5,000 to 20,000, adjacent to a metro area",24,2,0,77.2947,6,43.4155,3105,9149,11302.75,3332.41,2317.87,0.294832,0.205071,818.36,0.2162,NULL,NULL,NULL,NULL,NULL,NULL,NULL,NULL,NULL,NULL,NULL,NULL,NULL,NULL,NULL
54047,2023,WV,McDowell,9,Nonmetro,"Nonmetro - Urban population of fewer than 5,000, not adjacent to a metro area",13,1,0,69.4074,2,39.8216,1873,5455,10846.73,3158.15,1740.38,0.291161,0.160452,762.95,0.2053,NULL,NULL,NULL,NULL,NULL,NULL,NULL,NULL,NULL,NULL,NULL,NULL,NULL,NULL,NULL
54049,2023,WV,Marion,4,Nonmetro,"Nonmetro - Urban population of 20,000 or more, adjacent to a metro area",24,1,0,43.3996,3,15.1814,5530,14184,12955.71,3527.78,3259.34,0.272295,0.251576,770.71,0.2061,NULL,NULL,NULL,NULL,NULL,NULL,NULL,NULL,NULL,NULL,NULL,NULL,NULL,NULL,NULL
54051,2023,WV,Marshall,3,Metro,"Metro - Counties in metro areas of fewer than 250,000 population",11,0,0,38.5154,1,11.2823,2856,8185,10134.98,2495.97,2963.70,0.246273,0.292423,707.98,0.1966,NULL,NULL,NULL,NULL,NULL,NULL,NULL,NULL,NULL,NULL,NULL,NULL,NULL,NULL,NULL
54053,2023,WV,Mason,6,Nonmetro,"Nonmetro - Urban population of 5,000 to 20,000, adjacent to a metro area",8,0,0,29.7287,2,15.2289,2691,7102,11389.72,3483.24,2782.98,0.305823,0.244341,756.60,0.1980,NULL,NULL,NULL,NULL,NULL,NULL,NULL,NULL,NULL,NULL,NULL,NULL,NULL,NULL,NULL
54055,2023,WV,Mercer,4,Nonmetro,"Nonmetro - Urban population of 20,000 or more, adjacent to a metro area",23,0,0,33.9985,1,12.4193,6765,16960,11207.70,3103.20,1922.49,0.276881,0.171533,723.43,0.2074,NULL,NULL,NULL,NULL,NULL,NULL,NULL,NULL,NULL,NULL,NULL,NULL,NULL,NULL,NULL
54057,2023,WV,Mineral,7,Nonmetro,"Nonmetro - Urban population of 5,000 to 20,000, not adjacent to a metro area",9,0,0,20.6233,2,7.1876,4364,7496,12132.20,2948.63,3698.06,0.243042,0.304814,771.77,0.1427,NULL,NULL,NULL,NULL,NULL,NULL,NULL,NULL,NULL,NULL,NULL,NULL,NULL,NULL,NULL
54059,2023,WV,Mingo,8,Nonmetro,"Nonmetro - Urban population of fewer than 5,000, adjacent to a metro area",7,0,0,32.6188,0,15.5039,2146,6791,11040.53,3512.32,2478.51,0.318130,0.224492,807.55,0.2315,NULL,NULL,NULL,NULL,NULL,NULL,NULL,NULL,NULL,NULL,NULL,NULL,NULL,NULL,NULL
54061,2023,WV,Monongalia,3,Metro,"Metro - Counties in metro areas of fewer than 250,000 population",42,0,0,68.9655,2,16.3616,6090,16355,12501.43,3200.53,3604.01,0.256013,0.288288,603.45,0.1811,NULL,NULL,NULL,NULL,NULL,NULL,NULL,NULL,NULL,NULL,NULL,NULL,NULL,NULL,NULL
54063,2023,WV,Monroe,8,Nonmetro,"Nonmetro - Urban population of fewer than 5,000, adjacent to a metro area",2,0,0,10.0705,0,1.9897,1986,3942,9090.35,2311.55,1785.22,0.254286,0.196386,593.66,0.1702,NULL,NULL,NULL,NULL,NULL,NULL,NULL,NULL,NULL,NULL,NULL,NULL,NULL,NULL,NULL
54065,2023,WV,Morgan,2,Metro,"Metro - Counties in metro areas of 250,000 to 1 million population",2,0,0,7.5729,0,1.6010,2641,5150,11054.82,2742.37,2353.97,0.248070,0.212936,630.06,0.1873,NULL,NULL,NULL,NULL,NULL,NULL,NULL,NULL,NULL,NULL,NULL,NULL,NULL,NULL,NULL
54067,2023,WV,Nicholas,8,Nonmetro,"Nonmetro - Urban population of fewer than 5,000, adjacent to a metro area",17,0,0,62.3396,5,33.3960,2727,7630,10199.33,2638.53,2715.18,0.258696,0.266212,744.41,0.1903,NULL,NULL,NULL,NULL,NULL,NULL,NULL,NULL,NULL,NULL,NULL,NULL,NULL,NULL,NULL
54069,2023,WV,Ohio,3,Metro,"Metro - Counties in metro areas of fewer than 250,000 population",19,0,0,44.2581,0,8.5505,4293,11179,11478.52,2820.11,3233.96,0.245686,0.281740,630.79,0.1988,NULL,NULL,NULL,NULL,NULL,NULL,NULL,NULL,NULL,NULL,NULL,NULL,NULL,NULL,NULL
54071,2023,WV,Pendleton,8,Nonmetro,"Nonmetro - Urban population of fewer than 5,000, adjacent to a metro area",2,0,0,17.0213,0,3.5895,1175,2331,11068.21,2980.08,2716.86,0.269247,0.245465,704.68,0.1992,NULL,NULL,NULL,NULL,NULL,NULL,NULL,NULL,NULL,NULL,NULL,NULL,NULL,NULL,NULL
54073,2023,WV,Pleasants,8,Nonmetro,"Nonmetro - Urban population of fewer than 5,000, adjacent to a metro area",2,0,0,21.9780,0,4.4033,910,1961,10485.78,3020.40,2627.30,0.288047,0.250558,624.18,0.1865,NULL,NULL,NULL,NULL,NULL,NULL,NULL,NULL,NULL,NULL,NULL,NULL,NULL,NULL,NULL
54075,2023,WV,Pocahontas,9,Nonmetro,"Nonmetro - Urban population of fewer than 5,000, not adjacent to a metro area",5,0,0,39.2157,2,21.0118,1275,2667,10892.98,2472.64,3414.48,0.226994,0.313457,812.55,0.2372,NULL,NULL,NULL,NULL,NULL,NULL,NULL,NULL,NULL,NULL,NULL,NULL,NULL,NULL,NULL
54077,2023,WV,Preston,3,Metro,"Metro - Counties in metro areas of fewer than 250,000 population",10,0,0,27.1297,0,6.5409,3686,8537,11424.96,2932.40,3732.27,0.256666,0.326677,634.56,0.1890,NULL,NULL,NULL,NULL,NULL,NULL,NULL,NULL,NULL,NULL,NULL,NULL,NULL,NULL,NULL
54079,2023,WV,Putnam,2,Metro,"Metro - Counties in metro areas of 250,000 to 1 million population",24,1,0,46.8019,4,17.7827,5128,13948,12073.76,2845.34,3031.20,0.235663,0.251057,629.49,0.1863,NULL,NULL,NULL,NULL,NULL,NULL,NULL,NULL,NULL,NULL,NULL,NULL,NULL,NULL,NULL
54081,2023,WV,Raleigh,3,Metro,"Metro - Counties in metro areas of fewer than 250,000 population",58,0,0,63.4573,3,20.0168,9140,20689,11861.82,3772.09,1793.38,0.318003,0.151189,640.15,0.2170,NULL,NULL,NULL,NULL,NULL,NULL,NULL,NULL,NULL,NULL,NULL,NULL,NULL,NULL,NULL
54083,2023,WV,Randolph,7,Nonmetro,"Nonmetro - Urban population of 5,000 to 20,000, not adjacent to a metro area",16,1,0,47.6190,2,17.7045,3360,7504,10567.10,2500.97,3476.99,0.236675,0.329039,799.11,0.1948,NULL,NULL,NULL,NULL,NULL,NULL,NULL,NULL,NULL,NULL,NULL,NULL,NULL,NULL,NULL
54085,2023,WV,Ritchie,8,Nonmetro,"Nonmetro - Urban population of fewer than 5,000, adjacent to a metro area",3,0,0,25.0000,1,12.5544,1200,2838,11269.55,3433.23,2519.07,0.304647,0.223529,630.00,0.2102,NULL,NULL,NULL,NULL,NULL,NULL,NULL,NULL,NULL,NULL,NULL,NULL,NULL,NULL,NULL
54087,2023,WV,Roane,8,Nonmetro,"Nonmetro - Urban population of fewer than 5,000, adjacent to a metro area",4,0,0,25.8565,0,9.2796,1547,4104,10190.84,2459.04,2983.89,0.241299,0.292801,690.37,0.1496,NULL,NULL,NULL,NULL,NULL,NULL,NULL,NULL,NULL,NULL,NULL,NULL,NULL,NULL,NULL
54089,2023,WV,Summers,8,Nonmetro,"Nonmetro - Urban population of fewer than 5,000, adjacent to a metro area",4,0,0,23.7389,1,11.6955,1685,3726,10038.90,2627.13,2055.99,0.261695,0.204802,579.23,0.1586,NULL,NULL,NULL,NULL,NULL,NULL,NULL,NULL,NULL,NULL,NULL,NULL,NULL,NULL,NULL
54091,2023,WV,Taylor,6,Nonmetro,"Nonmetro - Urban population of 5,000 to 20,000, adjacent to a metro area",5,0,0,27.9799,0,8.4639,1787,4163,11566.67,2814.39,3461.90,0.243319,0.299300,750.98,0.1802,NULL,NULL,NULL,NULL,NULL,NULL,NULL,NULL,NULL,NULL,NULL,NULL,NULL,NULL,NULL
54093,2023,WV,Tucker,9,Nonmetro,"Nonmetro - Urban population of fewer than 5,000, not adjacent to a metro area",5,0,0,49.7018,2,26.8010,1006,2269,10965.29,2784.19,3237.33,0.253909,0.295234,607.36,0.1437,NULL,NULL,NULL,NULL,NULL,NULL,NULL,NULL,NULL,NULL,NULL,NULL,NULL,NULL,NULL
54095,2023,WV,Tyler,9,Nonmetro,"Nonmetro - Urban population of fewer than 5,000, not adjacent to a metro area",4,0,0,40.9836,0,9.6602,976,2317,12667.52,3354.80,3071.76,0.264835,0.242491,884.22,0.2085,NULL,NULL,NULL,NULL,NULL,NULL,NULL,NULL,NULL,NULL,NULL,NULL,NULL,NULL,NULL
54097,2023,WV,Upshur,7,Nonmetro,"Nonmetro - Urban population of 5,000 to 20,000, not adjacent to a metro area",9,0,0,37.4532,1,12.9284,2403,6404,11432.19,2601.66,4207.62,0.227573,0.368050,832.29,0.1910,NULL,NULL,NULL,NULL,NULL,NULL,NULL,NULL,NULL,NULL,NULL,NULL,NULL,NULL,NULL
54099,2023,WV,Wayne,2,Metro,"Metro - Counties in metro areas of 250,000 to 1 million population",14,0,0,34.3811,2,15.0013,4072,10978,10808.99,2823.53,2998.06,0.261221,0.277367,608.30,0.1881,NULL,NULL,NULL,NULL,NULL,NULL,NULL,NULL,NULL,NULL,NULL,NULL,NULL,NULL,NULL
54101,2023,WV,Webster,9,Nonmetro,"Nonmetro - Urban population of fewer than 5,000, not adjacent to a metro area",9,0,0,98.9011,3,59.4274,910,2641,9812.75,2319.64,3389.89,0.236390,0.345458,886.81,0.1582,NULL,NULL,NULL,NULL,NULL,NULL,NULL,NULL,NULL,NULL,NULL,NULL,NULL,NULL,NULL
54103,2023,WV,Wetzel,7,Nonmetro,"Nonmetro - Urban population of 5,000 to 20,000, not adjacent to a metro area",9,0,0,54.7778,1,18.6604,1643,4254,11768.13,3261.02,3354.15,0.277106,0.285020,863.66,0.2140,NULL,NULL,NULL,NULL,NULL,NULL,NULL,NULL,NULL,NULL,NULL,NULL,NULL,NULL,NULL
54105,2023,WV,Wirt,3,Metro,"Metro - Counties in metro areas of fewer than 250,000 population",2,0,0,29.9401,0,9.0415,668,1681,10616.38,2918.04,2348.42,0.274862,0.221207,589.82,0.2189,NULL,NULL,NULL,NULL,NULL,NULL,NULL,NULL,NULL,NULL,NULL,NULL,NULL,NULL,NULL
54107,2023,WV,Wood,3,Metro,"Metro - Counties in metro areas of fewer than 250,000 population",28,1,0,25.2753,3,8.2743,11078,23409,12408.26,3621.44,2796.52,0.291857,0.225376,747.52,0.2092,NULL,NULL,NULL,NULL,NULL,NULL,NULL,NULL,NULL,NULL,NULL,NULL,NULL,NULL,NULL
54109,2023,WV,Wyoming,8,Nonmetro,"Nonmetro - Urban population of fewer than 5,000, adjacent to a metro area",12,0,0,55.7362,0,21.4603,2153,6088,11563.43,3636.86,1496.42,0.314514,0.129410,692.99,0.2464,NULL,NULL,NULL,NULL,NULL,NULL,NULL,NULL,NULL,NULL,NULL,NULL,NULL,NULL,NULL
55000,2023,WI,UNKNOWN,NULL,NULL,NULL,NULL,NULL,NULL,NULL,NULL,NULL,NULL,NULL,NULL,NULL,NULL,NULL,NULL,NULL,NULL,NULL,NULL,NULL,NULL,NULL,NULL,NULL,NULL,NULL,NULL,NULL,NULL,NULL,NULL,NULL
55001,2023,WI,Adams,8,Nonmetro,"Nonmetro - Urban population of fewer than 5,000, adjacent to a metro area",4,0,0,10.4987,1,4.0108,3810,7887,9447.08,2329.01,2576.64,0.246532,0.272745,613.39,0.1416,NULL,NULL,NULL,NULL,NULL,NULL,NULL,NULL,NULL,NULL,NULL,NULL,NULL,NULL,NULL
55003,2023,WI,Ashland,7,Nonmetro,"Nonmetro - Urban population of 5,000 to 20,000, not adjacent to a metro area",6,0,0,28.2087,1,8.3201,2127,4408,10512.82,2492.44,4589.28,0.237086,0.436541,852.84,0.1985,NULL,NULL,NULL,NULL,NULL,NULL,NULL,NULL,NULL,NULL,NULL,NULL,NULL,NULL,NULL
55005,2023,WI,Barron,6,Nonmetro,"Nonmetro - Urban population of 5,000 to 20,000, adjacent to a metro area",16,1,0,26.9043,1,4.7837,5947,13403,10900.11,2506.03,4133.24,0.229909,0.379193,704.56,0.1659,NULL,NULL,NULL,NULL,NULL,NULL,NULL,NULL,NULL,NULL,NULL,NULL,NULL,NULL,NULL
55007,2023,WI,Bayfield,8,Nonmetro,"Nonmetro - Urban population of fewer than 5,000, adjacent to a metro area",4,0,0,13.4318,0,0.6072,2978,5912,8388.08,1765.49,3808.24,0.210476,0.454006,572.20,0.1398,NULL,NULL,NULL,NULL,NULL,NULL,NULL,NULL,NULL,NULL,NULL,NULL,NULL,NULL,NULL
55009,2023,WI,Brown,2,Metro,"Metro - Counties in metro areas of 250,000 to 1 million population",68,0,0,47.8065,3,12.8997,14224,55036,10355.49,2247.60,3000.40,0.217044,0.289740,600.75,0.1660,NULL,NULL,NULL,NULL,NULL,NULL,NULL,NULL,NULL,NULL,NULL,NULL,NULL,NULL,NULL
55011,2023,WI,Buffalo,8,Nonmetro,"Nonmetro - Urban population of fewer than 5,000, adjacent to a metro area",3,0,0,14.2789,1,6.4542,2101,3679,10032.56,2029.75,3780.47,0.202316,0.376820,517.85,0.1149,NULL,NULL,NULL,NULL,NULL,NULL,NULL,NULL,NULL,NULL,NULL,NULL,NULL,NULL,NULL
55013,2023,WI,Burnett,8,Nonmetro,"Nonmetro - Urban population of fewer than 5,000, adjacent to a metro area",7,0,0,23.7691,0,2.3755,2945,6171,9279.99,1912.41,3611.68,0.206079,0.389190,513.41,0.1725,NULL,NULL,NULL,NULL,NULL,NULL,NULL,NULL,NULL,NULL,NULL,NULL,NULL,NULL,NULL
55015,2023,WI,Calumet,3,Metro,"Metro - Counties in metro areas of fewer than 250,000 population",4,0,0,17.1453,0,2.5201,2333,10190,10995.56,2175.81,3339.09,0.197881,0.303676,491.64,0.1470,NULL,NULL,NULL,NULL,NULL,NULL,NULL,NULL,NULL,NULL,NULL,NULL,NULL,NULL,NULL
55017,2023,WI,Chippewa,3,Metro,"Metro - Counties in metro areas of fewer than 250,000 population",16,0,0,20.6159,2,4.2722,7761,16151,10999.35,2754.82,3599.98,0.250453,0.327290,638.84,0.1796,NULL,NULL,NULL,NULL,NULL,NULL,NULL,NULL,NULL,NULL,NULL,NULL,NULL,NULL,NULL
55019,2023,WI,Clark,8,Nonmetro,"Nonmetro - Urban population of fewer than 5,000, adjacent to a metro area",8,0,0,28.6944,1,7.2352,2788,7727,11975.72,3162.19,3760.28,0.264050,0.313992,890.60,0.2202,NULL,NULL,NULL,NULL,NULL,NULL,NULL,NULL,NULL,NULL,NULL,NULL,NULL,NULL,NULL
55021,2023,WI,Columbia,2,Metro,"Metro - Counties in metro areas of 250,000 to 1 million population",18,0,0,24.9515,1,2.7177,7214,14630,8737.13,2203.30,2344.77,0.252177,0.268368,621.71,0.1473,NULL,NULL,NULL,NULL,NULL,NULL,NULL,NULL,NULL,NULL,NULL,NULL,NULL,NULL,NULL
55023,2023,WI,Crawford,6,Nonmetro,"Nonmetro - Urban population of 5,000 to 20,000, adjacent to a metro area",4,0,0,17.1527,0,2.4684,2332,4749,10478.11,2068.89,4616.42,0.197449,0.440578,732.42,0.1579,NULL,NULL,NULL,NULL,NULL,NULL,NULL,NULL,NULL,NULL,NULL,NULL,NULL,NULL,NULL
55025,2023,WI,Dane,2,Metro,"Metro - Counties in metro areas of 250,000 to 1 million population",156,4,0,29.6736,13,3.2073,52572,102356,8911.40,2253.39,2282.30,0.252866,0.256110,526.50,0.1673,NULL,NULL,NULL,NULL,NULL,NULL,NULL,NULL,NULL,NULL,NULL,NULL,NULL,NULL,NULL
55027,2023,WI,Dodge,4,Nonmetro,"Nonmetro - Urban population of 20,000 or more, adjacent to a metro area",23,0,0,26.0446,2,5.1095,8831,20794,9318.11,2095.79,2768.33,0.224916,0.297091,690.98,0.1530,NULL,NULL,NULL,NULL,NULL,NULL,NULL,NULL,NULL,NULL,NULL,NULL,NULL,NULL,NULL
55029,2023,WI,Door,6,Nonmetro,"Nonmetro - Urban population of 5,000 to 20,000, adjacent to a metro area",10,0,0,17.7054,0,1.7335,5648,11171,9368.48,1760.96,3344.91,0.187966,0.357039,500.18,0.1558,NULL,NULL,NULL,NULL,NULL,NULL,NULL,NULL,NULL,NULL,NULL,NULL,NULL,NULL,NULL
55031,2023,WI,Douglas,2,Metro,"Metro - Counties in metro areas of 250,000 to 1 million population",13,0,0,35.9017,3,15.9057,3621,11421,10069.43,2370.41,3724.00,0.235407,0.369832,703.95,0.1699,NULL,NULL,NULL,NULL,NULL,NULL,NULL,NULL,NULL,NULL,NULL,NULL,NULL,NULL,NULL
55033,2023,WI,Dunn,6,Nonmetro,"Nonmetro - Urban population of 5,000 to 20,000, adjacent to a metro area",6,0,0,11.6257,1,3.4930,5161,10279,11221.77,2657.23,4214.62,0.236792,0.375575,794.61,0.1701,NULL,NULL,NULL,NULL,NULL,NULL,NULL,NULL,NULL,NULL,NULL,NULL,NULL,NULL,NULL
55035,2023,WI,Eau Claire,3,Metro,"Metro - Counties in metro areas of fewer than 250,000 population",23,1,0,21.0526,4,5.5043,10925,22506,10917.76,2756.74,3589.53,0.252501,0.328779,727.96,0.1985,NULL,NULL,NULL,NULL,NULL,NULL,NULL,NULL,NULL,NULL,NULL,NULL,NULL,NULL,NULL
55037,2023,WI,Florence,9,Nonmetro,"Nonmetro - Urban population of fewer than 5,000, not adjacent to a metro area",2,0,0,26.5604,1,15.9559,753,1691,9462.70,2187.79,2972.63,0.231201,0.314142,540.50,0.1442,NULL,NULL,NULL,NULL,NULL,NULL,NULL,NULL,NULL,NULL,NULL,NULL,NULL,NULL,NULL
55039,2023,WI,Fond du Lac,3,Metro,"Metro - Counties in metro areas of fewer than 250,000 population",20,1,0,28.3407,1,7.8246,7057,24606,10392.48,2564.54,2763.45,0.246769,0.265909,603.94,0.1449,NULL,NULL,NULL,NULL,NULL,NULL,NULL,NULL,NULL,NULL,NULL,NULL,NULL,NULL,NULL
55041,2023,WI,Forest,9,Nonmetro,"Nonmetro - Urban population of fewer than 5,000, not adjacent to a metro area",2,0,0,15.9617,1,9.4000,1253,2923,10090.52,2557.92,2821.53,0.253497,0.279622,523.54,0.1866,NULL,NULL,NULL,NULL,NULL,NULL,NULL,NULL,NULL,NULL,NULL,NULL,NULL,NULL,NULL
55043,2023,WI,Grant,6,Nonmetro,"Nonmetro - Urban population of 5,000 to 20,000, adjacent to a metro area",15,0,0,29.0473,1,3.0298,5164,12010,9917.37,2103.84,3428.39,0.212137,0.345695,693.07,0.1345,NULL,NULL,NULL,NULL,NULL,NULL,NULL,NULL,NULL,NULL,NULL,NULL,NULL,NULL,NULL
55045,2023,WI,Green,2,Metro,"Metro - Counties in metro areas of 250,000 to 1 million population",11,0,0,20.7000,0,1.5696,5314,9280,8501.38,2155.83,2793.36,0.253586,0.328577,622.32,0.1533,NULL,NULL,NULL,NULL,NULL,NULL,NULL,NULL,NULL,NULL,NULL,NULL,NULL,NULL,NULL
55047,2023,WI,Green Lake,6,Nonmetro,"Nonmetro - Urban population of 5,000 to 20,000, adjacent to a metro area",3,0,0,16.8634,0,1.7500,1779,5673,9820.05,2413.65,3008.36,0.245788,0.306349,555.37,0.1223,NULL,NULL,NULL,NULL,NULL,NULL,NULL,NULL,NULL,NULL,NULL,NULL,NULL,NULL,NULL
55049,2023,WI,Iowa,2,Metro,"Metro - Counties in metro areas of 250,000 to 1 million population",6,0,0,18.4559,0,-0.9177,3251,6118,8790.57,2073.24,2861.15,0.235848,0.325479,598.89,0.1172,NULL,NULL,NULL,NULL,NULL,NULL,NULL,NULL,NULL,NULL,NULL,NULL,NULL,NULL,NULL
55051,2023,WI,Iron,9,Nonmetro,"Nonmetro - Urban population of fewer than 5,000, not adjacent to a metro area",1,0,0,10.7181,0,1.6106,933,2286,9940.42,2047.37,3709.00,0.205964,0.373123,579.85,0.1260,NULL,NULL,NULL,NULL,NULL,NULL,NULL,NULL,NULL,NULL,NULL,NULL,NULL,NULL,NULL
55053,2023,WI,Jackson,8,Nonmetro,"Nonmetro - Urban population of fewer than 5,000, adjacent to a metro area",5,0,0,21.7486,0,2.8235,2299,5112,11146.86,2042.57,4132.43,0.183242,0.370726,733.80,0.1306,NULL,NULL,NULL,NULL,NULL,NULL,NULL,NULL,NULL,NULL,NULL,NULL,NULL,NULL,NULL
55055,2023,WI,Jefferson,4,Nonmetro,"Nonmetro - Urban population of 20,000 or more, adjacent to a metro area",17,0,0,18.0793,0,1.6700,9403,19344,9488.61,2124.02,2645.15,0.223849,0.278771,614.17,0.1548,NULL,NULL,NULL,NULL,NULL,NULL,NULL,NULL,NULL,NULL,NULL,NULL,NULL,NULL,NULL
55057,2023,WI,Juneau,8,Nonmetro,"Nonmetro - Urban population of fewer than 5,000, adjacent to a metro area",9,0,0,23.4375,0,3.6399,3840,7271,9280.48,2118.21,3394.64,0.228244,0.365783,616.41,0.1560,NULL,NULL,NULL,NULL,NULL,NULL,NULL,NULL,NULL,NULL,NULL,NULL,NULL,NULL,NULL
55059,2023,WI,Kenosha,3,Metro,"Metro - Counties in metro areas of fewer than 250,000 population",40,0,0,28.7584,2,6.5725,13909,33759,11296.14,2573.85,3122.43,0.227852,0.276416,633.12,0.1778,NULL,NULL,NULL,NULL,NULL,NULL,NULL,NULL,NULL,NULL,NULL,NULL,NULL,NULL,NULL
55061,2023,WI,Kewaunee,2,Metro,"Metro - Counties in metro areas of 250,000 to 1 million population",7,0,0,45.3956,0,9.4797,1542,5304,12483.27,2376.06,5180.30,0.190340,0.414979,502.59,0.1381,NULL,NULL,NULL,NULL,NULL,NULL,NULL,NULL,NULL,NULL,NULL,NULL,NULL,NULL,NULL
55063,2023,WI,La Crosse,3,Metro,"Metro - Counties in metro areas of fewer than 250,000 population",46,1,0,41.2186,4,7.6669,11160,26340,9679.81,2089.35,4078.29,0.215846,0.421319,699.01,0.1588,NULL,NULL,NULL,NULL,NULL,NULL,NULL,NULL,NULL,NULL,NULL,NULL,NULL,NULL,NULL
55065,2023,WI,Lafayette,8,Nonmetro,"Nonmetro - Urban population of fewer than 5,000, adjacent to a metro area",3,0,0,15.7068,0,0.2668,1910,3966,9647.93,2282.91,3579.71,0.236622,0.371034,615.71,0.1333,NULL,NULL,NULL,NULL,NULL,NULL,NULL,NULL,NULL,NULL,NULL,NULL,NULL,NULL,NULL
55067,2023,WI,Langlade,6,Nonmetro,"Nonmetro - Urban population of 5,000 to 20,000, adjacent to a metro area",4,1,0,18.5874,1,7.9792,2152,6267,9582.09,2072.38,3180.65,0.216276,0.331937,547.40,0.1257,NULL,NULL,NULL,NULL,NULL,NULL,NULL,NULL,NULL,NULL,NULL,NULL,NULL,NULL,NULL
55069,2023,WI,Lincoln,6,Nonmetro,"Nonmetro - Urban population of 5,000 to 20,000, adjacent to a metro area",12,1,0,38.9990,1,10.1579,3077,8502,10365.49,2336.28,2996.50,0.225390,0.289084,619.43,0.1760,NULL,NULL,NULL,NULL,NULL,NULL,NULL,NULL,NULL,NULL,NULL,NULL,NULL,NULL,NULL
55071,2023,WI,Manitowoc,4,Nonmetro,"Nonmetro - Urban population of 20,000 or more, adjacent to a metro area",22,0,0,28.7770,3,8.2053,7645,22178,9718.76,2370.32,2835.90,0.243891,0.291796,563.90,0.1601,NULL,NULL,NULL,NULL,NULL,NULL,NULL,NULL,NULL,NULL,NULL,NULL,NULL,NULL,NULL
55073,2023,WI,Marathon,3,Metro,"Metro - Counties in metro areas of fewer than 250,000 population",33,0,0,33.2259,2,8.4635,9932,31325,9940.59,2598.37,2822.47,0.261390,0.283934,605.62,0.1660,NULL,NULL,NULL,NULL,NULL,NULL,NULL,NULL,NULL,NULL,NULL,NULL,NULL,NULL,NULL
55075,2023,WI,Marinette,6,Nonmetro,"Nonmetro - Urban population of 5,000 to 20,000, adjacent to a metro area",20,0,0,44.0044,2,14.7694,4545,13389,9553.51,2398.67,2556.58,0.251077,0.267606,551.38,0.1934,NULL,NULL,NULL,NULL,NULL,NULL,NULL,NULL,NULL,NULL,NULL,NULL,NULL,NULL,NULL
55077,2023,WI,Marquette,8,Nonmetro,"Nonmetro - Urban population of fewer than 5,000, adjacent to a metro area",3,0,0,13.9470,0,2.2829,2151,5096,8953.24,2389.08,2482.50,0.266840,0.277274,575.08,0.1572,NULL,NULL,NULL,NULL,NULL,NULL,NULL,NULL,NULL,NULL,NULL,NULL,NULL,NULL,NULL
55078,2023,WI,Menominee,9,Nonmetro,"Nonmetro - Urban population of fewer than 5,000, not adjacent to a metro area",1,0,0,26.3852,0,8.3347,379,976,12162.92,3970.11,3449.87,0.326411,0.283638,875.99,NULL,NULL,NULL,NULL,NULL,NULL,NULL,NULL,NULL,NULL,NULL,NULL,NULL,NULL,NULL,NULL
55079,2023,WI,Milwaukee,1,Metro,Metro - Counties in metro areas of 1 million population or more,319,10,0,69.1209,30,24.9158,46151,168053,12700.95,3386.86,2703.92,0.266662,0.212891,771.53,0.1990,NULL,NULL,NULL,NULL,NULL,NULL,NULL,NULL,NULL,NULL,NULL,NULL,NULL,NULL,NULL
55081,2023,WI,Monroe,4,Nonmetro,"Nonmetro - Urban population of 20,000 or more, adjacent to a metro area",13,0,0,23.8226,2,5.0128,5457,10407,9376.18,1904.96,3665.92,0.203170,0.390982,728.42,0.1525,NULL,NULL,NULL,NULL,NULL,NULL,NULL,NULL,NULL,NULL,NULL,NULL,NULL,NULL,NULL
55083,2023,WI,Oconto,2,Metro,"Metro - Counties in metro areas of 250,000 to 1 million population",9,0,0,35.5591,1,12.3370,2531,10970,9064.97,2022.85,2524.52,0.223150,0.278492,540.10,0.1302,NULL,NULL,NULL,NULL,NULL,NULL,NULL,NULL,NULL,NULL,NULL,NULL,NULL,NULL,NULL
55085,2023,WI,Oneida,7,Nonmetro,"Nonmetro - Urban population of 5,000 to 20,000, not adjacent to a metro area",23,0,0,38.3397,3,10.4613,5999,13387,9889.00,2179.88,2937.21,0.220435,0.297018,654.11,0.1264,NULL,NULL,NULL,NULL,NULL,NULL,NULL,NULL,NULL,NULL,NULL,NULL,NULL,NULL,NULL
55087,2023,WI,Outagamie,3,Metro,"Metro - Counties in metro areas of fewer than 250,000 population",59,0,0,64.0678,5,14.8516,9209,39492,10019.39,2322.08,2619.63,0.231759,0.261456,500.38,0.1405,NULL,NULL,NULL,NULL,NULL,NULL,NULL,NULL,NULL,NULL,NULL,NULL,NULL,NULL,NULL
55089,2023,WI,Ozaukee,1,Metro,Metro - Counties in metro areas of 1 million population or more,36,1,0,38.5935,6,9.4786,9328,23821,12089.53,2821.89,3205.16,0.233416,0.265119,626.29,0.1774,NULL,NULL,NULL,NULL,NULL,NULL,NULL,NULL,NULL,NULL,NULL,NULL,NULL,NULL,NULL
55091,2023,WI,Pepin,8,Nonmetro,"Nonmetro - Urban population of fewer than 5,000, adjacent to a metro area",2,0,0,15.0376,0,2.9749,1330,2331,12207.36,2922.93,4593.65,0.239440,0.376302,749.62,0.2481,NULL,NULL,NULL,NULL,NULL,NULL,NULL,NULL,NULL,NULL,NULL,NULL,NULL,NULL,NULL
55093,2023,WI,Pierce,1,Metro,Metro - Counties in metro areas of 1 million population or more,9,0,0,24.9100,0,1.2258,3613,8907,10600.30,2334.71,3159.47,0.220249,0.298055,626.07,0.1583,NULL,NULL,NULL,NULL,NULL,NULL,NULL,NULL,NULL,NULL,NULL,NULL,NULL,NULL,NULL
55095,2023,WI,Polk,8,Nonmetro,"Nonmetro - Urban population of fewer than 5,000, adjacent to a metro area",18,1,0,34.8162,3,8.7020,5170,12674,10378.03,2301.84,3565.10,0.221799,0.343524,606.77,0.1486,NULL,NULL,NULL,NULL,NULL,NULL,NULL,NULL,NULL,NULL,NULL,NULL,NULL,NULL,NULL
55097,2023,WI,Portage,4,Nonmetro,"Nonmetro - Urban population of 20,000 or more, adjacent to a metro area",19,0,0,29.0742,2,6.5963,6535,16205,9890.47,2049.13,2874.05,0.207182,0.290588,655.09,0.1529,NULL,NULL,NULL,NULL,NULL,NULL,NULL,NULL,NULL,NULL,NULL,NULL,NULL,NULL,NULL
55099,2023,WI,Price,9,Nonmetro,"Nonmetro - Urban population of fewer than 5,000, not adjacent to a metro area",6,0,0,27.3100,0,4.3917,2197,4980,8932.73,2114.44,2855.52,0.236707,0.319669,639.96,0.1506,NULL,NULL,NULL,NULL,NULL,NULL,NULL,NULL,NULL,NULL,NULL,NULL,NULL,NULL,NULL
55101,2023,WI,Racine,3,Metro,"Metro - Counties in metro areas of fewer than 250,000 population",41,0,0,26.6355,4,7.9382,15393,45691,12100.67,2841.19,3121.97,0.234796,0.258000,689.01,0.1792,NULL,NULL,NULL,NULL,NULL,NULL,NULL,NULL,NULL,NULL,NULL,NULL,NULL,NULL,NULL
55103,2023,WI,Richland,8,Nonmetro,"Nonmetro - Urban population of fewer than 5,000, adjacent to a metro area",7,0,0,23.2868,2,8.6283,3006,4840,10503.20,2110.78,4528.82,0.200965,0.431185,644.38,0.1375,NULL,NULL,NULL,NULL,NULL,NULL,NULL,NULL,NULL,NULL,NULL,NULL,NULL,NULL,NULL
55105,2023,WI,Rock,3,Metro,"Metro - Counties in metro areas of fewer than 250,000 population",38,1,0,23.2245,2,3.9474,16362,37395,10656.59,2690.63,3403.83,0.252485,0.319411,690.07,0.1784,NULL,NULL,NULL,NULL,NULL,NULL,NULL,NULL,NULL,NULL,NULL,NULL,NULL,NULL,NULL
55107,2023,WI,Rusk,8,Nonmetro,"Nonmetro - Urban population of fewer than 5,000, adjacent to a metro area",6,0,0,31.4136,0,5.4508,1910,4505,10015.25,2526.82,3489.84,0.252297,0.348453,687.43,0.1644,NULL,NULL,NULL,NULL,NULL,NULL,NULL,NULL,NULL,NULL,NULL,NULL,NULL,NULL,NULL
55109,2023,WI,St. Croix,1,Metro,Metro - Counties in metro areas of 1 million population or more,13,0,0,16.5795,0,0.3720,7841,18552,10668.86,2434.61,3385.73,0.228198,0.317347,530.67,0.1412,NULL,NULL,NULL,NULL,NULL,NULL,NULL,NULL,NULL,NULL,NULL,NULL,NULL,NULL,NULL
55111,2023,WI,Sauk,4,Nonmetro,"Nonmetro - Urban population of 20,000 or more, adjacent to a metro area",26,2,0,31.1863,2,2.2915,8337,16061,8669.92,2061.40,2616.23,0.237765,0.301759,603.69,0.1298,NULL,NULL,NULL,NULL,NULL,NULL,NULL,NULL,NULL,NULL,NULL,NULL,NULL,NULL,NULL
55113,2023,WI,Sawyer,9,Nonmetro,"Nonmetro - Urban population of fewer than 5,000, not adjacent to a metro area",7,0,0,23.6008,1,5.9693,2966,6299,10057.71,2404.22,4101.03,0.239042,0.407750,710.05,0.1445,NULL,NULL,NULL,NULL,NULL,NULL,NULL,NULL,NULL,NULL,NULL,NULL,NULL,NULL,NULL
55115,2023,WI,Shawano,6,Nonmetro,"Nonmetro - Urban population of 5,000 to 20,000, adjacent to a metro area",10,0,0,34.9040,4,18.6129,2865,10987,9450.26,2059.49,2909.36,0.217929,0.307860,632.46,0.1435,NULL,NULL,NULL,NULL,NULL,NULL,NULL,NULL,NULL,NULL,NULL,NULL,NULL,NULL,NULL
55117,2023,WI,Sheboygan,3,Metro,"Metro - Counties in metro areas of fewer than 250,000 population",30,0,0,29.2398,1,4.2031,10260,28651,10062.44,2583.76,2541.47,0.256773,0.252570,556.73,0.1677,NULL,NULL,NULL,NULL,NULL,NULL,NULL,NULL,NULL,NULL,NULL,NULL,NULL,NULL,NULL
55119,2023,WI,Taylor,8,Nonmetro,"Nonmetro - Urban population of fewer than 5,000, adjacent to a metro area",5,0,0,27.9174,0,5.0655,1791,4914,9484.35,2245.96,3609.04,0.236807,0.380526,566.16,0.1713,NULL,NULL,NULL,NULL,NULL,NULL,NULL,NULL,NULL,NULL,NULL,NULL,NULL,NULL,NULL
55121,2023,WI,Trempealeau,8,Nonmetro,"Nonmetro - Urban population of fewer than 5,000, adjacent to a metro area",9,0,0,28.6078,1,6.5571,3146,7011,10535.63,2517.88,3761.13,0.238987,0.356991,650.03,0.1311,NULL,NULL,NULL,NULL,NULL,NULL,NULL,NULL,NULL,NULL,NULL,NULL,NULL,NULL,NULL
55123,2023,WI,Vernon,3,Metro,"Metro - Counties in metro areas of fewer than 250,000 population",8,0,0,27.7778,1,6.3842,2880,7847,10520.44,2213.11,4262.71,0.210363,0.405184,760.42,0.1659,NULL,NULL,NULL,NULL,NULL,NULL,NULL,NULL,NULL,NULL,NULL,NULL,NULL,NULL,NULL
55125,2023,WI,Vilas,9,Nonmetro,"Nonmetro - Urban population of fewer than 5,000, not adjacent to a metro area",3,0,0,6.0120,0,0.5978,4990,9521,9714.62,2174.73,2823.24,0.223862,0.290618,706.61,0.1540,NULL,NULL,NULL,NULL,NULL,NULL,NULL,NULL,NULL,NULL,NULL,NULL,NULL,NULL,NULL
55127,2023,WI,Walworth,4,Nonmetro,"Nonmetro - Urban population of 20,000 or more, adjacent to a metro area",23,1,0,19.4027,1,3.4143,11854,24791,10554.69,2327.61,3617.94,0.220529,0.342780,620.72,0.1816,NULL,NULL,NULL,NULL,NULL,NULL,NULL,NULL,NULL,NULL,NULL,NULL,NULL,NULL,NULL
55129,2023,WI,Washburn,8,Nonmetro,"Nonmetro - Urban population of fewer than 5,000, adjacent to a metro area",6,0,0,21.2014,0,1.7398,2830,6182,9599.67,2098.47,3860.32,0.218598,0.402130,640.99,0.1439,NULL,NULL,NULL,NULL,NULL,NULL,NULL,NULL,NULL,NULL,NULL,NULL,NULL,NULL,NULL
55131,2023,WI,Washington,1,Metro,Metro - Counties in metro areas of 1 million population or more,33,0,0,29.7351,0,5.6809,11098,33072,11472.40,2908.16,3327.40,0.253492,0.290035,553.07,0.1778,NULL,NULL,NULL,NULL,NULL,NULL,NULL,NULL,NULL,NULL,NULL,NULL,NULL,NULL,NULL
55133,2023,WI,Waukesha,1,Metro,Metro - Counties in metro areas of 1 million population or more,143,1,0,39.4842,5,6.4683,36217,101379,11353.46,2546.52,3015.77,0.224295,0.265626,626.58,0.1762,NULL,NULL,NULL,NULL,NULL,NULL,NULL,NULL,NULL,NULL,NULL,NULL,NULL,NULL,NULL
55135,2023,WI,Waupaca,6,Nonmetro,"Nonmetro - Urban population of 5,000 to 20,000, adjacent to a metro area",19,0,0,47.4763,1,12.0572,4002,14638,9662.30,2126.70,2832.87,0.220103,0.293188,564.47,0.1448,NULL,NULL,NULL,NULL,NULL,NULL,NULL,NULL,NULL,NULL,NULL,NULL,NULL,NULL,NULL
55137,2023,WI,Waushara,8,Nonmetro,"Nonmetro - Urban population of fewer than 5,000, adjacent to a metro area",5,0,0,22.6655,0,4.6280,2206,7741,9034.85,2219.98,2590.87,0.245713,0.286764,552.58,0.1903,NULL,NULL,NULL,NULL,NULL,NULL,NULL,NULL,NULL,NULL,NULL,NULL,NULL,NULL,NULL
55139,2023,WI,Winnebago,3,Metro,"Metro - Counties in metro areas of fewer than 250,000 population",47,1,0,48.8870,3,11.4657,9614,37716,10762.15,2432.78,2842.86,0.226050,0.264154,607.34,0.1572,NULL,NULL,NULL,NULL,NULL,NULL,NULL,NULL,NULL,NULL,NULL,NULL,NULL,NULL,NULL
55141,2023,WI,Wood,4,Nonmetro,"Nonmetro - Urban population of 20,000 or more, adjacent to a metro area",20,0,0,31.8269,0,6.1034,6284,20251,9763.39,2714.60,2684.51,0.278039,0.274957,719.76,0.1818,NULL,NULL,NULL,NULL,NULL,NULL,NULL,NULL,NULL,NULL,NULL,NULL,NULL,NULL,NULL
56000,2023,WY,UNKNOWN,NULL,NULL,NULL,NULL,NULL,NULL,NULL,NULL,NULL,NULL,NULL,NULL,NULL,NULL,NULL,NULL,NULL,NULL,NULL,NULL,NULL,NULL,NULL,NULL,NULL,NULL,NULL,NULL,NULL,NULL,NULL,NULL,NULL
56001,2023,WY,Albany,4,Nonmetro,"Nonmetro - Urban population of 20,000 or more, adjacent to a metro area",9,0,0,19.9734,0,-0.4811,4506,6169,10740.45,2111.12,2699.33,0.196558,0.251324,522.41,0.1426,NULL,NULL,NULL,NULL,NULL,NULL,NULL,NULL,NULL,NULL,NULL,NULL,NULL,NULL,NULL
56003,2023,WY,Big Horn,9,Nonmetro,"Nonmetro - Urban population of fewer than 5,000, not adjacent to a metro area",5,0,0,18.8466,0,-0.2812,2653,3116,11847.88,2412.29,4455.68,0.203605,0.376074,684.13,0.1618,NULL,NULL,NULL,NULL,NULL,NULL,NULL,NULL,NULL,NULL,NULL,NULL,NULL,NULL,NULL
56005,2023,WY,Campbell,5,Nonmetro,"Nonmetro - Urban population of 20,000 or more, not adjacent to a metro area",9,1,0,15.0956,1,-0.1483,5962,7586,9284.18,2097.92,2958.70,0.225967,0.318682,615.23,0.1305,NULL,NULL,NULL,NULL,NULL,NULL,NULL,NULL,NULL,NULL,NULL,NULL,NULL,NULL,NULL
56007,2023,WY,Carbon,7,Nonmetro,"Nonmetro - Urban population of 5,000 to 20,000, not adjacent to a metro area",7,0,0,30.2506,1,6.4882,2314,3213,8648.00,1987.91,2556.33,0.229869,0.295598,464.56,0.1594,NULL,NULL,NULL,NULL,NULL,NULL,NULL,NULL,NULL,NULL,NULL,NULL,NULL,NULL,NULL
56009,2023,WY,Converse,6,Nonmetro,"Nonmetro - Urban population of 5,000 to 20,000, adjacent to a metro area",4,0,0,15.4739,0,-1.0141,2585,3126,11130.36,2122.56,3601.07,0.190700,0.323536,557.45,0.1340,NULL,NULL,NULL,NULL,NULL,NULL,NULL,NULL,NULL,NULL,NULL,NULL,NULL,NULL,NULL
56011,2023,WY,Crook,9,Nonmetro,"Nonmetro - Urban population of fewer than 5,000, not adjacent to a metro area",3,0,0,19.8151,1,5.9455,1514,1992,8923.09,2095.13,2967.03,0.234799,0.332511,451.78,0.1312,NULL,NULL,NULL,NULL,NULL,NULL,NULL,NULL,NULL,NULL,NULL,NULL,NULL,NULL,NULL
56013,2023,WY,Fremont,7,Nonmetro,"Nonmetro - Urban population of 5,000 to 20,000, not adjacent to a metro area",12,0,0,16.3354,0,0.2819,7346,9657,9015.40,2279.71,1456.88,0.252868,0.161599,520.42,0.1409,NULL,NULL,NULL,NULL,NULL,NULL,NULL,NULL,NULL,NULL,NULL,NULL,NULL,NULL,NULL
56015,2023,WY,Goshen,7,Nonmetro,"Nonmetro - Urban population of 5,000 to 20,000, not adjacent to a metro area",4,0,0,15.3433,1,5.2150,2607,3560,9820.36,2202.24,3063.49,0.224252,0.311953,589.95,0.1419,NULL,NULL,NULL,NULL,NULL,NULL,NULL,NULL,NULL,NULL,NULL,NULL,NULL,NULL,NULL
56017,2023,WY,Hot Springs,9,Nonmetro,"Nonmetro - Urban population of fewer than 5,000, not adjacent to a metro area",3,0,0,23.9234,0,2.0096,1254,1592,11308.52,1818.02,5043.74,0.160766,0.446012,686.60,0.1786,NULL,NULL,NULL,NULL,NULL,NULL,NULL,NULL,NULL,NULL,NULL,NULL,NULL,NULL,NULL
56019,2023,WY,Johnson,9,Nonmetro,"Nonmetro - Urban population of fewer than 5,000, not adjacent to a metro area",4,0,0,19.9501,0,0.7008,2005,2665,8157.50,1616.24,3258.99,0.198129,0.399508,496.26,0.0980,NULL,NULL,NULL,NULL,NULL,NULL,NULL,NULL,NULL,NULL,NULL,NULL,NULL,NULL,NULL
56021,2023,WY,Laramie,3,Metro,"Metro - Counties in metro areas of fewer than 250,000 population",29,2,0,18.6567,4,4.0343,15544,21839,10462.08,2544.36,2080.33,0.243198,0.198845,549.79,0.1593,NULL,NULL,NULL,NULL,NULL,NULL,NULL,NULL,NULL,NULL,NULL,NULL,NULL,NULL,NULL
56023,2023,WY,Lincoln,9,Nonmetro,"Nonmetro - Urban population of fewer than 5,000, not adjacent to a metro area",14,0,0,40.0687,0,0.0573,3494,4687,10954.08,2193.88,4316.17,0.200280,0.394024,462.79,0.1512,NULL,NULL,NULL,NULL,NULL,NULL,NULL,NULL,NULL,NULL,NULL,NULL,NULL,NULL,NULL
56025,2023,WY,Natrona,3,Metro,"Metro - Counties in metro areas of fewer than 250,000 population",26,0,0,20.2682,1,0.6619,12828,16932,10435.33,2379.22,1597.01,0.227997,0.153039,511.93,0.1685,NULL,NULL,NULL,NULL,NULL,NULL,NULL,NULL,NULL,NULL,NULL,NULL,NULL,NULL,NULL
56027,2023,WY,Niobrara,9,Nonmetro,"Nonmetro - Urban population of fewer than 5,000, not adjacent to a metro area",3,0,0,59.0551,1,24.0901,508,680,13645.99,2742.26,3936.25,0.200957,0.288455,675.20,NULL,NULL,NULL,NULL,NULL,NULL,NULL,NULL,NULL,NULL,NULL,NULL,NULL,NULL,NULL,NULL
56029,2023,WY,Park,7,Nonmetro,"Nonmetro - Urban population of 5,000 to 20,000, not adjacent to a metro area",12,0,0,15.8270,1,0.6210,7582,8939,9757.90,1823.54,4357.77,0.186878,0.446589,582.96,0.1366,NULL,NULL,NULL,NULL,NULL,NULL,NULL,NULL,NULL,NULL,NULL,NULL,NULL,NULL,NULL
56031,2023,WY,Platte,8,Nonmetro,"Nonmetro - Urban population of fewer than 5,000, adjacent to a metro area",7,0,0,35.3714,0,3.8114,1979,2697,10990.23,2258.36,3405.13,0.205488,0.309832,626.58,0.1293,NULL,NULL,NULL,NULL,NULL,NULL,NULL,NULL,NULL,NULL,NULL,NULL,NULL,NULL,NULL
56033,2023,WY,Sheridan,7,Nonmetro,"Nonmetro - Urban population of 5,000 to 20,000, not adjacent to a metro area",8,1,0,11.1545,1,0.2714,7172,8829,7494.69,1798.71,2391.63,0.239998,0.319110,484.10,0.1251,NULL,NULL,NULL,NULL,NULL,NULL,NULL,NULL,NULL,NULL,NULL,NULL,NULL,NULL,NULL
56035,2023,WY,Sublette,9,Nonmetro,"Nonmetro - Urban population of fewer than 5,000, not adjacent to a metro area",2,0,0,11.2994,0,-2.1415,1770,2061,8915.76,2384.48,2411.10,0.267446,0.270431,265.54,0.1269,NULL,NULL,NULL,NULL,NULL,NULL,NULL,NULL,NULL,NULL,NULL,NULL,NULL,NULL,NULL
56037,2023,WY,Sweetwater,5,Nonmetro,"Nonmetro - Urban population of 20,000 or more, not adjacent to a metro area",12,0,0,19.2493,0,-1.4904,6234,7606,8481.66,2049.06,2052.31,0.241587,0.241970,515.24,0.1266,NULL,NULL,NULL,NULL,NULL,NULL,NULL,NULL,NULL,NULL,NULL,NULL,NULL,NULL,NULL
56039,2023,WY,Teton,7,Nonmetro,"Nonmetro - Urban population of 5,000 to 20,000, not adjacent to a metro area",8,0,0,22.8050,1,0.5404,3508,4321,8407.15,1766.34,2695.69,0.210100,0.320643,393.10,0.1412,NULL,NULL,NULL,NULL,NULL,NULL,NULL,NULL,NULL,NULL,NULL,NULL,NULL,NULL,NULL
56041,2023,WY,Uinta,7,Nonmetro,"Nonmetro - Urban population of 5,000 to 20,000, not adjacent to a metro area",12,1,0,44.0044,1,6.0864,2727,4347,9799.05,1966.79,2606.50,0.200712,0.265995,517.05,0.1465,NULL,NULL,NULL,NULL,NULL,NULL,NULL,NULL,NULL,NULL,NULL,NULL,NULL,NULL,NULL
56043,2023,WY,Washakie,9,Nonmetro,"Nonmetro - Urban population of fewer than 5,000, not adjacent to a metro area",5,0,0,30.2847,0,2.4140,1651,2209,11039.24,2186.30,4041.17,0.198048,0.366073,677.17,0.1345,NULL,NULL,NULL,NULL,NULL,NULL,NULL,NULL,NULL,NULL,NULL,NULL,NULL,NULL,NULL
56045,2023,WY,Weston,9,Nonmetro,"Nonmetro - Urban population of fewer than 5,000, not adjacent to a metro area",6,0,0,41.3508,1,6.5076,1451,1915,9740.89,2146.95,3691.22,0.220406,0.378941,506.55,0.1350,NULL,NULL,NULL,NULL,NULL,NULL,NULL,NULL,NULL,NULL,NULL,NULL,NULL,NULL,NULL
78000,2023,VI,UNKNOWN,NULL,NULL,NULL,NULL,NULL,NULL,NULL,NULL,NULL,NULL,NULL,NULL,NULL,NULL,NULL,NULL,NULL,NULL,NULL,NULL,NULL,NULL,NULL,NULL,NULL,NULL,NULL,NULL,NULL,NULL,NULL,NULL,NULL
78010,2023,VI,St. Croix,5,Nonmetro,"Nonmetro - Urban population of 20,000 or more, not adjacent to a metro area",15,2,0,23.9540,3,10.0393,6262,10428,6381.76,2266.73,745.14,0.355189,0.116761,475.09,0.1831,NULL,NULL,NULL,NULL,NULL,NULL,NULL,NULL,NULL,NULL,NULL,NULL,NULL,NULL,NULL
78020,2023,VI,St. John,9,Nonmetro,"Nonmetro - Urban population of fewer than 5,000, not adjacent to a metro area",1,0,0,14.8148,0,1.7258,675,979,6494.84,2153.55,1447.74,0.331579,0.222906,217.78,0.2658,NULL,NULL,NULL,NULL,NULL,NULL,NULL,NULL,NULL,NULL,NULL,NULL,NULL,NULL,NULL
78030,2023,VI,St. Thomas,5,Nonmetro,"Nonmetro - Urban population of 20,000 or more, not adjacent to a metro area",12,0,0,21.2352,0,7.0104,5651,10194,5369.62,1536.88,727.26,0.286218,0.135440,434.08,0.2655,NULL,NULL,NULL,NULL,NULL,NULL,NULL,NULL,NULL,NULL,NULL,NULL,NULL,NULL,NULL
